lemma,pos,cefr_level,word_type,definition_en,definition_th,source,form,form_type
a,det,A1,single,,,oxford3000,a,base
abandon,verb,B2,single,Cease to support or look after (someone); desert,,oxford3000,abandon,base
abandon,verb,B2,single,Cease to support or look after (someone); desert,,oxford3000,abandons,third_person
abandon,verb,B2,single,Cease to support or look after (someone); desert,,oxford3000,abandoned,past
abandon,verb,B2,single,Cease to support or look after (someone); desert,,oxford3000,abandoning,gerund
ability,noun,A2,single,Possession of the means or skill to do something,,oxford3000,ability,base
ability,noun,A2,single,Possession of the means or skill to do something,,oxford3000,abilities,plural
able,adj,A2,single,"Having the power, skill, means, or opportunity to do something",,oxford3000,able,base
able,adj,A2,single,"Having the power, skill, means, or opportunity to do something",,oxford3000,abler,comparative
able,adj,A2,single,"Having the power, skill, means, or opportunity to do something",,oxford3000,ablest,superlative
about,adv,A1,single,(of quantities) imprecise but fairly close to correct,,oxford3000,about,base
about,prep,A1,single,On the subject of; concerning,,oxford3000,about,base
above,adv,A1,single,at an earlier place,,oxford3000,above,base
above,prep,A1,single,At a higher level or layer,,oxford3000,above,base
abroad,adv,A2,single,In or to a foreign country or countries,,oxford3000,abroad,base
absolute,adj,B2,single,Not qualified or diminished in any way; total,,oxford3000,absolute,base
absolutely,adv,B1,single,"With no qualification, restriction, or limitation; totally",,oxford3000,absolutely,base
academic,adj,B1,single,Relating to education and scholarship,,oxford3000,academic,base
academic,noun,B2,single,an educator who works at a college or university,,oxford3000,academic,base
academic,noun,B2,single,an educator who works at a college or university,,oxford3000,academics,plural
accept,verb,A2,single,Consent to receive or undertake (something offered),,oxford3000,accept,base
accept,verb,A2,single,Consent to receive or undertake (something offered),,oxford3000,accepts,third_person
accept,verb,A2,single,Consent to receive or undertake (something offered),,oxford3000,accepted,past
accept,verb,A2,single,Consent to receive or undertake (something offered),,oxford3000,accepting,gerund
acceptable,adj,B2,single,Able to be agreed on; suitable,,oxford3000,acceptable,base
access,noun,B1,single,A means of approaching or entering a place,,oxford3000,access,base
access,noun,B1,single,A means of approaching or entering a place,,oxford3000,accesses,plural
access,verb,B1,single,obtain or retrieve from a storage device; as of information on a computer,,oxford3000,access,base
access,verb,B1,single,obtain or retrieve from a storage device; as of information on a computer,,oxford3000,accesses,third_person
access,verb,B1,single,obtain or retrieve from a storage device; as of information on a computer,,oxford3000,accessed,past
access,verb,B1,single,obtain or retrieve from a storage device; as of information on a computer,,oxford3000,accessing,gerund
accident,noun,A2,single,"An unfortunate incident that happens unexpectedly and unintentionally, typically resulting in damage or injury",,oxford3000,accident,base
accident,noun,A2,single,"An unfortunate incident that happens unexpectedly and unintentionally, typically resulting in damage or injury",,oxford3000,accidents,plural
accommodation,noun,B1,single,"A room, group of rooms, or building in which someone may live or stay",,oxford3000,accommodation,base
accommodation,noun,B1,single,"A room, group of rooms, or building in which someone may live or stay",,oxford3000,accommodations,plural
accompany,verb,B2,single,Go somewhere with (someone) as a companion or escort,,oxford3000,accompany,base
accompany,verb,B2,single,Go somewhere with (someone) as a companion or escort,,oxford3000,accompanies,third_person
accompany,verb,B2,single,Go somewhere with (someone) as a companion or escort,,oxford3000,accompanied,past
accompany,verb,B2,single,Go somewhere with (someone) as a companion or escort,,oxford3000,accompanying,gerund
according to,prep,A2,phrase,As stated by or in,,oxford3000,according to,base
account,noun,B1,single,A report or description of an event or experience,,oxford3000,account,base
account,noun,B1,single,A report or description of an event or experience,,oxford3000,accounts,plural
account,verb,B2,single,"be the sole or primary factor in the existence, acquisition, supply, or disposal of something",,oxford3000,account,base
account,verb,B2,single,"be the sole or primary factor in the existence, acquisition, supply, or disposal of something",,oxford3000,accounts,third_person
account,verb,B2,single,"be the sole or primary factor in the existence, acquisition, supply, or disposal of something",,oxford3000,accounted,past
account,verb,B2,single,"be the sole or primary factor in the existence, acquisition, supply, or disposal of something",,oxford3000,accounting,gerund
accurate,adj,B2,single,Correct in all details; exact,,oxford3000,accurate,base
accuse,verb,B2,single,Charge (someone) with an offense or crime,,oxford3000,accuse,base
accuse,verb,B2,single,Charge (someone) with an offense or crime,,oxford3000,accuses,third_person
accuse,verb,B2,single,Charge (someone) with an offense or crime,,oxford3000,accused,past
accuse,verb,B2,single,Charge (someone) with an offense or crime,,oxford3000,accusing,gerund
achieve,verb,A2,single,"Successfully reach (a desired objective or result) by effort, skill, or courage",,oxford3000,achieve,base
achieve,verb,A2,single,"Successfully reach (a desired objective or result) by effort, skill, or courage",,oxford3000,achieves,third_person
achieve,verb,A2,single,"Successfully reach (a desired objective or result) by effort, skill, or courage",,oxford3000,achieved,past
achieve,verb,A2,single,"Successfully reach (a desired objective or result) by effort, skill, or courage",,oxford3000,achieving,gerund
achievement,noun,B1,single,"A thing done successfully, typically by effort, courage, or skill",,oxford3000,achievement,base
achievement,noun,B1,single,"A thing done successfully, typically by effort, courage, or skill",,oxford3000,achievements,plural
acknowledge,verb,B2,single,Accept or admit the existence or truth of,,oxford3000,acknowledge,base
acknowledge,verb,B2,single,Accept or admit the existence or truth of,,oxford3000,acknowledges,third_person
acknowledge,verb,B2,single,Accept or admit the existence or truth of,,oxford3000,acknowledged,past
acknowledge,verb,B2,single,Accept or admit the existence or truth of,,oxford3000,acknowledging,gerund
acquire,verb,B2,single,Buy or obtain (an asset or object) for oneself,,oxford3000,acquire,base
acquire,verb,B2,single,Buy or obtain (an asset or object) for oneself,,oxford3000,acquires,third_person
acquire,verb,B2,single,Buy or obtain (an asset or object) for oneself,,oxford3000,acquired,past
acquire,verb,B2,single,Buy or obtain (an asset or object) for oneself,,oxford3000,acquiring,gerund
across,adv,A1,single,to the opposite side,,oxford3000,across,base
across,prep,A1,single,"From one side to the other of (a place, area, etc.)",,oxford3000,across,base
act,noun,B1,single,a legal document codifying the result of deliberations of a committee or society or legislative body,,oxford3000,act,base
act,verb,A2,single,Take action; do something,,oxford3000,act,base
act,verb,A2,single,Take action; do something,,oxford3000,acts,third_person
act,verb,A2,single,Take action; do something,,oxford3000,acted,past
act,verb,A2,single,Take action; do something,,oxford3000,acting,gerund
action,noun,A1,single,"The fact or process of doing something, typically to achieve an aim",,oxford3000,action,base
action,noun,A1,single,"The fact or process of doing something, typically to achieve an aim",,oxford3000,actions,plural
active,adj,A2,single,Engaging or ready to engage in physically energetic pursuits,,oxford3000,active,base
activity,noun,A1,single,The condition in which things are happening or being done,,oxford3000,activity,base
activity,noun,A1,single,The condition in which things are happening or being done,,oxford3000,activities,plural
actor,noun,A1,single,"A person whose profession is acting on the stage, in movies, or on television",,oxford3000,actor,base
actor,noun,A1,single,"A person whose profession is acting on the stage, in movies, or on television",,oxford3000,actors,plural
actress,noun,A1,single,A female actor,,oxford3000,actress,base
actress,noun,A1,single,A female actor,,oxford3000,actresses,plural
actual,adj,B2,single,Existing in fact; real,,oxford3000,actual,base
actually,adv,A2,single,As the truth or facts of a situation; really,,oxford3000,actually,base
ad,noun,B1,single,An advertisement,,oxford3000,ad,base
adapt,verb,B2,single,Make (something) suitable for a new use or purpose; modify,,oxford3000,adapt,base
adapt,verb,B2,single,Make (something) suitable for a new use or purpose; modify,,oxford3000,adapts,third_person
adapt,verb,B2,single,Make (something) suitable for a new use or purpose; modify,,oxford3000,adapted,past
adapt,verb,B2,single,Make (something) suitable for a new use or purpose; modify,,oxford3000,adapting,gerund
add,verb,A1,single,"Join (something) to something else so as to increase the size, number, or amount",,oxford3000,add,base
add,verb,A1,single,"Join (something) to something else so as to increase the size, number, or amount",,oxford3000,adds,third_person
add,verb,A1,single,"Join (something) to something else so as to increase the size, number, or amount",,oxford3000,added,past
add,verb,A1,single,"Join (something) to something else so as to increase the size, number, or amount",,oxford3000,adding,gerund
addition,noun,B1,single,The action or process of adding something to something else,,oxford3000,addition,base
addition,noun,B1,single,The action or process of adding something to something else,,oxford3000,additions,plural
additional,adj,B2,single,"Added, extra, or supplementary to what is already present or available",,oxford3000,additional,base
address,noun,A1,single,The particulars of the place where someone lives or an organization is situated,,oxford3000,address,base
address,noun,A1,single,The particulars of the place where someone lives or an organization is situated,,oxford3000,addresses,plural
address,verb,B2,single,speak to,,oxford3000,address,base
address,verb,B2,single,speak to,,oxford3000,addresses,third_person
address,verb,B2,single,speak to,,oxford3000,addressed,past
address,verb,B2,single,speak to,,oxford3000,addressing,gerund
administration,noun,B2,single,a method of tending to or managing the affairs of a some group of people (especially the group's business affairs),,oxford3000,administration,base
administration,noun,B2,single,a method of tending to or managing the affairs of a some group of people (especially the group's business affairs),,oxford3000,administrations,plural
admire,verb,B1,single,"Regard (an object, quality, or person) with respect or warm approval",,oxford3000,admire,base
admire,verb,B1,single,"Regard (an object, quality, or person) with respect or warm approval",,oxford3000,admires,third_person
admire,verb,B1,single,"Regard (an object, quality, or person) with respect or warm approval",,oxford3000,admired,past
admire,verb,B1,single,"Regard (an object, quality, or person) with respect or warm approval",,oxford3000,admiring,gerund
admit,verb,B1,single,"Confess to be true or to be the case, typically with reluctance",,oxford3000,admit,base
admit,verb,B1,single,"Confess to be true or to be the case, typically with reluctance",,oxford3000,admits,third_person
admit,verb,B1,single,"Confess to be true or to be the case, typically with reluctance",,oxford3000,admitted,past
admit,verb,B1,single,"Confess to be true or to be the case, typically with reluctance",,oxford3000,admitting,gerund
adopt,verb,B2,single,Legally take (another's child) and bring it up as one's own,,oxford3000,adopt,base
adopt,verb,B2,single,Legally take (another's child) and bring it up as one's own,,oxford3000,adopts,third_person
adopt,verb,B2,single,Legally take (another's child) and bring it up as one's own,,oxford3000,adopted,past
adopt,verb,B2,single,Legally take (another's child) and bring it up as one's own,,oxford3000,adopting,gerund
adult,adj,A2,single,(of animals) fully developed,,oxford3000,adult,base
adult,noun,A1,single,A person who is fully grown or developed,,oxford3000,adult,base
adult,noun,A1,single,A person who is fully grown or developed,,oxford3000,adults,plural
advance,adj,B2,single,being ahead of time or need,,oxford3000,advance,base
advance,noun,B2,single,a movement forward,,oxford3000,advance,base
advance,noun,B2,single,a movement forward,,oxford3000,advances,plural
advance,verb,B2,single,"Move forward, typically in a purposeful way",,oxford3000,advance,base
advance,verb,B2,single,"Move forward, typically in a purposeful way",,oxford3000,advances,third_person
advance,verb,B2,single,"Move forward, typically in a purposeful way",,oxford3000,advanced,past
advance,verb,B2,single,"Move forward, typically in a purposeful way",,oxford3000,advancing,gerund
advanced,adj,B1,single,Far on or ahead in development or progress,,oxford3000,advanced,base
advantage,noun,A2,single,A condition or circumstance that puts one in a favorable or superior position,,oxford3000,advantage,base
advantage,noun,A2,single,A condition or circumstance that puts one in a favorable or superior position,,oxford3000,advantages,plural
adventure,noun,A2,single,"An unusual and exciting, typically hazardous, experience or activity",,oxford3000,adventure,base
adventure,noun,A2,single,"An unusual and exciting, typically hazardous, experience or activity",,oxford3000,adventures,plural
advertise,verb,A2,single,"Describe or draw attention to (a product, service, or event) in a public medium to promote sales or attendance",,oxford3000,advertise,base
advertise,verb,A2,single,"Describe or draw attention to (a product, service, or event) in a public medium to promote sales or attendance",,oxford3000,advertises,third_person
advertise,verb,A2,single,"Describe or draw attention to (a product, service, or event) in a public medium to promote sales or attendance",,oxford3000,advertised,past
advertise,verb,A2,single,"Describe or draw attention to (a product, service, or event) in a public medium to promote sales or attendance",,oxford3000,advertising,gerund
advertisement,noun,A2,single,"A notice or announcement in a public medium promoting a product, service, or event",,oxford3000,advertisement,base
advertisement,noun,A2,single,"A notice or announcement in a public medium promoting a product, service, or event",,oxford3000,advertisements,plural
advertising,noun,A2,single,The activity or profession of producing advertisements for commercial products or services,,oxford3000,advertising,base
advice,noun,A1,single,Guidance or recommendations offered with regard to prudent future action,,oxford3000,advice,base
advice,noun,A1,single,Guidance or recommendations offered with regard to prudent future action,,oxford3000,advices,plural
advise,verb,B1,single,Offer suggestions about the best course of action to someone,,oxford3000,advise,base
advise,verb,B1,single,Offer suggestions about the best course of action to someone,,oxford3000,advises,third_person
advise,verb,B1,single,Offer suggestions about the best course of action to someone,,oxford3000,advised,past
advise,verb,B1,single,Offer suggestions about the best course of action to someone,,oxford3000,advising,gerund
affair,noun,B2,single,An event or sequence of events of a specified kind or that has previously been referred to,,oxford3000,affair,base
affair,noun,B2,single,An event or sequence of events of a specified kind or that has previously been referred to,,oxford3000,affairs,plural
affect,verb,A2,single,Have an effect on; make a difference to,,oxford3000,affect,base
affect,verb,A2,single,Have an effect on; make a difference to,,oxford3000,affects,third_person
affect,verb,A2,single,Have an effect on; make a difference to,,oxford3000,affected,past
affect,verb,A2,single,Have an effect on; make a difference to,,oxford3000,affecting,gerund
afford,verb,B1,single,Have enough money to pay for,,oxford3000,afford,base
afford,verb,B1,single,Have enough money to pay for,,oxford3000,affords,third_person
afford,verb,B1,single,Have enough money to pay for,,oxford3000,afforded,past
afford,verb,B1,single,Have enough money to pay for,,oxford3000,affording,gerund
afraid,adj,A1,single,Feeling fear or anxiety; frightened,,oxford3000,afraid,base
after,adv,A2,single,happening at a time subsequent to a reference time,,oxford3000,after,base
after,conj,A1,single,In the time following (an event or another period of time),,oxford3000,after,base
after,prep,A1,single,In the time following (an event or another period of time),,oxford3000,after,base
afternoon,noun,A1,single,The time from noon or lunchtime to evening,,oxford3000,afternoon,base
afternoon,noun,A1,single,The time from noon or lunchtime to evening,,oxford3000,afternoons,plural
afterwards,adv,B2,single,At a later or future time,,oxford3000,afterwards,base
again,adv,A1,single,Another time; once more,,oxford3000,again,base
against,prep,A2,single,In opposition to,,oxford3000,against,base
age,noun,A1,single,The length of time that a person has lived or a thing has existed,,oxford3000,age,base
age,noun,A1,single,The length of time that a person has lived or a thing has existed,,oxford3000,ages,plural
age,verb,B1,single,begin to seem older; get older,,oxford3000,age,base
age,verb,B1,single,begin to seem older; get older,,oxford3000,ages,third_person
age,verb,B1,single,begin to seem older; get older,,oxford3000,aged,past
age,verb,B1,single,begin to seem older; get older,,oxford3000,aging,gerund
age,verb,B1,single,begin to seem older; get older,,oxford3000,ageing,gerund
aged,adj,B1,single,Having lived for a specified length of time; old,,oxford3000,aged,base
agency,noun,B2,single,A business or organization providing a particular service,,oxford3000,agency,base
agency,noun,B2,single,A business or organization providing a particular service,,oxford3000,agencies,plural
agenda,noun,B2,single,a temporally organized plan for matters to be attended to,,oxford3000,agenda,base
agenda,noun,B2,single,a temporally organized plan for matters to be attended to,,oxford3000,agendas,plural
agent,noun,B1,single,A person who acts on behalf of another person or group,,oxford3000,agent,base
agent,noun,B1,single,A person who acts on behalf of another person or group,,oxford3000,agents,plural
aggressive,adj,B2,single,Ready or likely to attack or confront; characterized by or resulting from aggression,,oxford3000,aggressive,base
ago,adv,A1,single,Before the present; earlier,,oxford3000,ago,base
agree,verb,A1,single,Have the same opinion about something; concur,,oxford3000,agree,base
agree,verb,A1,single,Have the same opinion about something; concur,,oxford3000,agrees,third_person
agree,verb,A1,single,Have the same opinion about something; concur,,oxford3000,agreed,past
agree,verb,A1,single,Have the same opinion about something; concur,,oxford3000,agreeing,gerund
agreement,noun,B1,single,A negotiated and typically legally binding arrangement between parties,,oxford3000,agreement,base
agreement,noun,B1,single,A negotiated and typically legally binding arrangement between parties,,oxford3000,agreements,plural
ah,exclam,A2,single,,,oxford3000,ah,base
ahead,adv,B1,single,In or toward the front; in advance,,oxford3000,ahead,base
aid,noun,B2,single,"Help, typically of a practical nature",,oxford3000,aid,base
aid,noun,B2,single,"Help, typically of a practical nature",,oxford3000,aids,plural
aid,verb,B2,single,give help or assistance; be of service,,oxford3000,aid,base
aid,verb,B2,single,give help or assistance; be of service,,oxford3000,aids,third_person
aid,verb,B2,single,give help or assistance; be of service,,oxford3000,aided,past
aid,verb,B2,single,give help or assistance; be of service,,oxford3000,aiding,gerund
aim,noun,B1,single,an anticipated outcome that is intended or that guides your planned actions,,oxford3000,aim,base
aim,noun,B1,single,an anticipated outcome that is intended or that guides your planned actions,,oxford3000,aims,plural
aim,verb,B1,single,Point or direct (a weapon or camera) at a target,,oxford3000,aim,base
aim,verb,B1,single,Point or direct (a weapon or camera) at a target,,oxford3000,aims,third_person
aim,verb,B1,single,Point or direct (a weapon or camera) at a target,,oxford3000,aimed,past
aim,verb,B1,single,Point or direct (a weapon or camera) at a target,,oxford3000,aiming,gerund
air,noun,A1,single,"The invisible gaseous substance surrounding the earth, a mixture mainly of oxygen and nitrogen",,oxford3000,air,base
air,noun,A1,single,"The invisible gaseous substance surrounding the earth, a mixture mainly of oxygen and nitrogen",,oxford3000,airs,plural
aircraft,noun,B2,single,A vehicle that is able to fly by gaining support from the air,,oxford3000,aircraft,base
aircraft,noun,B2,single,A vehicle that is able to fly by gaining support from the air,,oxford3000,aircrafts,plural
airline,noun,A2,single,a hose that carries air under pressure,,oxford3000,airline,base
airline,noun,A2,single,a hose that carries air under pressure,,oxford3000,airlines,plural
airport,noun,A1,single,"A complex of runways and buildings for the takeoff, landing, and maintenance of civil aircraft",,oxford3000,airport,base
airport,noun,A1,single,"A complex of runways and buildings for the takeoff, landing, and maintenance of civil aircraft",,oxford3000,airports,plural
alarm,noun,B1,single,An anxious awareness of danger,,oxford3000,alarm,base
alarm,noun,B1,single,An anxious awareness of danger,,oxford3000,alarms,plural
alarm,verb,B2,single,fill with apprehension or alarm; cause to be unpleasantly surprised,,oxford3000,alarm,base
alarm,verb,B2,single,fill with apprehension or alarm; cause to be unpleasantly surprised,,oxford3000,alarms,third_person
alarm,verb,B2,single,fill with apprehension or alarm; cause to be unpleasantly surprised,,oxford3000,alarmed,past
alarm,verb,B2,single,fill with apprehension or alarm; cause to be unpleasantly surprised,,oxford3000,alarming,gerund
album,noun,B1,single,one or more recordings issued together; originally released on 12-inch phonograph records (usually with attractive record covers) and later on cassette audiotape and compact disc,,oxford3000,album,base
album,noun,B1,single,one or more recordings issued together; originally released on 12-inch phonograph records (usually with attractive record covers) and later on cassette audiotape and compact disc,,oxford3000,albums,plural
alcohol,noun,B1,single,"A colorless volatile flammable liquid which is the intoxicating constituent of wine, beer, spirits, and other drinks",,oxford3000,alcohol,base
alcohol,noun,B1,single,"A colorless volatile flammable liquid which is the intoxicating constituent of wine, beer, spirits, and other drinks",,oxford3000,alcohols,plural
alcoholic,adj,B1,single,Containing or relating to alcoholic liquor,,oxford3000,alcoholic,base
alive,adj,A2,single,"Living, not dead",,oxford3000,alive,base
all,adv,A2,single,to a complete degree or to the full or entire extent (`whole' is often used informally for `wholly'),,oxford3000,all,base
all,det,A1,single,Used to refer to the whole quantity or extent of a particular group or thing,,oxford3000,all,base
all,pron,A1,single,Used to refer to the whole quantity or extent of a particular group or thing,,oxford3000,all,base
all right,adj,A2,phrase,being satisfactory or in satisfactory condition,,oxford3000,all right,base
all right,adv,A2,phrase,Satisfactory but not especially good,,oxford3000,all right,base
all right,exclam,A2,phrase,Satisfactory but not especially good,,oxford3000,all right,base
allow,verb,A2,single,Give (someone) permission to do something,,oxford3000,allow,base
allow,verb,A2,single,Give (someone) permission to do something,,oxford3000,allows,third_person
allow,verb,A2,single,Give (someone) permission to do something,,oxford3000,allowed,past
allow,verb,A2,single,Give (someone) permission to do something,,oxford3000,allowing,gerund
almost,adv,A2,single,Very nearly but not exactly or entirely,,oxford3000,almost,base
alone,adj,A2,single,Having no one else present; on one's own,,oxford3000,alone,base
alone,adv,A2,single,without any others being included or involved,,oxford3000,alone,base
along,adv,A2,single,with a forward motion,,oxford3000,along,base
along,prep,A2,single,Moving in a constant direction on (a path or any more or less horizontal surface),,oxford3000,along,base
already,adv,A2,single,Before or by now or the time in question,,oxford3000,already,base
also,adv,A1,single,In addition; too,,oxford3000,also,base
alter,verb,B2,single,Change or cause to change in character or composition,,oxford3000,alter,base
alter,verb,B2,single,Change or cause to change in character or composition,,oxford3000,alters,third_person
alter,verb,B2,single,Change or cause to change in character or composition,,oxford3000,altered,past
alter,verb,B2,single,Change or cause to change in character or composition,,oxford3000,altering,gerund
alternative,adj,B1,single,serving or used in place of another,,oxford3000,alternative,base
alternative,noun,A2,single,Available as another possibility or choice,,oxford3000,alternative,base
alternative,noun,A2,single,Available as another possibility or choice,,oxford3000,alternatives,plural
although,conj,A2,single,In spite of the fact that; even though,,oxford3000,although,base
always,adv,A1,single,At all times; on all occasions,,oxford3000,always,base
amazed,adj,B1,single,Greatly surprised; astonished,,oxford3000,amazed,base
amazing,adj,A1,single,Causing great surprise or wonder; astonishing,,oxford3000,amazing,base
ambition,noun,B1,single,A strong desire to do or achieve something,,oxford3000,ambition,base
ambition,noun,B1,single,A strong desire to do or achieve something,,oxford3000,ambitions,plural
ambitious,adj,B1,single,having a strong desire for success or achievement,,oxford3000,ambitious,base
among,prep,A2,single,Situated more or less centrally in relation to (several other things),,oxford3000,among,base
amount,noun,A2,single,A quantity of something,,oxford3000,amount,base
amount,noun,A2,single,A quantity of something,,oxford3000,amounts,plural
amount,verb,B2,single,be tantamount or equivalent to,,oxford3000,amount,base
amount,verb,B2,single,be tantamount or equivalent to,,oxford3000,amounts,third_person
amount,verb,B2,single,be tantamount or equivalent to,,oxford3000,amounted,past
amount,verb,B2,single,be tantamount or equivalent to,,oxford3000,amounting,gerund
an,det,A1,single,,,oxford3000,an,base
analyse,verb,B1,single,Examine methodically and in detail the constitution or structure of (something),,oxford3000,analyse,base
analyse,verb,B1,single,Examine methodically and in detail the constitution or structure of (something),,oxford3000,analyses,third_person
analyse,verb,B1,single,Examine methodically and in detail the constitution or structure of (something),,oxford3000,analysed,past
analyse,verb,B1,single,Examine methodically and in detail the constitution or structure of (something),,oxford3000,analysing,gerund
analysis,noun,B1,single,Detailed examination of the elements or structure of something,,oxford3000,analysis,base
analysis,noun,B1,single,Detailed examination of the elements or structure of something,,oxford3000,analyses,plural
ancient,adj,A2,single,Belonging to the very distant past and no longer in existence,,oxford3000,ancient,base
and,conj,A1,single,"Used to connect words of the same part of speech, clauses, or sentences",,oxford3000,and,base
anger,noun,B2,single,"A strong feeling of annoyance, displeasure, or hostility",,oxford3000,anger,base
angle,noun,B2,single,The space (usually measured in degrees) between two intersecting lines or surfaces at or close to the point where they meet,,oxford3000,angle,base
angle,noun,B2,single,The space (usually measured in degrees) between two intersecting lines or surfaces at or close to the point where they meet,,oxford3000,angles,plural
angry,adj,A1,single,"Feeling or showing strong annoyance, displeasure, or hostility",,oxford3000,angry,base
angry,adj,A1,single,"Feeling or showing strong annoyance, displeasure, or hostility",,oxford3000,angrier,comparative
angry,adj,A1,single,"Feeling or showing strong annoyance, displeasure, or hostility",,oxford3000,angriest,superlative
animal,noun,A1,single,"A living organism that feeds on organic matter, typically having specialized sense organs and nervous system and able to respond rapidly to stimuli",,oxford3000,animal,base
animal,noun,A1,single,"A living organism that feeds on organic matter, typically having specialized sense organs and nervous system and able to respond rapidly to stimuli",,oxford3000,animals,plural
ankle,noun,A2,single,The joint connecting the foot with the leg,,oxford3000,ankle,base
ankle,noun,A2,single,The joint connecting the foot with the leg,,oxford3000,ankles,plural
anniversary,noun,B2,single,The date on which an event took place in a previous year,,oxford3000,anniversary,base
anniversary,noun,B2,single,The date on which an event took place in a previous year,,oxford3000,anniversaries,plural
announce,verb,B1,single,"Make a public and typically formal declaration about a fact, occurrence, or intention",,oxford3000,announce,base
announce,verb,B1,single,"Make a public and typically formal declaration about a fact, occurrence, or intention",,oxford3000,announces,third_person
announce,verb,B1,single,"Make a public and typically formal declaration about a fact, occurrence, or intention",,oxford3000,announced,past
announce,verb,B1,single,"Make a public and typically formal declaration about a fact, occurrence, or intention",,oxford3000,announcing,gerund
announcement,noun,B1,single,a formal public statement,,oxford3000,announcement,base
announcement,noun,B1,single,a formal public statement,,oxford3000,announcements,plural
annoy,verb,B1,single,Make (someone) a little angry; irritate,,oxford3000,annoy,base
annoy,verb,B1,single,Make (someone) a little angry; irritate,,oxford3000,annoys,third_person
annoy,verb,B1,single,Make (someone) a little angry; irritate,,oxford3000,annoyed,past
annoy,verb,B1,single,Make (someone) a little angry; irritate,,oxford3000,annoying,gerund
annoyed,adj,B1,single,Slightly angry; irritated,,oxford3000,annoyed,base
annoying,adj,B1,single,Causing irritation or annoyance,,oxford3000,annoying,base
annual,adj,B2,single,Occurring once every year,,oxford3000,annual,base
another,det,A1,single,Used to refer to an additional person or thing of the same type as one already mentioned or known,,oxford3000,another,base
another,pron,A1,single,Used to refer to an additional person or thing of the same type as one already mentioned or known,,oxford3000,another,base
answer,noun,A1,single,"A thing said, written, or done to deal with or as a reaction to a question, statement, or situation",,oxford3000,answer,base
answer,noun,A1,single,"A thing said, written, or done to deal with or as a reaction to a question, statement, or situation",,oxford3000,answers,plural
answer,verb,A1,single,react verbally,,oxford3000,answer,base
answer,verb,A1,single,react verbally,,oxford3000,answers,third_person
answer,verb,A1,single,react verbally,,oxford3000,answered,past
answer,verb,A1,single,react verbally,,oxford3000,answering,gerund
anxious,adj,B2,single,"Experiencing worry, unease, or nervousness",,oxford3000,anxious,base
any,adv,A2,single,to any degree or extent,,oxford3000,any,base
any,det,A1,single,"Used to refer to one or some of a thing or number of things, no matter how much or many",,oxford3000,any,base
any,pron,A1,single,"Used to refer to one or some of a thing or number of things, no matter how much or many",,oxford3000,any,base
any more,adv,A2,phrase,,,oxford3000,any more,base
anybody,pron,A2,single,Any person; anyone,,oxford3000,anybody,base
anyone,pron,A1,single,Any person; anybody,,oxford3000,anyone,base
anything,pron,A1,single,"Used to refer to a thing, no matter what",,oxford3000,anything,base
anyway,adv,A2,single,Used to confirm or support a point or idea just mentioned,,oxford3000,anyway,base
anywhere,adv,A2,single,In or to any place,,oxford3000,anywhere,base
anywhere,pron,A2,single,In or to any place,,oxford3000,anywhere,base
apart,adv,B1,single,To one side; at a distance from the main body,,oxford3000,apart,base
apartment,noun,A1,single,"A set of rooms forming an individual residence, typically on one floor and within a larger building",,oxford3000,apartment,base
apartment,noun,A1,single,"A set of rooms forming an individual residence, typically on one floor and within a larger building",,oxford3000,apartments,plural
apologize,verb,B1,single,Express regret for something that one has done wrong,,oxford3000,apologize,base
apologize,verb,B1,single,Express regret for something that one has done wrong,,oxford3000,apologizes,third_person
apologize,verb,B1,single,Express regret for something that one has done wrong,,oxford3000,apologized,past
apologize,verb,B1,single,Express regret for something that one has done wrong,,oxford3000,apologizing,gerund
app,noun,A2,single,,,oxford3000,app,base
apparent,adj,B2,single,Clearly visible or understood; obvious,,oxford3000,apparent,base
apparently,adv,B2,single,As far as one knows or can see,,oxford3000,apparently,base
appeal,noun,B2,single,"Make a serious or urgent request, typically to the public",,oxford3000,appeal,base
appeal,noun,B2,single,"Make a serious or urgent request, typically to the public",,oxford3000,appeals,plural
appeal,verb,B2,single,take a court case to a higher court for review,,oxford3000,appeal,base
appeal,verb,B2,single,take a court case to a higher court for review,,oxford3000,appeals,third_person
appeal,verb,B2,single,take a court case to a higher court for review,,oxford3000,appealed,past
appeal,verb,B2,single,take a court case to a higher court for review,,oxford3000,appealing,gerund
appear,verb,A2,single,Come into sight; become visible or noticeable,,oxford3000,appear,base
appear,verb,A2,single,Come into sight; become visible or noticeable,,oxford3000,appears,third_person
appear,verb,A2,single,Come into sight; become visible or noticeable,,oxford3000,appeared,past
appear,verb,A2,single,Come into sight; become visible or noticeable,,oxford3000,appearing,gerund
appearance,noun,A2,single,The way that someone or something looks,,oxford3000,appearance,base
appearance,noun,A2,single,The way that someone or something looks,,oxford3000,appearances,plural
apple,noun,A1,single,"The round fruit of a tree of the rose family, which typically has thin green or red skin and crisp flesh",,oxford3000,apple,base
apple,noun,A1,single,"The round fruit of a tree of the rose family, which typically has thin green or red skin and crisp flesh",,oxford3000,apples,plural
application,noun,B1,single,A formal request to an authority for something,,oxford3000,application,base
application,noun,B1,single,A formal request to an authority for something,,oxford3000,applications,plural
apply,verb,A2,single,Make a formal application or request,,oxford3000,apply,base
apply,verb,A2,single,Make a formal application or request,,oxford3000,applies,third_person
apply,verb,A2,single,Make a formal application or request,,oxford3000,applied,past
apply,verb,A2,single,Make a formal application or request,,oxford3000,applying,gerund
appointment,noun,B1,single,An arrangement to meet someone at a particular time and place,,oxford3000,appointment,base
appointment,noun,B1,single,An arrangement to meet someone at a particular time and place,,oxford3000,appointments,plural
appreciate,verb,B1,single,Recognize the full worth of,,oxford3000,appreciate,base
appreciate,verb,B1,single,Recognize the full worth of,,oxford3000,appreciates,third_person
appreciate,verb,B1,single,Recognize the full worth of,,oxford3000,appreciated,past
appreciate,verb,B1,single,Recognize the full worth of,,oxford3000,appreciating,gerund
approach,noun,B2,single,ideas or actions intended to deal with a problem or situation,,oxford3000,approach,base
approach,noun,B2,single,ideas or actions intended to deal with a problem or situation,,oxford3000,approaches,plural
approach,verb,B2,single,Come near or nearer to (someone or something) in distance,,oxford3000,approach,base
approach,verb,B2,single,Come near or nearer to (someone or something) in distance,,oxford3000,approaches,third_person
approach,verb,B2,single,Come near or nearer to (someone or something) in distance,,oxford3000,approached,past
approach,verb,B2,single,Come near or nearer to (someone or something) in distance,,oxford3000,approaching,gerund
appropriate,adj,B2,single,Suitable or proper in the circumstances,,oxford3000,appropriate,base
approval,noun,B2,single,The action of officially agreeing to something or accepting something as satisfactory,,oxford3000,approval,base
approval,noun,B2,single,The action of officially agreeing to something or accepting something as satisfactory,,oxford3000,approvals,plural
approve,verb,B2,single,Officially agree to or accept as satisfactory,,oxford3000,approve,base
approve,verb,B2,single,Officially agree to or accept as satisfactory,,oxford3000,approves,third_person
approve,verb,B2,single,Officially agree to or accept as satisfactory,,oxford3000,approved,past
approve,verb,B2,single,Officially agree to or accept as satisfactory,,oxford3000,approving,gerund
approximately,adv,B1,single,"Used to show that something is almost, but not completely, accurate or exact",,oxford3000,approximately,base
april,noun,A1,single,"The fourth month of the year, in the northern hemisphere usually considered the second month of spring",,oxford3000,april,base
architect,noun,A2,single,someone who creates plans to be used in making something (such as buildings),,oxford3000,architect,base
architect,noun,A2,single,someone who creates plans to be used in making something (such as buildings),,oxford3000,architects,plural
architecture,noun,A2,single,an architectural product or work,,oxford3000,architecture,base
architecture,noun,A2,single,an architectural product or work,,oxford3000,architectures,plural
area,noun,A1,single,"A region or part of a town, a country, or the world",,oxford3000,area,base
area,noun,A1,single,"A region or part of a town, a country, or the world",,oxford3000,areas,plural
area,noun,A1,single,"A region or part of a town, a country, or the world",,oxford3000,areae,plural
argue,verb,A2,single,"Give reasons or cite evidence in support of an idea, action, or theory, typically with the aim of persuading others to share one's view",,oxford3000,argue,base
argue,verb,A2,single,"Give reasons or cite evidence in support of an idea, action, or theory, typically with the aim of persuading others to share one's view",,oxford3000,argues,third_person
argue,verb,A2,single,"Give reasons or cite evidence in support of an idea, action, or theory, typically with the aim of persuading others to share one's view",,oxford3000,argued,past
argue,verb,A2,single,"Give reasons or cite evidence in support of an idea, action, or theory, typically with the aim of persuading others to share one's view",,oxford3000,arguing,gerund
argument,noun,A2,single,"An exchange of diverging or opposite views, typically a heated or angry one",,oxford3000,argument,base
argument,noun,A2,single,"An exchange of diverging or opposite views, typically a heated or angry one",,oxford3000,arguments,plural
arise,verb,B2,single,Emerge; become apparent,,oxford3000,arise,base
arise,verb,B2,single,Emerge; become apparent,,oxford3000,arises,third_person
arise,verb,B2,single,Emerge; become apparent,,oxford3000,arose,past
arise,verb,B2,single,Emerge; become apparent,,oxford3000,arisen,past_participle
arise,verb,B2,single,Emerge; become apparent,,oxford3000,arising,gerund
arm,noun,A1,single,Each of the two upper limbs of the human body from the shoulder to the hand,,oxford3000,arm,base
arm,noun,A1,single,Each of the two upper limbs of the human body from the shoulder to the hand,,oxford3000,arms,plural
armed,adj,B2,single,Equipped with or carrying weapons,,oxford3000,armed,base
arms,noun,B2,single,Weapons and ammunition,,oxford3000,arms,base
army,noun,A2,single,An organized military force equipped for fighting on land,,oxford3000,army,base
army,noun,A2,single,An organized military force equipped for fighting on land,,oxford3000,armies,plural
around,adv,A1,single,Located or situated on every side,,oxford3000,around,base
around,prep,A1,single,Located or situated on every side,,oxford3000,around,base
arrange,verb,A2,single,"Put (things) in a neat, attractive, or required order",,oxford3000,arrange,base
arrange,verb,A2,single,"Put (things) in a neat, attractive, or required order",,oxford3000,arranges,third_person
arrange,verb,A2,single,"Put (things) in a neat, attractive, or required order",,oxford3000,arranged,past
arrange,verb,A2,single,"Put (things) in a neat, attractive, or required order",,oxford3000,arranging,gerund
arrangement,noun,A2,single,"The action, process, or result of arranging or being arranged",,oxford3000,arrangement,base
arrangement,noun,A2,single,"The action, process, or result of arranging or being arranged",,oxford3000,arrangements,plural
arrest,noun,B1,single,the act of apprehending (especially apprehending a criminal),,oxford3000,arrest,base
arrest,noun,B1,single,the act of apprehending (especially apprehending a criminal),,oxford3000,arrests,plural
arrest,verb,B1,single,Seize (someone) by legal authority and take into custody,,oxford3000,arrest,base
arrest,verb,B1,single,Seize (someone) by legal authority and take into custody,,oxford3000,arrests,third_person
arrest,verb,B1,single,Seize (someone) by legal authority and take into custody,,oxford3000,arrested,past
arrest,verb,B1,single,Seize (someone) by legal authority and take into custody,,oxford3000,arresting,gerund
arrival,noun,B1,single,The action or process of arriving,,oxford3000,arrival,base
arrival,noun,B1,single,The action or process of arriving,,oxford3000,arrivals,plural
arrive,verb,A1,single,Reach a place at the end of a journey or a stage in a journey,,oxford3000,arrive,base
arrive,verb,A1,single,Reach a place at the end of a journey or a stage in a journey,,oxford3000,arrives,third_person
arrive,verb,A1,single,Reach a place at the end of a journey or a stage in a journey,,oxford3000,arrived,past
arrive,verb,A1,single,Reach a place at the end of a journey or a stage in a journey,,oxford3000,arriving,gerund
art,noun,A1,single,"The expression or application of human creative skill and imagination, typically in a visual form such as painting or sculpture",,oxford3000,art,base
art,noun,A1,single,"The expression or application of human creative skill and imagination, typically in a visual form such as painting or sculpture",,oxford3000,arts,plural
article,noun,A1,single,"A particular item or object, typically one of a specified type",,oxford3000,article,base
article,noun,A1,single,"A particular item or object, typically one of a specified type",,oxford3000,articles,plural
artificial,adj,B2,single,"Made or produced by human beings rather than occurring naturally, typically as a copy of something natural",,oxford3000,artificial,base
artist,noun,A1,single,A person who creates art,,oxford3000,artist,base
artist,noun,A1,single,A person who creates art,,oxford3000,artists,plural
artistic,adj,B2,single,Having or revealing natural creative skill,,oxford3000,artistic,base
as,adv,A1,single,to the same degree (often followed by `as'),,oxford3000,as,base
as,conj,A2,single,Used to indicate that something happens during the time when something else is taking place,,oxford3000,as,base
as,prep,A1,single,Used to indicate that something happens during the time when something else is taking place,,oxford3000,as,base
ashamed,adj,B2,single,"Embarrassed or guilty because of one's actions, characteristics, or associations",,oxford3000,ashamed,base
ask,verb,A1,single,Say something in order to obtain an answer or some information,,oxford3000,ask,base
ask,verb,A1,single,Say something in order to obtain an answer or some information,,oxford3000,asks,third_person
ask,verb,A1,single,Say something in order to obtain an answer or some information,,oxford3000,asked,past
ask,verb,A1,single,Say something in order to obtain an answer or some information,,oxford3000,asking,gerund
asleep,adj,A2,single,In a state of sleep,,oxford3000,asleep,base
aspect,noun,B2,single,A particular part or feature of something,,oxford3000,aspect,base
aspect,noun,B2,single,A particular part or feature of something,,oxford3000,aspects,plural
assess,verb,B2,single,"evaluate or estimate the nature, quality, ability, extent, or significance of",,oxford3000,assess,base
assess,verb,B2,single,"evaluate or estimate the nature, quality, ability, extent, or significance of",,oxford3000,assesses,third_person
assess,verb,B2,single,"evaluate or estimate the nature, quality, ability, extent, or significance of",,oxford3000,assessed,past
assess,verb,B2,single,"evaluate or estimate the nature, quality, ability, extent, or significance of",,oxford3000,assessing,gerund
assessment,noun,B2,single,the classification of someone or something with respect to its worth,,oxford3000,assessment,base
assessment,noun,B2,single,the classification of someone or something with respect to its worth,,oxford3000,assessments,plural
assignment,noun,B1,single,a duty that you are assigned to perform (especially in the armed forces),,oxford3000,assignment,base
assignment,noun,B1,single,a duty that you are assigned to perform (especially in the armed forces),,oxford3000,assignments,plural
assist,verb,B1,single,Give help or support to,,oxford3000,assist,base
assist,verb,B1,single,Give help or support to,,oxford3000,assists,third_person
assist,verb,B1,single,Give help or support to,,oxford3000,assisted,past
assist,verb,B1,single,Give help or support to,,oxford3000,assisting,gerund
assistant,adj,A2,single,of or relating to a person who is subordinate to another,,oxford3000,assistant,base
assistant,noun,A2,single,A person who ranks below a senior person,,oxford3000,assistant,base
assistant,noun,A2,single,A person who ranks below a senior person,,oxford3000,assistants,plural
associate,verb,B2,single,Connect (someone or something) with something else in one's mind,,oxford3000,associate,base
associate,verb,B2,single,Connect (someone or something) with something else in one's mind,,oxford3000,associates,third_person
associate,verb,B2,single,Connect (someone or something) with something else in one's mind,,oxford3000,associated,past
associate,verb,B2,single,Connect (someone or something) with something else in one's mind,,oxford3000,associating,gerund
associated,adj,B2,single,Connected with something else,,oxford3000,associated,base
association,noun,B2,single,A group of people organized for a joint purpose,,oxford3000,association,base
association,noun,B2,single,A group of people organized for a joint purpose,,oxford3000,associations,plural
assume,verb,B2,single,"Suppose to be the case, without proof",,oxford3000,assume,base
assume,verb,B2,single,"Suppose to be the case, without proof",,oxford3000,assumes,third_person
assume,verb,B2,single,"Suppose to be the case, without proof",,oxford3000,assumed,past
assume,verb,B2,single,"Suppose to be the case, without proof",,oxford3000,assuming,gerund
at,prep,A1,single,Expressing location or arrival in a particular place or position,,oxford3000,at,base
athlete,noun,A2,single,a person trained to compete in sports,,oxford3000,athlete,base
athlete,noun,A2,single,a person trained to compete in sports,,oxford3000,athletes,plural
atmosphere,noun,B1,single,The envelope of gases surrounding the earth or another planet,,oxford3000,atmosphere,base
atmosphere,noun,B1,single,The envelope of gases surrounding the earth or another planet,,oxford3000,atmospheres,plural
attach,verb,B1,single,Fasten; join,,oxford3000,attach,base
attach,verb,B1,single,Fasten; join,,oxford3000,attaches,third_person
attach,verb,B1,single,Fasten; join,,oxford3000,attached,past
attach,verb,B1,single,Fasten; join,,oxford3000,attaching,gerund
attack,noun,A2,single,(military) an offensive against an enemy (using weapons),,oxford3000,attack,base
attack,noun,A2,single,(military) an offensive against an enemy (using weapons),,oxford3000,attacks,plural
attack,verb,A2,single,Take aggressive action against (a place or enemy forces) with weapons or armed force,,oxford3000,attack,base
attack,verb,A2,single,Take aggressive action against (a place or enemy forces) with weapons or armed force,,oxford3000,attacks,third_person
attack,verb,A2,single,Take aggressive action against (a place or enemy forces) with weapons or armed force,,oxford3000,attacked,past
attack,verb,A2,single,Take aggressive action against (a place or enemy forces) with weapons or armed force,,oxford3000,attacking,gerund
attempt,noun,B2,single,earnest and conscientious activity intended to do or accomplish something,,oxford3000,attempt,base
attempt,noun,B2,single,earnest and conscientious activity intended to do or accomplish something,,oxford3000,attempts,plural
attempt,verb,B2,single,"Make an effort to achieve or complete (something, typically a difficult task or action)",,oxford3000,attempt,base
attempt,verb,B2,single,"Make an effort to achieve or complete (something, typically a difficult task or action)",,oxford3000,attempts,third_person
attempt,verb,B2,single,"Make an effort to achieve or complete (something, typically a difficult task or action)",,oxford3000,attempted,past
attempt,verb,B2,single,"Make an effort to achieve or complete (something, typically a difficult task or action)",,oxford3000,attempting,gerund
attend,verb,A2,single,"Be present at (an event, meeting, or function)",,oxford3000,attend,base
attend,verb,A2,single,"Be present at (an event, meeting, or function)",,oxford3000,attends,third_person
attend,verb,A2,single,"Be present at (an event, meeting, or function)",,oxford3000,attended,past
attend,verb,A2,single,"Be present at (an event, meeting, or function)",,oxford3000,attending,gerund
attention,exclam,A2,single,Notice taken of someone or something,,oxford3000,attention,base
attention,noun,A2,single,Notice taken of someone or something,,oxford3000,attention,base
attention,noun,A2,single,Notice taken of someone or something,,oxford3000,attentions,plural
attitude,noun,B1,single,A settled way of thinking or feeling about someone or something,,oxford3000,attitude,base
attitude,noun,B1,single,A settled way of thinking or feeling about someone or something,,oxford3000,attitudes,plural
attract,verb,B1,single,"Cause to come to a place or participate in a venture by offering something of interest, favorable conditions, or opportunities",,oxford3000,attract,base
attract,verb,B1,single,"Cause to come to a place or participate in a venture by offering something of interest, favorable conditions, or opportunities",,oxford3000,attracts,third_person
attract,verb,B1,single,"Cause to come to a place or participate in a venture by offering something of interest, favorable conditions, or opportunities",,oxford3000,attracted,past
attract,verb,B1,single,"Cause to come to a place or participate in a venture by offering something of interest, favorable conditions, or opportunities",,oxford3000,attracting,gerund
attraction,noun,B1,single,"The action or power of evoking interest, pleasure, or liking for someone or something",,oxford3000,attraction,base
attraction,noun,B1,single,"The action or power of evoking interest, pleasure, or liking for someone or something",,oxford3000,attractions,plural
attractive,adj,A2,single,Pleasing or appealing to the senses,,oxford3000,attractive,base
audience,noun,A2,single,The assembled spectators or listeners at a public event,,oxford3000,audience,base
audience,noun,A2,single,The assembled spectators or listeners at a public event,,oxford3000,audiences,plural
august,noun,A1,single,The eighth month of the year,,oxford3000,august,base
aunt,noun,A1,single,The sister of one's father or mother or the wife of one's uncle,,oxford3000,aunt,base
aunt,noun,A1,single,The sister of one's father or mother or the wife of one's uncle,,oxford3000,aunts,plural
author,noun,A2,single,"A writer of a book, article, or report",,oxford3000,author,base
author,noun,A2,single,"A writer of a book, article, or report",,oxford3000,authors,plural
authority,noun,B1,single,"The power or right to give orders, make decisions, and enforce obedience",,oxford3000,authority,base
authority,noun,B1,single,"The power or right to give orders, make decisions, and enforce obedience",,oxford3000,authorities,plural
autumn,noun,A1,single,"The season between summer and winter, when leaves fall from trees",,oxford3000,autumn,base
autumn,noun,A1,single,"The season between summer and winter, when leaves fall from trees",,oxford3000,autumns,plural
available,adj,A2,single,Able to be used or obtained; at someone's disposal,,oxford3000,available,base
average,adj,A2,single,approximating the statistical norm or average or expected value,,oxford3000,average,base
average,noun,A2,single,A number expressing the central or typical value in a set of data,,oxford3000,average,base
average,noun,A2,single,A number expressing the central or typical value in a set of data,,oxford3000,averages,plural
average,verb,B1,single,"amount to or come to an average, without loss or gain",,oxford3000,average,base
average,verb,B1,single,"amount to or come to an average, without loss or gain",,oxford3000,averages,third_person
average,verb,B1,single,"amount to or come to an average, without loss or gain",,oxford3000,averaged,past
average,verb,B1,single,"amount to or come to an average, without loss or gain",,oxford3000,averaging,gerund
avoid,verb,A2,single,Keep away from or stop oneself from doing (something),,oxford3000,avoid,base
avoid,verb,A2,single,Keep away from or stop oneself from doing (something),,oxford3000,avoids,third_person
avoid,verb,A2,single,Keep away from or stop oneself from doing (something),,oxford3000,avoided,past
avoid,verb,A2,single,Keep away from or stop oneself from doing (something),,oxford3000,avoiding,gerund
award,noun,A2,single,"Give or order the giving of (something) as an official payment, compensation, or prize to (someone)",,oxford3000,award,base
award,noun,A2,single,"Give or order the giving of (something) as an official payment, compensation, or prize to (someone)",,oxford3000,awards,plural
award,verb,B1,single,"give, especially as an honor or reward",,oxford3000,award,base
award,verb,B1,single,"give, especially as an honor or reward",,oxford3000,awards,third_person
award,verb,B1,single,"give, especially as an honor or reward",,oxford3000,awarded,past
award,verb,B1,single,"give, especially as an honor or reward",,oxford3000,awarding,gerund
aware,adj,B1,single,Having knowledge or perception of a situation or fact,,oxford3000,aware,base
away,adv,A1,single,"To or at a distance from a particular place, person, or thing",,oxford3000,away,base
awful,adj,A2,single,Very bad or unpleasant,,oxford3000,awful,base
baby,noun,A1,single,"A very young child, especially one newly or recently born",,oxford3000,baby,base
baby,noun,A1,single,"A very young child, especially one newly or recently born",,oxford3000,babies,plural
back,adj,A2,single,related to or located at the back,,oxford3000,back,base
back,adv,A1,single,in or to or toward a former location,,oxford3000,back,base
back,noun,A1,single,The rear surface of the human body from the shoulders to the hips,,oxford3000,back,base
back,noun,A1,single,The rear surface of the human body from the shoulders to the hips,,oxford3000,backs,plural
back,verb,B2,single,be behind; approve of,,oxford3000,back,base
back,verb,B2,single,be behind; approve of,,oxford3000,backs,third_person
back,verb,B2,single,be behind; approve of,,oxford3000,backed,past
back,verb,B2,single,be behind; approve of,,oxford3000,backing,gerund
background,noun,A2,single,The part of a scene (or picture) that lies behind objects in the foreground,,oxford3000,background,base
background,noun,A2,single,The part of a scene (or picture) that lies behind objects in the foreground,,oxford3000,backgrounds,plural
backwards,adv,B1,single,In the opposite direction from the one that you are facing or opposite to the usual direction,,oxford3000,backwards,base
bacteria,noun,B2,single,"Microscopic living organisms, usually one-celled, that can be found everywhere",,oxford3000,bacteria,base
bacteria,noun,B2,single,"Microscopic living organisms, usually one-celled, that can be found everywhere",,oxford3000,bacterias,plural
bad,adj,A1,single,Of poor quality or a low standard,,oxford3000,bad,base
bad,adj,A1,single,Of poor quality or a low standard,,oxford3000,worse,comparative
bad,adj,A1,single,Of poor quality or a low standard,,oxford3000,worst,superlative
badly,adv,A2,single,"In an unsatisfactory, inadequate, or unsuccessful way",,oxford3000,badly,base
bag,noun,A1,single,"A container made of flexible material with an opening at the top, used for carrying things",,oxford3000,bag,base
bag,noun,A1,single,"A container made of flexible material with an opening at the top, used for carrying things",,oxford3000,bags,plural
bake,verb,B1,single,"Cook (food) by dry heat without direct exposure to a flame, typically in an oven",,oxford3000,bake,base
bake,verb,B1,single,"Cook (food) by dry heat without direct exposure to a flame, typically in an oven",,oxford3000,bakes,third_person
bake,verb,B1,single,"Cook (food) by dry heat without direct exposure to a flame, typically in an oven",,oxford3000,baked,past
bake,verb,B1,single,"Cook (food) by dry heat without direct exposure to a flame, typically in an oven",,oxford3000,baking,gerund
balance,noun,B1,single,An even distribution of weight enabling someone or something to remain upright and steady,,oxford3000,balance,base
balance,noun,B1,single,An even distribution of weight enabling someone or something to remain upright and steady,,oxford3000,balances,plural
balance,verb,B1,single,bring into balance or equilibrium,,oxford3000,balance,base
balance,verb,B1,single,bring into balance or equilibrium,,oxford3000,balances,third_person
balance,verb,B1,single,bring into balance or equilibrium,,oxford3000,balanced,past
balance,verb,B1,single,bring into balance or equilibrium,,oxford3000,balancing,gerund
ball,noun,A1,single,"A solid or hollow spherical or egg-shaped object that is kicked, thrown, or hit in a game",,oxford3000,ball,base
ball,noun,A1,single,"A solid or hollow spherical or egg-shaped object that is kicked, thrown, or hit in a game",,oxford3000,balls,plural
ban,noun,B1,single,a decree that prohibits something,,oxford3000,ban,base
ban,noun,B1,single,a decree that prohibits something,,oxford3000,bans,plural
ban,verb,B1,single,Officially or legally prohibit (something),,oxford3000,ban,base
ban,verb,B1,single,Officially or legally prohibit (something),,oxford3000,bans,third_person
ban,verb,B1,single,Officially or legally prohibit (something),,oxford3000,banned,past
ban,verb,B1,single,Officially or legally prohibit (something),,oxford3000,banning,gerund
banana,noun,A1,single,any of several tropical and subtropical treelike herbs of the genus Musa having a terminal crown of large entire leaves and usually bearing hanging clusters of elongated fruits,,oxford3000,banana,base
banana,noun,A1,single,any of several tropical and subtropical treelike herbs of the genus Musa having a terminal crown of large entire leaves and usually bearing hanging clusters of elongated fruits,,oxford3000,bananas,plural
band,noun,A1,single,"A flat, thin strip or loop of material put around something, typically to hold it together or to decorate it",,oxford3000,band,base
band,noun,A1,single,"A flat, thin strip or loop of material put around something, typically to hold it together or to decorate it",,oxford3000,bands,plural
bank,noun,A1,single,The land alongside or sloping down to a river or lake,,oxford3000,bank,base
bank,noun,A1,single,The land alongside or sloping down to a river or lake,,oxford3000,banks,plural
bar,noun,A2,single,"A long rigid piece of wood, metal, or similar material, typically used as an obstruction, fastening, or weapon",,oxford3000,bar,base
bar,verb,B2,single,prevent from entering; keep out,,oxford3000,bar,base
bar,verb,B2,single,prevent from entering; keep out,,oxford3000,bars,third_person
bar,verb,B2,single,prevent from entering; keep out,,oxford3000,barred,past
bar,verb,B2,single,prevent from entering; keep out,,oxford3000,barring,gerund
barrier,noun,B2,single,A fence or other obstacle that prevents movement or access,,oxford3000,barrier,base
barrier,noun,B2,single,A fence or other obstacle that prevents movement or access,,oxford3000,barriers,plural
base,noun,B1,single,"The lowest part or edge of something, especially the part on which it rests or is supported",,oxford3000,base,base
base,noun,B1,single,"The lowest part or edge of something, especially the part on which it rests or is supported",,oxford3000,bases,plural
base,verb,B1,single,use as a basis for; found on,,oxford3000,base,base
base,verb,B1,single,use as a basis for; found on,,oxford3000,bases,third_person
base,verb,B1,single,use as a basis for; found on,,oxford3000,based,past
base,verb,B1,single,use as a basis for; found on,,oxford3000,basing,gerund
baseball,noun,A2,single,a ball game played with a bat and ball between two teams of nine players; teams take turns at bat trying to score runs,,oxford3000,baseball,base
baseball,noun,A2,single,a ball game played with a bat and ball between two teams of nine players; teams take turns at bat trying to score runs,,oxford3000,baseballs,plural
based,adj,A2,single,Having a specified foundation or basis,,oxford3000,based,base
basic,adj,B1,single,Forming an essential foundation or starting point; fundamental,,oxford3000,basic,base
basically,adv,B2,single,In the most essential respects; fundamentally,,oxford3000,basically,base
basis,noun,B1,single,"The underlying support or foundation for an idea, argument, or process",,oxford3000,basis,base
basis,noun,B1,single,"The underlying support or foundation for an idea, argument, or process",,oxford3000,bases,plural
basketball,noun,A2,single,a game played on a court by two opposing teams of 5 players; points are scored by throwing the ball through an elevated horizontal hoop,,oxford3000,basketball,base
basketball,noun,A2,single,a game played on a court by two opposing teams of 5 players; points are scored by throwing the ball through an elevated horizontal hoop,,oxford3000,basketballs,plural
bath,noun,A1,single,"A large container for water, used for immersing and washing the body",,oxford3000,bath,base
bath,noun,A1,single,"A large container for water, used for immersing and washing the body",,oxford3000,baths,plural
bathroom,noun,A1,single,A room containing a toilet and sink and typically also a bathtub or shower,,oxford3000,bathroom,base
bathroom,noun,A1,single,A room containing a toilet and sink and typically also a bathtub or shower,,oxford3000,bathrooms,plural
battery,noun,B1,single,"A container consisting of one or more cells, in which chemical energy is converted into electricity and used as a source of power",,oxford3000,battery,base
battery,noun,B1,single,"A container consisting of one or more cells, in which chemical energy is converted into electricity and used as a source of power",,oxford3000,batteries,plural
battle,noun,B1,single,A sustained fight between large organized armed forces,,oxford3000,battle,base
battle,noun,B1,single,A sustained fight between large organized armed forces,,oxford3000,battles,plural
battle,verb,B2,single,battle or contend against in or as if in a battle,,oxford3000,battle,base
battle,verb,B2,single,battle or contend against in or as if in a battle,,oxford3000,battles,third_person
battle,verb,B2,single,battle or contend against in or as if in a battle,,oxford3000,battled,past
battle,verb,B2,single,battle or contend against in or as if in a battle,,oxford3000,battling,gerund
be,verb,A1,single,Exist,,oxford3000,be,base
be,verb,A1,single,Exist,,oxford3000,is,third_person
be,verb,A1,single,Exist,,oxford3000,was,past
be,verb,A1,single,Exist,,oxford3000,were,past
be,verb,A1,single,Exist,,oxford3000,been,past_participle
be,verb,A1,single,Exist,,oxford3000,being,gerund
beach,noun,A1,single,"A pebbly or sandy shore, especially by the sea between high- and low-water marks",,oxford3000,beach,base
beach,noun,A1,single,"A pebbly or sandy shore, especially by the sea between high- and low-water marks",,oxford3000,beaches,plural
bean,noun,A2,single,any of various edible seeds of plants of the family Leguminosae used for food,,oxford3000,bean,base
bean,noun,A2,single,any of various edible seeds of plants of the family Leguminosae used for food,,oxford3000,beans,plural
bear,noun,A2,single,massive plantigrade carnivorous or omnivorous mammals with long shaggy coats and strong claws,,oxford3000,bear,base
bear,noun,A2,single,massive plantigrade carnivorous or omnivorous mammals with long shaggy coats and strong claws,,oxford3000,bears,plural
bear,verb,B2,single,Endure (an ordeal or difficulty),,oxford3000,bear,base
bear,verb,B2,single,Endure (an ordeal or difficulty),,oxford3000,bears,third_person
bear,verb,B2,single,Endure (an ordeal or difficulty),,oxford3000,bore,past
bear,verb,B2,single,Endure (an ordeal or difficulty),,oxford3000,born,past_participle
bear,verb,B2,single,Endure (an ordeal or difficulty),,oxford3000,borne,past_participle
bear,verb,B2,single,Endure (an ordeal or difficulty),,oxford3000,bearing,gerund
beat,noun,B2,single,a regular route for a sentry or policeman,,oxford3000,beat,base
beat,noun,B2,single,a regular route for a sentry or policeman,,oxford3000,beats,plural
beat,verb,A2,single,"Strike (a person or an animal) repeatedly and violently so as to hurt or injure them, typically with the fists or a blunt implement",,oxford3000,beat,base
beat,verb,A2,single,"Strike (a person or an animal) repeatedly and violently so as to hurt or injure them, typically with the fists or a blunt implement",,oxford3000,beats,third_person
beat,verb,A2,single,"Strike (a person or an animal) repeatedly and violently so as to hurt or injure them, typically with the fists or a blunt implement",,oxford3000,beaten,past_participle
beat,verb,A2,single,"Strike (a person or an animal) repeatedly and violently so as to hurt or injure them, typically with the fists or a blunt implement",,oxford3000,beating,gerund
beautiful,adj,A1,single,Pleasing the senses or mind aesthetically,,oxford3000,beautiful,base
beauty,noun,B1,single,"A combination of qualities, such as shape, color, or form, that pleases the aesthetic senses, especially the sight",,oxford3000,beauty,base
beauty,noun,B1,single,"A combination of qualities, such as shape, color, or form, that pleases the aesthetic senses, especially the sight",,oxford3000,beauties,plural
because,conj,A1,single,For the reason that; since,,oxford3000,because,base
become,verb,A1,single,Begin to be,,oxford3000,become,base
become,verb,A1,single,Begin to be,,oxford3000,becomes,third_person
become,verb,A1,single,Begin to be,,oxford3000,became,past
become,verb,A1,single,Begin to be,,oxford3000,becoming,gerund
bed,noun,A1,single,"A piece of furniture for sleep or rest, typically a framework with a mattress",,oxford3000,bed,base
bed,noun,A1,single,"A piece of furniture for sleep or rest, typically a framework with a mattress",,oxford3000,beds,plural
bedroom,noun,A1,single,A room furnished with a bed and intended primarily for sleeping,,oxford3000,bedroom,base
bedroom,noun,A1,single,A room furnished with a bed and intended primarily for sleeping,,oxford3000,bedrooms,plural
bee,noun,B1,single,any of numerous hairy-bodied insects including social and solitary species,,oxford3000,bee,base
bee,noun,B1,single,any of numerous hairy-bodied insects including social and solitary species,,oxford3000,bees,plural
beef,noun,A2,single,"The flesh of a cow, bull, or ox, used as food",,oxford3000,beef,base
beef,noun,A2,single,"The flesh of a cow, bull, or ox, used as food",,oxford3000,beeves,plural
beef,noun,A2,single,"The flesh of a cow, bull, or ox, used as food",,oxford3000,beefs,plural
beer,noun,A1,single,An alcoholic drink made from yeast-fermented malt flavored with hops,,oxford3000,beer,base
beer,noun,A1,single,An alcoholic drink made from yeast-fermented malt flavored with hops,,oxford3000,beers,plural
before,adv,A2,single,earlier in time; previously,,oxford3000,before,base
before,conj,A1,single,"During the period of time preceding (a particular event, date, or time)",,oxford3000,before,base
before,prep,A1,single,"During the period of time preceding (a particular event, date, or time)",,oxford3000,before,base
beg,verb,B2,single,call upon in supplication; entreat,,oxford3000,beg,base
beg,verb,B2,single,call upon in supplication; entreat,,oxford3000,begs,third_person
beg,verb,B2,single,call upon in supplication; entreat,,oxford3000,begged,past
beg,verb,B2,single,call upon in supplication; entreat,,oxford3000,begging,gerund
begin,verb,A1,single,Start; perform or undergo the first part of (an action or activity),,oxford3000,begin,base
begin,verb,A1,single,Start; perform or undergo the first part of (an action or activity),,oxford3000,begins,third_person
begin,verb,A1,single,Start; perform or undergo the first part of (an action or activity),,oxford3000,began,past
begin,verb,A1,single,Start; perform or undergo the first part of (an action or activity),,oxford3000,begun,past_participle
begin,verb,A1,single,Start; perform or undergo the first part of (an action or activity),,oxford3000,beginning,gerund
beginning,noun,A1,single,The point in time or space at which something starts,,oxford3000,beginning,base
beginning,noun,A1,single,The point in time or space at which something starts,,oxford3000,beginnings,plural
behave,verb,A2,single,"Act or conduct oneself in a specified way, especially toward others",,oxford3000,behave,base
behave,verb,A2,single,"Act or conduct oneself in a specified way, especially toward others",,oxford3000,behaves,third_person
behave,verb,A2,single,"Act or conduct oneself in a specified way, especially toward others",,oxford3000,behaved,past
behave,verb,A2,single,"Act or conduct oneself in a specified way, especially toward others",,oxford3000,behaving,gerund
behaviour,noun,A2,single,the action or reaction of something (as a machine or substance) under specified circumstances,,oxford3000,behaviour,base
behaviour,noun,A2,single,the action or reaction of something (as a machine or substance) under specified circumstances,,oxford3000,behaviours,plural
behind,adv,A1,single,in or to or toward the rear,,oxford3000,behind,base
behind,prep,A1,single,"At or to the far side of (something), typically so as to be hidden by it",,oxford3000,behind,base
being,noun,B2,single,the state or fact of existing,,oxford3000,being,base
being,noun,B2,single,the state or fact of existing,,oxford3000,beings,plural
belief,noun,B1,single,An acceptance that a statement is true or that something exists,,oxford3000,belief,base
belief,noun,B1,single,An acceptance that a statement is true or that something exists,,oxford3000,beliefs,plural
believe,verb,A1,single,Accept (something) as true; feel sure of the truth of,,oxford3000,believe,base
believe,verb,A1,single,Accept (something) as true; feel sure of the truth of,,oxford3000,believes,third_person
believe,verb,A1,single,Accept (something) as true; feel sure of the truth of,,oxford3000,believed,past
believe,verb,A1,single,Accept (something) as true; feel sure of the truth of,,oxford3000,believing,gerund
bell,noun,B1,single,A device that makes a ringing sound and is used to give a signal or warning,,oxford3000,bell,base
bell,noun,B1,single,A device that makes a ringing sound and is used to give a signal or warning,,oxford3000,bells,plural
belong,verb,A2,single,Be the property of,,oxford3000,belong,base
belong,verb,A2,single,Be the property of,,oxford3000,belongs,third_person
belong,verb,A2,single,Be the property of,,oxford3000,belonged,past
belong,verb,A2,single,Be the property of,,oxford3000,belonging,gerund
below,adv,A1,single,in or to a place that is lower,,oxford3000,below,base
below,prep,A1,single,At a lower level or layer than,,oxford3000,below,base
belt,noun,A2,single,A strip of leather or other material worn around the waist to support or hold in clothes or to carry weapons,,oxford3000,belt,base
belt,noun,A2,single,A strip of leather or other material worn around the waist to support or hold in clothes or to carry weapons,,oxford3000,belts,plural
bend,noun,B1,single,a circular segment of a curve,,oxford3000,bend,base
bend,noun,B1,single,a circular segment of a curve,,oxford3000,bends,plural
bend,verb,B1,single,Shape or force (something straight) into a curve or angle,,oxford3000,bend,base
bend,verb,B1,single,Shape or force (something straight) into a curve or angle,,oxford3000,bends,third_person
bend,verb,B1,single,Shape or force (something straight) into a curve or angle,,oxford3000,bent,past
bend,verb,B1,single,Shape or force (something straight) into a curve or angle,,oxford3000,bended,past
bend,verb,B1,single,Shape or force (something straight) into a curve or angle,,oxford3000,bending,gerund
benefit,noun,A2,single,An advantage or profit gained from something,,oxford3000,benefit,base
benefit,noun,A2,single,An advantage or profit gained from something,,oxford3000,benefits,plural
benefit,verb,B1,single,derive a benefit from,,oxford3000,benefit,base
benefit,verb,B1,single,derive a benefit from,,oxford3000,benefits,third_person
benefit,verb,B1,single,derive a benefit from,,oxford3000,benefited,past
benefit,verb,B1,single,derive a benefit from,,oxford3000,benefitted,past
benefit,verb,B1,single,derive a benefit from,,oxford3000,benefiting,gerund
benefit,verb,B1,single,derive a benefit from,,oxford3000,benefitting,gerund
bent,adj,B2,single,Sharply curved or having an angle,,oxford3000,bent,base
best,adj,A1,single,"Of the most excellent, effective, or desirable type or quality",,oxford3000,best,base
best,adv,A1,single,in a most excellent way or manner,,oxford3000,best,base
best,noun,A2,single,the supreme effort one can make,,oxford3000,best,base
bet,noun,B2,single,the money risked on a gamble,,oxford3000,bet,base
bet,noun,B2,single,the money risked on a gamble,,oxford3000,bets,plural
bet,verb,B2,single,Risk (a sum of money or valued item) against someone else's on the basis of the outcome of an unpredictable event such as a race or game,,oxford3000,bet,base
bet,verb,B2,single,Risk (a sum of money or valued item) against someone else's on the basis of the outcome of an unpredictable event such as a race or game,,oxford3000,bets,third_person
bet,verb,B2,single,Risk (a sum of money or valued item) against someone else's on the basis of the outcome of an unpredictable event such as a race or game,,oxford3000,betted,past
bet,verb,B2,single,Risk (a sum of money or valued item) against someone else's on the basis of the outcome of an unpredictable event such as a race or game,,oxford3000,betting,gerund
better,adj,A1,single,Of a more excellent or effective type or quality,,oxford3000,better,base
better,adv,A2,single,comparative of `well'; in a better or more excellent manner or more advantageously or attractively or to a greater degree etc.,,oxford3000,better,base
better,noun,B1,single,something superior in quality or condition or effect,,oxford3000,better,base
better,noun,B1,single,something superior in quality or condition or effect,,oxford3000,betters,plural
between,adv,A2,single,in the interval,,oxford3000,between,base
between,prep,A1,single,"At, into, or across the space separating (two objects or regions)",,oxford3000,between,base
beyond,adv,B2,single,farther along in space or time or degree,,oxford3000,beyond,base
beyond,prep,B2,single,At or to the further side of,,oxford3000,beyond,base
bicycle,noun,A1,single,"A vehicle composed of two wheels held in a frame one behind the other, propelled by pedals and steered with handlebars attached to the front wheel",,oxford3000,bicycle,base
bicycle,noun,A1,single,"A vehicle composed of two wheels held in a frame one behind the other, propelled by pedals and steered with handlebars attached to the front wheel",,oxford3000,bicycles,plural
big,adj,A1,single,"Of considerable size, extent, or intensity",,oxford3000,big,base
big,adj,A1,single,"Of considerable size, extent, or intensity",,oxford3000,bigger,comparative
big,adj,A1,single,"Of considerable size, extent, or intensity",,oxford3000,biggest,superlative
bike,noun,A1,single,A bicycle or motorcycle,,oxford3000,bike,base
bike,noun,A1,single,A bicycle or motorcycle,,oxford3000,bikes,plural
bill,noun,A1,single,A printed or written statement of the money owed for goods or services,,oxford3000,bill,base
bill,noun,A1,single,A printed or written statement of the money owed for goods or services,,oxford3000,bills,plural
bill,verb,B2,single,demand payment,,oxford3000,bill,base
bill,verb,B2,single,demand payment,,oxford3000,bills,third_person
bill,verb,B2,single,demand payment,,oxford3000,billed,past
bill,verb,B2,single,demand payment,,oxford3000,billing,gerund
billion,number,A2,single,"The number equivalent to the product of a thousand and a million; 1,000,000,000",,oxford3000,billion,base
bin,noun,A2,single,A container for storing or holding items,,oxford3000,bin,base
bin,noun,A2,single,A container for storing or holding items,,oxford3000,bins,plural
biology,noun,A2,single,The study of living organisms,,oxford3000,biology,base
biology,noun,A2,single,The study of living organisms,,oxford3000,biologies,plural
bird,noun,A1,single,"A warm-blooded egg-laying vertebrate distinguished by feathers, wings, and a beak",,oxford3000,bird,base
bird,noun,A1,single,"A warm-blooded egg-laying vertebrate distinguished by feathers, wings, and a beak",,oxford3000,birds,plural
birth,noun,A2,single,The emergence of a baby or other young from the body of its mother,,oxford3000,birth,base
birth,noun,A2,single,The emergence of a baby or other young from the body of its mother,,oxford3000,births,plural
birthday,noun,A1,single,The anniversary of the day on which a person was born,,oxford3000,birthday,base
birthday,noun,A1,single,The anniversary of the day on which a person was born,,oxford3000,birthdays,plural
biscuit,noun,A2,single,"A small baked unleavened cake, typically crisp, flat, and sweet",,oxford3000,biscuit,base
biscuit,noun,A2,single,"A small baked unleavened cake, typically crisp, flat, and sweet",,oxford3000,biscuits,plural
bit,noun,A2,single,"A small piece, part, or quantity of something",,oxford3000,bit,base
bit,noun,A2,single,"A small piece, part, or quantity of something",,oxford3000,bits,plural
bite,noun,B1,single,a wound resulting from biting by an animal or a person,,oxford3000,bite,base
bite,noun,B1,single,a wound resulting from biting by an animal or a person,,oxford3000,bites,plural
bite,verb,B1,single,Use the teeth to cut into something,,oxford3000,bite,base
bite,verb,B1,single,Use the teeth to cut into something,,oxford3000,bites,third_person
bite,verb,B1,single,Use the teeth to cut into something,,oxford3000,bit,past
bite,verb,B1,single,Use the teeth to cut into something,,oxford3000,bitten,past_participle
bite,verb,B1,single,Use the teeth to cut into something,,oxford3000,biting,gerund
bitter,adj,B2,single,"Having a sharp, pungent taste or smell; not sweet",,oxford3000,bitter,base
bitter,adj,B2,single,"Having a sharp, pungent taste or smell; not sweet",,oxford3000,bitterer,comparative
bitter,adj,B2,single,"Having a sharp, pungent taste or smell; not sweet",,oxford3000,bitterest,superlative
black,adj,A1,single,Of the very darkest color owing to the absence of or complete absorption of light,,oxford3000,black,base
black,adj,A1,single,Of the very darkest color owing to the absence of or complete absorption of light,,oxford3000,blacker,comparative
black,adj,A1,single,Of the very darkest color owing to the absence of or complete absorption of light,,oxford3000,blackest,superlative
black,noun,A1,single,the quality or state of the achromatic color of least lightness (bearing the least resemblance to white),,oxford3000,black,base
black,noun,A1,single,the quality or state of the achromatic color of least lightness (bearing the least resemblance to white),,oxford3000,blacks,plural
blame,noun,B2,single,an accusation that you are responsible for some lapse or misdeed,,oxford3000,blame,base
blame,verb,B2,single,Assign responsibility for a fault or wrong,,oxford3000,blame,base
blame,verb,B2,single,Assign responsibility for a fault or wrong,,oxford3000,blames,third_person
blame,verb,B2,single,Assign responsibility for a fault or wrong,,oxford3000,blamed,past
blame,verb,B2,single,Assign responsibility for a fault or wrong,,oxford3000,blaming,gerund
blank,adj,A2,single,Not marked or decorated; plain,,oxford3000,blank,base
blank,noun,A2,single,a blank character used to separate successive words in writing or printing,,oxford3000,blank,base
blank,noun,A2,single,a blank character used to separate successive words in writing or printing,,oxford3000,blanks,plural
blind,adj,B2,single,Unable to see,,oxford3000,blind,base
blind,adj,B2,single,Unable to see,,oxford3000,blinder,comparative
blind,adj,B2,single,Unable to see,,oxford3000,blindest,superlative
block,noun,B1,single,"A large solid piece of hard material, especially rock, stone, or wood",,oxford3000,block,base
block,noun,B1,single,"A large solid piece of hard material, especially rock, stone, or wood",,oxford3000,blocks,plural
block,verb,B1,single,render unsuitable for passage,,oxford3000,block,base
block,verb,B1,single,render unsuitable for passage,,oxford3000,blocks,third_person
block,verb,B1,single,render unsuitable for passage,,oxford3000,blocked,past
block,verb,B1,single,render unsuitable for passage,,oxford3000,blocking,gerund
blog,noun,A1,single,a shared on-line journal where people can post diary entries about their personal experiences and hobbies,,oxford3000,blog,base
blonde,adj,A1,single,Fair or pale yellow in color,,oxford3000,blonde,base
blonde,adj,A1,single,Fair or pale yellow in color,,oxford3000,blonder,comparative
blonde,adj,A1,single,Fair or pale yellow in color,,oxford3000,blondest,superlative
blood,noun,A2,single,The red liquid that circulates in the arteries and veins of humans and other vertebrate animals,,oxford3000,blood,base
blood,noun,A2,single,The red liquid that circulates in the arteries and veins of humans and other vertebrate animals,,oxford3000,bloods,plural
blow,verb,A2,single,A strong wind,,oxford3000,blow,base
blow,verb,A2,single,A strong wind,,oxford3000,blows,third_person
blow,verb,A2,single,A strong wind,,oxford3000,blew,past
blow,verb,A2,single,A strong wind,,oxford3000,blown,past_participle
blow,verb,A2,single,A strong wind,,oxford3000,blowing,gerund
blue,adj,A1,single,Of a color intermediate between green and violet,,oxford3000,blue,base
blue,adj,A1,single,Of a color intermediate between green and violet,,oxford3000,blueer,comparative
blue,adj,A1,single,Of a color intermediate between green and violet,,oxford3000,blueest,superlative
blue,noun,A1,single,blue color or pigment; resembling the color of the clear sky in the daytime,,oxford3000,blue,base
blue,noun,A1,single,blue color or pigment; resembling the color of the clear sky in the daytime,,oxford3000,blues,plural
board,noun,A2,single,"A long, thin, flat piece of wood or other hard material",,oxford3000,board,base
board,noun,A2,single,"A long, thin, flat piece of wood or other hard material",,oxford3000,boards,plural
board,verb,B1,single,"get on board of (trains, buses, ships, aircraft, etc.)",,oxford3000,board,base
board,verb,B1,single,"get on board of (trains, buses, ships, aircraft, etc.)",,oxford3000,boards,third_person
board,verb,B1,single,"get on board of (trains, buses, ships, aircraft, etc.)",,oxford3000,boarded,past
board,verb,B1,single,"get on board of (trains, buses, ships, aircraft, etc.)",,oxford3000,boarding,gerund
boat,noun,A1,single,A small vessel for traveling over water,,oxford3000,boat,base
boat,noun,A1,single,A small vessel for traveling over water,,oxford3000,boats,plural
body,noun,A1,single,The physical structure of a person or an animal,,oxford3000,body,base
body,noun,A1,single,The physical structure of a person or an animal,,oxford3000,bodies,plural
boil,verb,A2,single,Heat (a liquid) to the temperature at which it bubbles and turns to vapor,,oxford3000,boil,base
boil,verb,A2,single,Heat (a liquid) to the temperature at which it bubbles and turns to vapor,,oxford3000,boils,third_person
boil,verb,A2,single,Heat (a liquid) to the temperature at which it bubbles and turns to vapor,,oxford3000,boiled,past
boil,verb,A2,single,Heat (a liquid) to the temperature at which it bubbles and turns to vapor,,oxford3000,boiling,gerund
bomb,noun,B1,single,"A container filled with explosive, incendiary material, smoke, gas, or other destructive substance, designed to explode on impact or when detonated by a time mechanism or remote-control device",,oxford3000,bomb,base
bomb,noun,B1,single,"A container filled with explosive, incendiary material, smoke, gas, or other destructive substance, designed to explode on impact or when detonated by a time mechanism or remote-control device",,oxford3000,bombs,plural
bomb,verb,B1,single,throw bombs at or attack with bombs,,oxford3000,bomb,base
bomb,verb,B1,single,throw bombs at or attack with bombs,,oxford3000,bombs,third_person
bomb,verb,B1,single,throw bombs at or attack with bombs,,oxford3000,bombed,past
bomb,verb,B1,single,throw bombs at or attack with bombs,,oxford3000,bombing,gerund
bond,noun,B2,single,an electrical force linking atoms,,oxford3000,bond,base
bond,noun,B2,single,an electrical force linking atoms,,oxford3000,bonds,plural
bone,noun,A2,single,"Any of the pieces of hard, whitish tissue making up the skeleton in humans and other vertebrates",,oxford3000,bone,base
bone,noun,A2,single,"Any of the pieces of hard, whitish tissue making up the skeleton in humans and other vertebrates",,oxford3000,bones,plural
book,noun,A1,single,"A set of written, printed, or blank pages fastened together along one side and encased between protective covers",,oxford3000,book,base
book,noun,A1,single,"A set of written, printed, or blank pages fastened together along one side and encased between protective covers",,oxford3000,books,plural
book,verb,A2,single,engage for a performance,,oxford3000,book,base
book,verb,A2,single,engage for a performance,,oxford3000,books,third_person
book,verb,A2,single,engage for a performance,,oxford3000,booked,past
book,verb,A2,single,engage for a performance,,oxford3000,booking,gerund
boot,noun,A1,single,"A sturdy item of footwear covering the foot, the ankle, and sometimes the lower leg",,oxford3000,boot,base
boot,noun,A1,single,"A sturdy item of footwear covering the foot, the ankle, and sometimes the lower leg",,oxford3000,boots,plural
border,noun,B1,single,"A line separating two political or geographical areas, especially countries",,oxford3000,border,base
border,noun,B1,single,"A line separating two political or geographical areas, especially countries",,oxford3000,borders,plural
border,verb,B2,single,extend on all sides of simultaneously; encircle,,oxford3000,border,base
border,verb,B2,single,extend on all sides of simultaneously; encircle,,oxford3000,borders,third_person
border,verb,B2,single,extend on all sides of simultaneously; encircle,,oxford3000,bordered,past
border,verb,B2,single,extend on all sides of simultaneously; encircle,,oxford3000,bordering,gerund
bored,adj,A1,single,Feeling weary and impatient because one is unoccupied or lacks interest in one's current activity,,oxford3000,bored,base
boring,adj,A1,single,Not interesting; tedious,,oxford3000,boring,base
born,verb,A1,single,have,,oxford3000,born,base
borrow,verb,A2,single,Take and use (something belonging to someone else) with the intention of returning it,,oxford3000,borrow,base
borrow,verb,A2,single,Take and use (something belonging to someone else) with the intention of returning it,,oxford3000,borrows,third_person
borrow,verb,A2,single,Take and use (something belonging to someone else) with the intention of returning it,,oxford3000,borrowed,past
borrow,verb,A2,single,Take and use (something belonging to someone else) with the intention of returning it,,oxford3000,borrowing,gerund
boss,noun,A2,single,A person who is in charge of a worker or organization,,oxford3000,boss,base
boss,noun,A2,single,A person who is in charge of a worker or organization,,oxford3000,bosses,plural
both,det,A1,single,"Used to refer to two people or things, regarded and identified together",,oxford3000,both,base
both,pron,A1,single,"Used to refer to two people or things, regarded and identified together",,oxford3000,both,base
bother,verb,B1,single,Take the trouble to do something,,oxford3000,bother,base
bother,verb,B1,single,Take the trouble to do something,,oxford3000,bothers,third_person
bother,verb,B1,single,Take the trouble to do something,,oxford3000,bothered,past
bother,verb,B1,single,Take the trouble to do something,,oxford3000,bothering,gerund
bottle,noun,A1,single,"A container, typically made of glass or plastic and with a narrow neck, used for storing drinks or other liquids",,oxford3000,bottle,base
bottle,noun,A1,single,"A container, typically made of glass or plastic and with a narrow neck, used for storing drinks or other liquids",,oxford3000,bottles,plural
bottom,adj,A2,single,situated at the bottom or lowest position,,oxford3000,bottom,base
bottom,noun,A2,single,The lowest point or part of something,,oxford3000,bottom,base
bottom,noun,A2,single,The lowest point or part of something,,oxford3000,bottoms,plural
bowl,noun,A2,single,"A round, deep dish or basin used for food or liquid",,oxford3000,bowl,base
bowl,noun,A2,single,"A round, deep dish or basin used for food or liquid",,oxford3000,bowls,plural
box,noun,A1,single,"A container with a flat base and sides, typically square or rectangular and having a lid",,oxford3000,box,base
box,noun,A1,single,"A container with a flat base and sides, typically square or rectangular and having a lid",,oxford3000,boxes,plural
boy,noun,A1,single,A male child or youth,,oxford3000,boy,base
boy,noun,A1,single,A male child or youth,,oxford3000,boys,plural
boyfriend,noun,A1,single,A regular male companion with whom one has a romantic or sexual relationship,,oxford3000,boyfriend,base
boyfriend,noun,A1,single,A regular male companion with whom one has a romantic or sexual relationship,,oxford3000,boyfriends,plural
brain,noun,A2,single,"An organ of soft nervous tissue contained in the skull of vertebrates, functioning as the coordinating center of sensation and intellectual and nervous activity",,oxford3000,brain,base
brain,noun,A2,single,"An organ of soft nervous tissue contained in the skull of vertebrates, functioning as the coordinating center of sensation and intellectual and nervous activity",,oxford3000,brains,plural
branch,noun,B1,single,A part of a tree that grows out from the trunk or from a bough,,oxford3000,branch,base
branch,noun,B1,single,A part of a tree that grows out from the trunk or from a bough,,oxford3000,branches,plural
brand,noun,B1,single,A type of product manufactured by a particular company under a particular name,,oxford3000,brand,base
brand,noun,B1,single,A type of product manufactured by a particular company under a particular name,,oxford3000,brands,plural
brand,verb,B1,single,burn with a branding iron to indicate ownership; of animals,,oxford3000,brand,base
brand,verb,B1,single,burn with a branding iron to indicate ownership; of animals,,oxford3000,brands,third_person
brand,verb,B1,single,burn with a branding iron to indicate ownership; of animals,,oxford3000,branded,past
brand,verb,B1,single,burn with a branding iron to indicate ownership; of animals,,oxford3000,branding,gerund
brave,adj,B1,single,Ready to face and endure danger or pain; showing courage,,oxford3000,brave,base
brave,adj,B1,single,Ready to face and endure danger or pain; showing courage,,oxford3000,braver,comparative
brave,adj,B1,single,Ready to face and endure danger or pain; showing courage,,oxford3000,bravest,superlative
bread,noun,A1,single,"Food made of flour, water, and yeast mixed together and baked",,oxford3000,bread,base
bread,noun,A1,single,"Food made of flour, water, and yeast mixed together and baked",,oxford3000,breads,plural
break,noun,A1,single,some abrupt occurrence that interrupts an ongoing activity,,oxford3000,break,base
break,noun,A1,single,some abrupt occurrence that interrupts an ongoing activity,,oxford3000,breaks,plural
break,verb,A1,single,"Separate or cause to separate into pieces as a result of a blow, shock, or strain",,oxford3000,break,base
break,verb,A1,single,"Separate or cause to separate into pieces as a result of a blow, shock, or strain",,oxford3000,breaks,third_person
break,verb,A1,single,"Separate or cause to separate into pieces as a result of a blow, shock, or strain",,oxford3000,broke,past
break,verb,A1,single,"Separate or cause to separate into pieces as a result of a blow, shock, or strain",,oxford3000,broken,past_participle
break,verb,A1,single,"Separate or cause to separate into pieces as a result of a blow, shock, or strain",,oxford3000,breaking,gerund
breakfast,noun,A1,single,"A meal eaten in the morning, the first of the day",,oxford3000,breakfast,base
breakfast,noun,A1,single,"A meal eaten in the morning, the first of the day",,oxford3000,breakfasts,plural
breast,noun,B2,single,"Either of the two soft, protruding organs on the upper front of a woman's body that secrete milk after childbirth",,oxford3000,breast,base
breast,noun,B2,single,"Either of the two soft, protruding organs on the upper front of a woman's body that secrete milk after childbirth",,oxford3000,breasts,plural
breath,noun,B1,single,The air taken into or expelled from the lungs,,oxford3000,breath,base
breath,noun,B1,single,The air taken into or expelled from the lungs,,oxford3000,breaths,plural
breathe,verb,B1,single,"Take air into the lungs and then expel it, especially as a regular physiological process",,oxford3000,breathe,base
breathe,verb,B1,single,"Take air into the lungs and then expel it, especially as a regular physiological process",,oxford3000,breathes,third_person
breathe,verb,B1,single,"Take air into the lungs and then expel it, especially as a regular physiological process",,oxford3000,breathed,past
breathe,verb,B1,single,"Take air into the lungs and then expel it, especially as a regular physiological process",,oxford3000,breathing,gerund
breathing,noun,B1,single,The process of taking air into and expelling it from the lungs,,oxford3000,breathing,base
breathing,noun,B1,single,The process of taking air into and expelling it from the lungs,,oxford3000,breathings,plural
bride,noun,B1,single,a woman who has recently been married,,oxford3000,bride,base
bride,noun,B1,single,a woman who has recently been married,,oxford3000,brides,plural
bridge,noun,A2,single,"A structure carrying a road, path, railroad, or canal across a river, ravine, road, railroad, or other obstacle",,oxford3000,bridge,base
bridge,noun,A2,single,"A structure carrying a road, path, railroad, or canal across a river, ravine, road, railroad, or other obstacle",,oxford3000,bridges,plural
brief,adj,B2,single,Of short duration,,oxford3000,brief,base
brief,adj,B2,single,Of short duration,,oxford3000,briefer,comparative
brief,adj,B2,single,Of short duration,,oxford3000,briefest,superlative
bright,adj,A2,single,Giving out or reflecting a lot of light; shining,,oxford3000,bright,base
bright,adj,A2,single,Giving out or reflecting a lot of light; shining,,oxford3000,brighter,comparative
bright,adj,A2,single,Giving out or reflecting a lot of light; shining,,oxford3000,brightest,superlative
brilliant,adj,A2,single,Exceptionally clever or talented,,oxford3000,brilliant,base
bring,verb,A1,single,Take or go with (someone or something) to a place,,oxford3000,bring,base
bring,verb,A1,single,Take or go with (someone or something) to a place,,oxford3000,brings,third_person
bring,verb,A1,single,Take or go with (someone or something) to a place,,oxford3000,brought,past
bring,verb,A1,single,Take or go with (someone or something) to a place,,oxford3000,bringing,gerund
broad,adj,B2,single,Having an ample distance from side to side; wide,,oxford3000,broad,base
broad,adj,B2,single,Having an ample distance from side to side; wide,,oxford3000,broader,comparative
broad,adj,B2,single,Having an ample distance from side to side; wide,,oxford3000,broadest,superlative
broadcast,noun,B2,single,message that is transmitted by radio or television,,oxford3000,broadcast,base
broadcast,noun,B2,single,message that is transmitted by radio or television,,oxford3000,broadcasts,plural
broadcast,verb,B2,single,Transmit (a program or some information) by radio or television,,oxford3000,broadcast,base
broadcast,verb,B2,single,Transmit (a program or some information) by radio or television,,oxford3000,broadcasts,third_person
broadcast,verb,B2,single,Transmit (a program or some information) by radio or television,,oxford3000,broadcasted,past
broadcast,verb,B2,single,Transmit (a program or some information) by radio or television,,oxford3000,broadcasting,gerund
broken,adj,A2,single,Having been fractured or damaged and no longer in one piece or in working order,,oxford3000,broken,base
brother,noun,A1,single,A man or boy in relation to other sons and daughters of his parents,,oxford3000,brother,base
brother,noun,A1,single,A man or boy in relation to other sons and daughters of his parents,,oxford3000,brothers,plural
brown,adj,A1,single,"Of a color produced by mixing red, yellow, and blue, as of dark wood or rich soil",,oxford3000,brown,base
brown,adj,A1,single,"Of a color produced by mixing red, yellow, and blue, as of dark wood or rich soil",,oxford3000,browner,comparative
brown,adj,A1,single,"Of a color produced by mixing red, yellow, and blue, as of dark wood or rich soil",,oxford3000,brownest,superlative
brown,noun,A1,single,an orange of low brightness and saturation,,oxford3000,brown,base
brown,noun,A1,single,an orange of low brightness and saturation,,oxford3000,browns,plural
brush,noun,A2,single,"An implement with a handle and a block of bristles, hair, or wire, used for cleaning, smoothing, or painting",,oxford3000,brush,base
brush,noun,A2,single,"An implement with a handle and a block of bristles, hair, or wire, used for cleaning, smoothing, or painting",,oxford3000,brushes,plural
brush,verb,A2,single,"rub with a brush, or as if with a brush",,oxford3000,brush,base
brush,verb,A2,single,"rub with a brush, or as if with a brush",,oxford3000,brushes,third_person
brush,verb,A2,single,"rub with a brush, or as if with a brush",,oxford3000,brushed,past
brush,verb,A2,single,"rub with a brush, or as if with a brush",,oxford3000,brushing,gerund
bubble,noun,B1,single,A thin sphere of liquid enclosing air or another gas,,oxford3000,bubble,base
bubble,noun,B1,single,A thin sphere of liquid enclosing air or another gas,,oxford3000,bubbles,plural
budget,noun,B2,single,An estimate of income and expenditure for a set period of time,,oxford3000,budget,base
budget,noun,B2,single,An estimate of income and expenditure for a set period of time,,oxford3000,budgets,plural
build,verb,A1,single,Construct (something) by putting parts or material together,,oxford3000,build,base
build,verb,A1,single,Construct (something) by putting parts or material together,,oxford3000,builds,third_person
build,verb,A1,single,Construct (something) by putting parts or material together,,oxford3000,built,past
build,verb,A1,single,Construct (something) by putting parts or material together,,oxford3000,building,gerund
building,noun,A1,single,"A structure with a roof and walls, such as a house, school, or factory",,oxford3000,building,base
building,noun,A1,single,"A structure with a roof and walls, such as a house, school, or factory",,oxford3000,buildings,plural
bullet,noun,B2,single,"A projectile for firing from a rifle, revolver, or other small firearm, typically cylindrical and pointed, and sometimes containing an explosive",,oxford3000,bullet,base
bullet,noun,B2,single,"A projectile for firing from a rifle, revolver, or other small firearm, typically cylindrical and pointed, and sometimes containing an explosive",,oxford3000,bullets,plural
bunch,noun,B2,single,"A number of things, typically of the same kind, growing or fastened together",,oxford3000,bunch,base
bunch,noun,B2,single,"A number of things, typically of the same kind, growing or fastened together",,oxford3000,bunches,plural
burn,noun,B2,single,pain that feels hot as if it were on fire,,oxford3000,burn,base
burn,noun,B2,single,pain that feels hot as if it were on fire,,oxford3000,burns,plural
burn,verb,A2,single,Consume by fire,,oxford3000,burn,base
burn,verb,A2,single,Consume by fire,,oxford3000,burns,third_person
burn,verb,A2,single,Consume by fire,,oxford3000,burned,past
burn,verb,A2,single,Consume by fire,,oxford3000,burnt,past
burn,verb,A2,single,Consume by fire,,oxford3000,burning,gerund
bury,verb,B1,single,Put or hide underground,,oxford3000,bury,base
bury,verb,B1,single,Put or hide underground,,oxford3000,buries,third_person
bury,verb,B1,single,Put or hide underground,,oxford3000,buried,past
bury,verb,B1,single,Put or hide underground,,oxford3000,burying,gerund
bus,noun,A1,single,A large motor vehicle carrying passengers by road,,oxford3000,bus,base
bus,noun,A1,single,A large motor vehicle carrying passengers by road,,oxford3000,buses,plural
bus,noun,A1,single,A large motor vehicle carrying passengers by road,,oxford3000,busses,plural
bush,noun,B2,single,A shrub or clump of shrubs with stems of moderate length,,oxford3000,bush,base
bush,noun,B2,single,A shrub or clump of shrubs with stems of moderate length,,oxford3000,bushes,plural
business,noun,A1,single,"A person's regular occupation, profession, or trade",,oxford3000,business,base
business,noun,A1,single,"A person's regular occupation, profession, or trade",,oxford3000,businesses,plural
businessman,noun,A2,single,"A man who works in commerce, especially at an executive level",,oxford3000,businessman,base
businessman,noun,A2,single,"A man who works in commerce, especially at an executive level",,oxford3000,businessmen,plural
busy,adj,A1,single,Having a great deal to do,,oxford3000,busy,base
busy,adj,A1,single,Having a great deal to do,,oxford3000,busier,comparative
busy,adj,A1,single,Having a great deal to do,,oxford3000,busiest,superlative
but,conj,A1,single,Used to introduce something contrasting with what has already been mentioned,,oxford3000,but,base
but,prep,B2,single,Used to introduce something contrasting with what has already been mentioned,,oxford3000,but,base
butter,noun,A1,single,A pale yellow edible fatty substance made by churning cream and used as a spread or in cooking,,oxford3000,butter,base
butter,noun,A1,single,A pale yellow edible fatty substance made by churning cream and used as a spread or in cooking,,oxford3000,butters,plural
button,noun,A2,single,"A small disc or knob sewn onto a garment, either to fasten it by being pushed through a slit made for the purpose or for decoration",,oxford3000,button,base
button,noun,A2,single,"A small disc or knob sewn onto a garment, either to fasten it by being pushed through a slit made for the purpose or for decoration",,oxford3000,buttons,plural
buy,verb,A1,single,Obtain in exchange for payment,,oxford3000,buy,base
buy,verb,A1,single,Obtain in exchange for payment,,oxford3000,buys,third_person
buy,verb,A1,single,Obtain in exchange for payment,,oxford3000,bought,past
buy,verb,A1,single,Obtain in exchange for payment,,oxford3000,buying,gerund
by,adv,B1,single,so as to pass a given point,,oxford3000,by,base
by,prep,A1,single,Identifying the agent performing an action,,oxford3000,by,base
bye,exclam,A1,single,Short for goodbye,,oxford3000,bye,base
cable,noun,B2,single,"A thick rope of wire or hemp used for construction, mooring ships, and towing vehicles",,oxford3000,cable,base
cable,noun,B2,single,"A thick rope of wire or hemp used for construction, mooring ships, and towing vehicles",,oxford3000,cables,plural
cafe,noun,A1,single,a small restaurant where drinks and snacks are sold,,oxford3000,cafe,base
cake,noun,A1,single,"An item of soft, sweet food made from a mixture of flour, shortening, eggs, sugar, and other ingredients, baked and often decorated",,oxford3000,cake,base
cake,noun,A1,single,"An item of soft, sweet food made from a mixture of flour, shortening, eggs, sugar, and other ingredients, baked and often decorated",,oxford3000,cakes,plural
calculate,verb,B2,single,Determine (the amount or number of something) mathematically,,oxford3000,calculate,base
calculate,verb,B2,single,Determine (the amount or number of something) mathematically,,oxford3000,calculates,third_person
calculate,verb,B2,single,Determine (the amount or number of something) mathematically,,oxford3000,calculated,past
calculate,verb,B2,single,Determine (the amount or number of something) mathematically,,oxford3000,calculating,gerund
call,noun,A1,single,a telephone connection,,oxford3000,call,base
call,noun,A1,single,a telephone connection,,oxford3000,calls,plural
call,verb,A1,single,Cry out (a word or words),,oxford3000,call,base
call,verb,A1,single,Cry out (a word or words),,oxford3000,calls,third_person
call,verb,A1,single,Cry out (a word or words),,oxford3000,called,past
call,verb,A1,single,Cry out (a word or words),,oxford3000,calling,gerund
calm,adj,B1,single,"Not showing or feeling nervousness, anger, or other strong emotions",,oxford3000,calm,base
calm,adj,B1,single,"Not showing or feeling nervousness, anger, or other strong emotions",,oxford3000,calmer,comparative
calm,adj,B1,single,"Not showing or feeling nervousness, anger, or other strong emotions",,oxford3000,calmest,superlative
calm,noun,B1,single,steadiness of mind under stress,,oxford3000,calm,base
calm,verb,B1,single,make calm or still,,oxford3000,calm,base
calm,verb,B1,single,make calm or still,,oxford3000,calms,third_person
calm,verb,B1,single,make calm or still,,oxford3000,calmed,past
calm,verb,B1,single,make calm or still,,oxford3000,calming,gerund
camera,noun,A1,single,"A device for recording visual images in the form of photographs, film, or video signals",,oxford3000,camera,base
camera,noun,A1,single,"A device for recording visual images in the form of photographs, film, or video signals",,oxford3000,cameras,plural
camera,noun,A1,single,"A device for recording visual images in the form of photographs, film, or video signals",,oxford3000,camerae,plural
camp,noun,A2,single,A place where people live temporarily in tents or other temporary structures,,oxford3000,camp,base
camp,noun,A2,single,A place where people live temporarily in tents or other temporary structures,,oxford3000,camps,plural
camp,verb,A2,single,live in or as if in a tent,,oxford3000,camp,base
camp,verb,A2,single,live in or as if in a tent,,oxford3000,camps,third_person
camp,verb,A2,single,live in or as if in a tent,,oxford3000,camped,past
camp,verb,A2,single,live in or as if in a tent,,oxford3000,camping,gerund
campaign,noun,B1,single,An organized effort to win or achieve something,,oxford3000,campaign,base
campaign,noun,B1,single,An organized effort to win or achieve something,,oxford3000,campaigns,plural
campaign,verb,B1,single,"run, stand, or compete for an office or a position",,oxford3000,campaign,base
campaign,verb,B1,single,"run, stand, or compete for an office or a position",,oxford3000,campaigns,third_person
campaign,verb,B1,single,"run, stand, or compete for an office or a position",,oxford3000,campaigned,past
campaign,verb,B1,single,"run, stand, or compete for an office or a position",,oxford3000,campaigning,gerund
camping,noun,A2,single,The activity of spending a holiday living in a tent,,oxford3000,camping,base
campus,noun,B1,single,a field on which the buildings of a university are situated,,oxford3000,campus,base
campus,noun,B1,single,a field on which the buildings of a university are situated,,oxford3000,campuses,plural
campus,noun,B1,single,a field on which the buildings of a university are situated,,oxford3000,campi,plural
can,noun,A2,single,airtight sealed metal container for food or drink or paint etc.,,oxford3000,can,base
can,verb,A1,single,preserve in a can or tin,,oxford3000,can,base
can,verb,A1,single,preserve in a can or tin,,oxford3000,could,past
cancel,verb,B2,single,Decide or announce that (a planned event) will not take place,,oxford3000,cancel,base
cancel,verb,B2,single,Decide or announce that (a planned event) will not take place,,oxford3000,cancels,third_person
cancel,verb,B2,single,Decide or announce that (a planned event) will not take place,,oxford3000,canceled,past
cancel,verb,B2,single,Decide or announce that (a planned event) will not take place,,oxford3000,cancelled,past
cancel,verb,B2,single,Decide or announce that (a planned event) will not take place,,oxford3000,canceling,gerund
cancel,verb,B2,single,Decide or announce that (a planned event) will not take place,,oxford3000,cancelling,gerund
cancer,noun,B2,single,A disease caused by an uncontrolled division of abnormal cells in a part of the body,,oxford3000,cancer,base
cancer,noun,B2,single,A disease caused by an uncontrolled division of abnormal cells in a part of the body,,oxford3000,cancers,plural
candidate,noun,B1,single,A person who applies for a job or is nominated for election,,oxford3000,candidate,base
candidate,noun,B1,single,A person who applies for a job or is nominated for election,,oxford3000,candidates,plural
cannot,verb,A1,single,Be unable to,,oxford3000,cannot,base
cap,noun,B1,single,"A soft, flat hat without a brim and typically with a peak",,oxford3000,cap,base
cap,noun,B1,single,"A soft, flat hat without a brim and typically with a peak",,oxford3000,caps,plural
capable,adj,B2,single,"Having the ability, fitness, or quality necessary to do or achieve a specified thing",,oxford3000,capable,base
capacity,noun,B2,single,The maximum amount that something can contain,,oxford3000,capacity,base
capacity,noun,B2,single,The maximum amount that something can contain,,oxford3000,capacities,plural
capital,adj,A1,single,first-rate,,oxford3000,capital,base
capital,noun,A1,single,The city or town that functions as the seat of government and administrative centre of a country or region,,oxford3000,capital,base
capital,noun,A1,single,The city or town that functions as the seat of government and administrative centre of a country or region,,oxford3000,capitals,plural
captain,noun,B1,single,The person in command of a ship,,oxford3000,captain,base
captain,noun,B1,single,The person in command of a ship,,oxford3000,captains,plural
capture,noun,B2,single,the act of forcibly dispossessing an owner of property,,oxford3000,capture,base
capture,noun,B2,single,the act of forcibly dispossessing an owner of property,,oxford3000,captures,plural
capture,verb,B2,single,Take into one's possession or control by force,,oxford3000,capture,base
capture,verb,B2,single,Take into one's possession or control by force,,oxford3000,captures,third_person
capture,verb,B2,single,Take into one's possession or control by force,,oxford3000,captured,past
capture,verb,B2,single,Take into one's possession or control by force,,oxford3000,capturing,gerund
car,noun,A1,single,"A road vehicle, typically with four wheels, powered by an internal combustion engine and able to carry a small number of people",,oxford3000,car,base
car,noun,A1,single,"A road vehicle, typically with four wheels, powered by an internal combustion engine and able to carry a small number of people",,oxford3000,cars,plural
card,noun,A1,single,"A piece of thick, stiff paper or thin pasteboard, in particular one used for writing or printing on",,oxford3000,card,base
card,noun,A1,single,"A piece of thick, stiff paper or thin pasteboard, in particular one used for writing or printing on",,oxford3000,cards,plural
care,noun,A2,single,"The provision of what is necessary for the health, welfare, maintenance, and protection of someone or something",,oxford3000,care,base
care,noun,A2,single,"The provision of what is necessary for the health, welfare, maintenance, and protection of someone or something",,oxford3000,cares,plural
care,verb,A2,single,feel concern or interest,,oxford3000,care,base
care,verb,A2,single,feel concern or interest,,oxford3000,cares,third_person
care,verb,A2,single,feel concern or interest,,oxford3000,cared,past
care,verb,A2,single,feel concern or interest,,oxford3000,caring,gerund
career,noun,A1,single,An occupation undertaken for a significant period of a person's life and with opportunities for progress,,oxford3000,career,base
career,noun,A1,single,An occupation undertaken for a significant period of a person's life and with opportunities for progress,,oxford3000,careers,plural
careful,adj,A2,single,"Making sure of avoiding potential danger, mishap, or harm; cautious",,oxford3000,careful,base
carefully,adv,A2,single,In a way that deliberately avoids harm or errors; cautiously,,oxford3000,carefully,base
careless,adj,B1,single,Not giving sufficient attention or thought to avoiding harm or errors,,oxford3000,careless,base
carpet,noun,A2,single,"A floor or stair covering made from thick woven fabric, typically shaped to fit a particular room",,oxford3000,carpet,base
carpet,noun,A2,single,"A floor or stair covering made from thick woven fabric, typically shaped to fit a particular room",,oxford3000,carpets,plural
carrot,noun,A1,single,A tapering orange-colored root eaten as a vegetable,,oxford3000,carrot,base
carrot,noun,A1,single,A tapering orange-colored root eaten as a vegetable,,oxford3000,carrots,plural
carry,verb,A1,single,Support and move (someone or something) from one place to another,,oxford3000,carry,base
carry,verb,A1,single,Support and move (someone or something) from one place to another,,oxford3000,carries,third_person
carry,verb,A1,single,Support and move (someone or something) from one place to another,,oxford3000,carried,past
carry,verb,A1,single,Support and move (someone or something) from one place to another,,oxford3000,carrying,gerund
cartoon,noun,A2,single,a humorous or satirical drawing published in a newspaper or magazine,,oxford3000,cartoon,base
cartoon,noun,A2,single,a humorous or satirical drawing published in a newspaper or magazine,,oxford3000,cartoons,plural
case,noun,A2,single,An instance of a particular situation; an example of something occurring,,oxford3000,case,base
case,noun,A2,single,An instance of a particular situation; an example of something occurring,,oxford3000,cases,plural
cash,noun,A2,single,Money in coins or notes,,oxford3000,cash,base
cast,noun,B2,single,the actors in a play,,oxford3000,cast,base
cast,noun,B2,single,the actors in a play,,oxford3000,casts,plural
cast,verb,B2,single,Throw (something) forcefully,,oxford3000,cast,base
cast,verb,B2,single,Throw (something) forcefully,,oxford3000,casts,third_person
cast,verb,B2,single,Throw (something) forcefully,,oxford3000,casting,gerund
castle,noun,A2,single,"A large building, typically of the medieval period, fortified against attack with thick walls, battlements, towers, and often a moat",,oxford3000,castle,base
castle,noun,A2,single,"A large building, typically of the medieval period, fortified against attack with thick walls, battlements, towers, and often a moat",,oxford3000,castles,plural
cat,noun,A1,single,"A small domesticated carnivorous mammal with soft fur, a short snout, and retractable claws",,oxford3000,cat,base
cat,noun,A1,single,"A small domesticated carnivorous mammal with soft fur, a short snout, and retractable claws",,oxford3000,cats,plural
catch,noun,B2,single,a drawback or difficulty that is not readily evident,,oxford3000,catch,base
catch,noun,B2,single,a drawback or difficulty that is not readily evident,,oxford3000,catches,plural
catch,verb,A2,single,"Intercept and hold (something which has been thrown, propelled, or dropped)",,oxford3000,catch,base
catch,verb,A2,single,"Intercept and hold (something which has been thrown, propelled, or dropped)",,oxford3000,catches,third_person
catch,verb,A2,single,"Intercept and hold (something which has been thrown, propelled, or dropped)",,oxford3000,caught,past
catch,verb,A2,single,"Intercept and hold (something which has been thrown, propelled, or dropped)",,oxford3000,catching,gerund
category,noun,B1,single,A class or division of people or things regarded as having particular shared characteristics,,oxford3000,category,base
category,noun,B1,single,A class or division of people or things regarded as having particular shared characteristics,,oxford3000,categories,plural
cause,noun,A2,single,events that provide the generative force that is the origin of something,,oxford3000,cause,base
cause,noun,A2,single,events that provide the generative force that is the origin of something,,oxford3000,causes,plural
cause,verb,A2,single,"A person or thing that gives rise to an action, phenomenon, or condition",,oxford3000,cause,base
cause,verb,A2,single,"A person or thing that gives rise to an action, phenomenon, or condition",,oxford3000,causes,third_person
cause,verb,A2,single,"A person or thing that gives rise to an action, phenomenon, or condition",,oxford3000,caused,past
cause,verb,A2,single,"A person or thing that gives rise to an action, phenomenon, or condition",,oxford3000,causing,gerund
cd,noun,A1,single,"A small plastic disc on which music or other digital information is stored, and from which the information can be read using reflected laser light",,oxford3000,cd,base
ceiling,noun,B1,single,The upper interior surface of a room or other similar compartment,,oxford3000,ceiling,base
ceiling,noun,B1,single,The upper interior surface of a room or other similar compartment,,oxford3000,ceilings,plural
celebrate,verb,A2,single,Acknowledge (a significant or happy day or event) with a social gathering or enjoyable activity,,oxford3000,celebrate,base
celebrate,verb,A2,single,Acknowledge (a significant or happy day or event) with a social gathering or enjoyable activity,,oxford3000,celebrates,third_person
celebrate,verb,A2,single,Acknowledge (a significant or happy day or event) with a social gathering or enjoyable activity,,oxford3000,celebrated,past
celebrate,verb,A2,single,Acknowledge (a significant or happy day or event) with a social gathering or enjoyable activity,,oxford3000,celebrating,gerund
celebration,noun,B1,single,"The action of marking one's pleasure at an important event or occasion by engaging in enjoyable, typically social, activity",,oxford3000,celebration,base
celebration,noun,B1,single,"The action of marking one's pleasure at an important event or occasion by engaging in enjoyable, typically social, activity",,oxford3000,celebrations,plural
celebrity,noun,A2,single,a widely known person,,oxford3000,celebrity,base
celebrity,noun,A2,single,a widely known person,,oxford3000,celebrities,plural
cell,noun,B2,single,"The smallest structural and functional unit of an organism, typically microscopic and consisting of cytoplasm and a nucleus enclosed in a membrane",,oxford3000,cell,base
cell,noun,B2,single,"The smallest structural and functional unit of an organism, typically microscopic and consisting of cytoplasm and a nucleus enclosed in a membrane",,oxford3000,cells,plural
cent,noun,A1,single,"A monetary unit equal to one hundredth of a dollar, euro, or other decimal currency unit",,oxford3000,cent,base
cent,noun,A1,single,"A monetary unit equal to one hundredth of a dollar, euro, or other decimal currency unit",,oxford3000,cents,plural
central,adj,B1,single,"Of, at, or forming the center",,oxford3000,central,base
centre,noun,A1,single,"The middle point of a circle or sphere, equidistant from every point on the circumference or surface",,oxford3000,centre,base
centre,noun,A1,single,"The middle point of a circle or sphere, equidistant from every point on the circumference or surface",,oxford3000,centres,plural
centre,verb,B1,single,move into the center,,oxford3000,centre,base
centre,verb,B1,single,move into the center,,oxford3000,centres,third_person
centre,verb,B1,single,move into the center,,oxford3000,centred,past
centre,verb,B1,single,move into the center,,oxford3000,centring,gerund
century,noun,A1,single,A period of one hundred years,,oxford3000,century,base
century,noun,A1,single,A period of one hundred years,,oxford3000,centuries,plural
ceremony,noun,B1,single,"A formal religious or public occasion, typically one celebrating a particular event or anniversary",,oxford3000,ceremony,base
ceremony,noun,B1,single,"A formal religious or public occasion, typically one celebrating a particular event or anniversary",,oxford3000,ceremonies,plural
certain,adj,A2,single,Able to be firmly relied on to happen or be the case,,oxford3000,certain,base
certainly,adv,A2,single,Undoubtedly; definitely; surely,,oxford3000,certainly,base
chain,noun,B1,single,"A series of linked metal rings used for fastening or securing something, or for pulling loads",,oxford3000,chain,base
chain,noun,B1,single,"A series of linked metal rings used for fastening or securing something, or for pulling loads",,oxford3000,chains,plural
chain,verb,B2,single,connect or arrange into a chain by linking,,oxford3000,chain,base
chain,verb,B2,single,connect or arrange into a chain by linking,,oxford3000,chains,third_person
chain,verb,B2,single,connect or arrange into a chain by linking,,oxford3000,chained,past
chain,verb,B2,single,connect or arrange into a chain by linking,,oxford3000,chaining,gerund
chair,noun,A1,single,"A separate seat for one person, typically with a back and four legs",,oxford3000,chair,base
chair,noun,A1,single,"A separate seat for one person, typically with a back and four legs",,oxford3000,chairs,plural
chair,verb,B2,single,"act or preside as chair, as of an academic department in a university",,oxford3000,chair,base
chair,verb,B2,single,"act or preside as chair, as of an academic department in a university",,oxford3000,chairs,third_person
chair,verb,B2,single,"act or preside as chair, as of an academic department in a university",,oxford3000,chaired,past
chair,verb,B2,single,"act or preside as chair, as of an academic department in a university",,oxford3000,chairing,gerund
chairman,noun,B2,single,"The permanent or long-term president of a committee, company, or other organization",,oxford3000,chairman,base
chairman,noun,B2,single,"The permanent or long-term president of a committee, company, or other organization",,oxford3000,chairmen,plural
challenge,noun,B1,single,A call to someone to participate in a competitive situation or fight to decide who is superior in terms of ability or strength,,oxford3000,challenge,base
challenge,noun,B1,single,A call to someone to participate in a competitive situation or fight to decide who is superior in terms of ability or strength,,oxford3000,challenges,plural
challenge,verb,B2,single,take exception to,,oxford3000,challenge,base
challenge,verb,B2,single,take exception to,,oxford3000,challenges,third_person
challenge,verb,B2,single,take exception to,,oxford3000,challenged,past
challenge,verb,B2,single,take exception to,,oxford3000,challenging,gerund
champion,noun,B1,single,someone who has won first place in a competition,,oxford3000,champion,base
champion,noun,B1,single,someone who has won first place in a competition,,oxford3000,champions,plural
chance,noun,A2,single,A possibility of something happening,,oxford3000,chance,base
chance,noun,A2,single,A possibility of something happening,,oxford3000,chances,plural
change,noun,A1,single,an event that occurs when something passes from one state or phase to another,,oxford3000,change,base
change,noun,A1,single,an event that occurs when something passes from one state or phase to another,,oxford3000,changes,plural
change,verb,A1,single,Make or become different,,oxford3000,change,base
change,verb,A1,single,Make or become different,,oxford3000,changes,third_person
change,verb,A1,single,Make or become different,,oxford3000,changed,past
change,verb,A1,single,Make or become different,,oxford3000,changing,gerund
channel,noun,B1,single,"A length of water wider than a strait, joining two larger areas of water, especially two seas",,oxford3000,channel,base
channel,noun,B1,single,"A length of water wider than a strait, joining two larger areas of water, especially two seas",,oxford3000,channels,plural
chapter,noun,B1,single,"A main division of a book, typically with a number or title",,oxford3000,chapter,base
chapter,noun,B1,single,"A main division of a book, typically with a number or title",,oxford3000,chapters,plural
character,noun,A2,single,The mental and moral qualities distinctive to an individual,,oxford3000,character,base
character,noun,A2,single,The mental and moral qualities distinctive to an individual,,oxford3000,characters,plural
characteristic,adj,B2,single,typical or distinctive,,oxford3000,characteristic,base
characteristic,noun,B2,single,"A feature or quality belonging typically to a person, place, or thing and serving to identify them",,oxford3000,characteristic,base
characteristic,noun,B2,single,"A feature or quality belonging typically to a person, place, or thing and serving to identify them",,oxford3000,characteristics,plural
charge,noun,B1,single,an impetuous rush toward someone or something,,oxford3000,charge,base
charge,noun,B1,single,an impetuous rush toward someone or something,,oxford3000,charges,plural
charge,verb,B1,single,Demand (an amount) as a price from someone for a service rendered or goods supplied,,oxford3000,charge,base
charge,verb,B1,single,Demand (an amount) as a price from someone for a service rendered or goods supplied,,oxford3000,charges,third_person
charge,verb,B1,single,Demand (an amount) as a price from someone for a service rendered or goods supplied,,oxford3000,charged,past
charge,verb,B1,single,Demand (an amount) as a price from someone for a service rendered or goods supplied,,oxford3000,charging,gerund
charity,noun,A2,single,An organization set up to provide help and raise money for those in need,,oxford3000,charity,base
charity,noun,A2,single,An organization set up to provide help and raise money for those in need,,oxford3000,charities,plural
chart,noun,A1,single,"A sheet of information in the form of a table, graph, or diagram",,oxford3000,chart,base
chart,noun,A1,single,"A sheet of information in the form of a table, graph, or diagram",,oxford3000,charts,plural
chart,verb,B2,single,make a chart of,,oxford3000,chart,base
chart,verb,B2,single,make a chart of,,oxford3000,charts,third_person
chart,verb,B2,single,make a chart of,,oxford3000,charted,past
chart,verb,B2,single,make a chart of,,oxford3000,charting,gerund
chat,noun,A2,single,an informal conversation,,oxford3000,chat,base
chat,noun,A2,single,an informal conversation,,oxford3000,chats,plural
chat,verb,A2,single,Talk in a friendly and informal way,,oxford3000,chat,base
chat,verb,A2,single,Talk in a friendly and informal way,,oxford3000,chats,third_person
chat,verb,A2,single,Talk in a friendly and informal way,,oxford3000,chatted,past
chat,verb,A2,single,Talk in a friendly and informal way,,oxford3000,chatting,gerund
cheap,adj,A1,single,Low in price; worth more than its cost,,oxford3000,cheap,base
cheap,adj,A1,single,Low in price; worth more than its cost,,oxford3000,cheaper,comparative
cheap,adj,A1,single,Low in price; worth more than its cost,,oxford3000,cheapest,superlative
cheap,adv,B1,single,Low in price; worth more than its cost,,oxford3000,cheap,base
cheat,noun,B1,single,weedy annual grass often occurs in grainfields and other cultivated land; seeds sometimes considered poisonous,,oxford3000,cheat,base
cheat,noun,B1,single,weedy annual grass often occurs in grainfields and other cultivated land; seeds sometimes considered poisonous,,oxford3000,cheats,plural
cheat,verb,B1,single,Act dishonestly or unfairly in order to gain an advantage,,oxford3000,cheat,base
cheat,verb,B1,single,Act dishonestly or unfairly in order to gain an advantage,,oxford3000,cheats,third_person
cheat,verb,B1,single,Act dishonestly or unfairly in order to gain an advantage,,oxford3000,cheated,past
cheat,verb,B1,single,Act dishonestly or unfairly in order to gain an advantage,,oxford3000,cheating,gerund
check,noun,A2,single,a written order directing a bank to pay money,,oxford3000,check,base
check,noun,A2,single,a written order directing a bank to pay money,,oxford3000,checks,plural
check,verb,A1,single,"Examine (something) in order to determine its accuracy, quality, or condition, or to detect the presence of something",,oxford3000,check,base
check,verb,A1,single,"Examine (something) in order to determine its accuracy, quality, or condition, or to detect the presence of something",,oxford3000,checks,third_person
check,verb,A1,single,"Examine (something) in order to determine its accuracy, quality, or condition, or to detect the presence of something",,oxford3000,checked,past
check,verb,A1,single,"Examine (something) in order to determine its accuracy, quality, or condition, or to detect the presence of something",,oxford3000,checking,gerund
cheerful,adj,B1,single,Noticeably happy and optimistic,,oxford3000,cheerful,base
cheese,noun,A1,single,A food made from the pressed curds of milk,,oxford3000,cheese,base
cheese,noun,A1,single,A food made from the pressed curds of milk,,oxford3000,cheeses,plural
chef,noun,A2,single,a professional cook,,oxford3000,chef,base
chef,noun,A2,single,a professional cook,,oxford3000,chefs,plural
chemical,adj,B1,single,relating to or used in chemistry,,oxford3000,chemical,base
chemical,noun,B1,single,"A distinct compound or substance, especially one which has been artificially prepared or purified",,oxford3000,chemical,base
chemical,noun,B1,single,"A distinct compound or substance, especially one which has been artificially prepared or purified",,oxford3000,chemicals,plural
chemistry,noun,A2,single,The branch of science that deals with the identification of the substances of which matter is composed,,oxford3000,chemistry,base
chemistry,noun,A2,single,The branch of science that deals with the identification of the substances of which matter is composed,,oxford3000,chemistries,plural
chest,noun,B1,single,The front surface of a person's or animal's body between the neck and the abdomen,,oxford3000,chest,base
chest,noun,B1,single,The front surface of a person's or animal's body between the neck and the abdomen,,oxford3000,chests,plural
chicken,noun,A1,single,A domestic fowl kept for its eggs or meat,,oxford3000,chicken,base
chicken,noun,A1,single,A domestic fowl kept for its eggs or meat,,oxford3000,chickens,plural
chief,adj,B2,single,most important element,,oxford3000,chief,base
chief,noun,B2,single,A leader or ruler of a people or clan,,oxford3000,chief,base
chief,noun,B2,single,A leader or ruler of a people or clan,,oxford3000,chiefs,plural
child,noun,A1,single,A young human being below the age of puberty or below the legal age of majority,,oxford3000,child,base
child,noun,A1,single,A young human being below the age of puberty or below the legal age of majority,,oxford3000,children,plural
childhood,noun,B1,single,the time of person's life when they are a child,,oxford3000,childhood,base
childhood,noun,B1,single,the time of person's life when they are a child,,oxford3000,childhoods,plural
chip,noun,A2,single,"A small piece of food removed in the process of chopping, cutting, or breaking a larger piece",,oxford3000,chip,base
chip,noun,A2,single,"A small piece of food removed in the process of chopping, cutting, or breaking a larger piece",,oxford3000,chips,plural
chocolate,noun,A1,single,A food preparation in the form of a paste or solid block made from roasted and ground cacao seeds,,oxford3000,chocolate,base
chocolate,noun,A1,single,A food preparation in the form of a paste or solid block made from roasted and ground cacao seeds,,oxford3000,chocolates,plural
choice,noun,A2,single,An act of selecting or making a decision when faced with two or more possibilities,,oxford3000,choice,base
choice,noun,A2,single,An act of selecting or making a decision when faced with two or more possibilities,,oxford3000,choices,plural
choose,verb,A1,single,Pick out (someone or something) as being the best or most appropriate of two or more alternatives,,oxford3000,choose,base
choose,verb,A1,single,Pick out (someone or something) as being the best or most appropriate of two or more alternatives,,oxford3000,chooses,third_person
choose,verb,A1,single,Pick out (someone or something) as being the best or most appropriate of two or more alternatives,,oxford3000,chose,past
choose,verb,A1,single,Pick out (someone or something) as being the best or most appropriate of two or more alternatives,,oxford3000,chosen,past_participle
choose,verb,A1,single,Pick out (someone or something) as being the best or most appropriate of two or more alternatives,,oxford3000,choosing,gerund
church,noun,A2,single,A building used for public Christian worship,,oxford3000,church,base
church,noun,A2,single,A building used for public Christian worship,,oxford3000,churches,plural
cigarette,noun,A2,single,A thin cylinder of finely cut tobacco rolled in paper for smoking,,oxford3000,cigarette,base
cigarette,noun,A2,single,A thin cylinder of finely cut tobacco rolled in paper for smoking,,oxford3000,cigarettes,plural
cinema,noun,A1,single,A theater where films are shown,,oxford3000,cinema,base
cinema,noun,A1,single,A theater where films are shown,,oxford3000,cinemas,plural
circle,noun,A2,single,A round plane figure whose boundary (the circumference) consists of points equidistant from a fixed center,,oxford3000,circle,base
circle,noun,A2,single,A round plane figure whose boundary (the circumference) consists of points equidistant from a fixed center,,oxford3000,circles,plural
circle,verb,A2,single,travel around something,,oxford3000,circle,base
circle,verb,A2,single,travel around something,,oxford3000,circles,third_person
circle,verb,A2,single,travel around something,,oxford3000,circled,past
circle,verb,A2,single,travel around something,,oxford3000,circling,gerund
circumstance,noun,B2,single,A fact or condition connected with or relevant to an event or action,,oxford3000,circumstance,base
circumstance,noun,B2,single,A fact or condition connected with or relevant to an event or action,,oxford3000,circumstances,plural
cite,verb,B2,single,make reference to,,oxford3000,cite,base
cite,verb,B2,single,make reference to,,oxford3000,cites,third_person
cite,verb,B2,single,make reference to,,oxford3000,cited,past
cite,verb,B2,single,make reference to,,oxford3000,citing,gerund
citizen,noun,B2,single,"A legally recognized subject or national of a state or commonwealth, either native or naturalized",,oxford3000,citizen,base
citizen,noun,B2,single,"A legally recognized subject or national of a state or commonwealth, either native or naturalized",,oxford3000,citizens,plural
city,noun,A1,single,A large town,,oxford3000,city,base
city,noun,A1,single,A large town,,oxford3000,cities,plural
civil,adj,B2,single,"Relating to ordinary citizens and their concerns, as distinct from military or ecclesiastical matters",,oxford3000,civil,base
civil,adj,B2,single,"Relating to ordinary citizens and their concerns, as distinct from military or ecclesiastical matters",,oxford3000,civiller,comparative
civil,adj,B2,single,"Relating to ordinary citizens and their concerns, as distinct from military or ecclesiastical matters",,oxford3000,civillest,superlative
claim,noun,B1,single,an assertion of a right (as to money or property),,oxford3000,claim,base
claim,noun,B1,single,an assertion of a right (as to money or property),,oxford3000,claims,plural
claim,verb,B1,single,"State or assert that something is the case, typically without providing evidence or proof",,oxford3000,claim,base
claim,verb,B1,single,"State or assert that something is the case, typically without providing evidence or proof",,oxford3000,claims,third_person
claim,verb,B1,single,"State or assert that something is the case, typically without providing evidence or proof",,oxford3000,claimed,past
claim,verb,B1,single,"State or assert that something is the case, typically without providing evidence or proof",,oxford3000,claiming,gerund
class,noun,A1,single,"A set or category of things having some property or attribute in common and differentiated from others by kind, type, or quality",,oxford3000,class,base
class,noun,A1,single,"A set or category of things having some property or attribute in common and differentiated from others by kind, type, or quality",,oxford3000,classes,plural
classic,adj,B2,single,Judged over a period of time to be of the highest quality and outstanding of its kind,,oxford3000,classic,base
classic,noun,B2,single,a creation of the highest excellence,,oxford3000,classic,base
classic,noun,B2,single,a creation of the highest excellence,,oxford3000,classics,plural
classical,adj,A2,single,of or relating to the most highly developed stage of an earlier civilisation and its culture,,oxford3000,classical,base
classroom,noun,A1,single,A room in which a class of students is taught,,oxford3000,classroom,base
classroom,noun,A1,single,A room in which a class of students is taught,,oxford3000,classrooms,plural
clause,noun,B1,single,(grammar) an expression including a subject and predicate but not constituting a complete sentence,,oxford3000,clause,base
clause,noun,B1,single,(grammar) an expression including a subject and predicate but not constituting a complete sentence,,oxford3000,clauses,plural
clean,adj,A1,single,"Free from dirt, marks, or stains",,oxford3000,clean,base
clean,adj,A1,single,"Free from dirt, marks, or stains",,oxford3000,cleaner,comparative
clean,adj,A1,single,"Free from dirt, marks, or stains",,oxford3000,cleanest,superlative
clean,verb,A1,single,"make clean by removing dirt, filth, or unwanted substances from",,oxford3000,clean,base
clean,verb,A1,single,"make clean by removing dirt, filth, or unwanted substances from",,oxford3000,cleans,third_person
clean,verb,A1,single,"make clean by removing dirt, filth, or unwanted substances from",,oxford3000,cleaned,past
clean,verb,A1,single,"make clean by removing dirt, filth, or unwanted substances from",,oxford3000,cleaning,gerund
clear,adj,A2,single,"Easy to perceive, understand, or interpret",,oxford3000,clear,base
clear,adj,A2,single,"Easy to perceive, understand, or interpret",,oxford3000,clearer,comparative
clear,adj,A2,single,"Easy to perceive, understand, or interpret",,oxford3000,clearest,superlative
clear,verb,B1,single,rid of obstructions,,oxford3000,clear,base
clear,verb,B1,single,rid of obstructions,,oxford3000,clears,third_person
clear,verb,B1,single,rid of obstructions,,oxford3000,cleared,past
clear,verb,B1,single,rid of obstructions,,oxford3000,clearing,gerund
clearly,adv,A2,single,"In a way that is easy to see, hear, or understand",,oxford3000,clearly,base
clever,adj,A2,single,"Quick to understand, learn, and devise or apply ideas; intelligent",,oxford3000,clever,base
clever,adj,A2,single,"Quick to understand, learn, and devise or apply ideas; intelligent",,oxford3000,cleverer,comparative
clever,adj,A2,single,"Quick to understand, learn, and devise or apply ideas; intelligent",,oxford3000,cleverest,superlative
click,noun,B1,single,a short light metallic sound,,oxford3000,click,base
click,noun,B1,single,a short light metallic sound,,oxford3000,clicks,plural
click,verb,B1,single,Press a button or switch on a computer mouse or other device,,oxford3000,click,base
click,verb,B1,single,Press a button or switch on a computer mouse or other device,,oxford3000,clicks,third_person
click,verb,B1,single,Press a button or switch on a computer mouse or other device,,oxford3000,clicked,past
click,verb,B1,single,Press a button or switch on a computer mouse or other device,,oxford3000,clicking,gerund
client,noun,B1,single,A person or organization using the services of a lawyer or other professional person or company,,oxford3000,client,base
client,noun,B1,single,A person or organization using the services of a lawyer or other professional person or company,,oxford3000,clients,plural
climate,noun,A2,single,The weather conditions prevailing in an area in general or over a long period,,oxford3000,climate,base
climate,noun,A2,single,The weather conditions prevailing in an area in general or over a long period,,oxford3000,climates,plural
climb,noun,B1,single,an upward slope or grade (as in a road),,oxford3000,climb,base
climb,noun,B1,single,an upward slope or grade (as in a road),,oxford3000,climbs,plural
climb,verb,A1,single,"Go or come up (a slope, incline, or staircase), especially by using the feet and sometimes the hands; ascend",,oxford3000,climb,base
climb,verb,A1,single,"Go or come up (a slope, incline, or staircase), especially by using the feet and sometimes the hands; ascend",,oxford3000,climbs,third_person
climb,verb,A1,single,"Go or come up (a slope, incline, or staircase), especially by using the feet and sometimes the hands; ascend",,oxford3000,climbed,past
climb,verb,A1,single,"Go or come up (a slope, incline, or staircase), especially by using the feet and sometimes the hands; ascend",,oxford3000,climbing,gerund
clock,noun,A1,single,"A mechanical or electrical device for measuring time, typically by hands on a round dial or by displayed digits",,oxford3000,clock,base
clock,noun,A1,single,"A mechanical or electrical device for measuring time, typically by hands on a round dial or by displayed digits",,oxford3000,clocks,plural
close,adj,A2,single,at or within a short distance in space or time or having elements near each other,,oxford3000,close,base
close,adj,A2,single,at or within a short distance in space or time or having elements near each other,,oxford3000,closer,comparative
close,adj,A2,single,at or within a short distance in space or time or having elements near each other,,oxford3000,closest,superlative
close,adv,B1,single,near in time or place or relationship,,oxford3000,close,base
close,adv,B1,single,near in time or place or relationship,,oxford3000,closer,comparative
close,adv,B1,single,near in time or place or relationship,,oxford3000,closest,superlative
close,noun,B2,single,the temporal end; the concluding time,,oxford3000,close,base
close,noun,B2,single,the temporal end; the concluding time,,oxford3000,closes,plural
close,verb,A1,single,move so that an opening or passage is obstructed; make shut,,oxford3000,close,base
close,verb,A1,single,move so that an opening or passage is obstructed; make shut,,oxford3000,closes,third_person
close,verb,A1,single,move so that an opening or passage is obstructed; make shut,,oxford3000,closed,past
close,verb,A1,single,move so that an opening or passage is obstructed; make shut,,oxford3000,closing,gerund
closed,adj,A2,single,Not open,,oxford3000,closed,base
closely,adv,B2,single,With little or no space or time in between,,oxford3000,closely,base
cloth,noun,B1,single,"Woven or felted fabric made from wool, cotton, or a similar fiber",,oxford3000,cloth,base
cloth,noun,B1,single,"Woven or felted fabric made from wool, cotton, or a similar fiber",,oxford3000,cloths,plural
clothes,noun,A1,single,Items worn to cover the body,,oxford3000,clothes,base
clothing,noun,A2,single,Items worn to cover the body,,oxford3000,clothing,base
cloud,noun,A2,single,"A visible mass of condensed watery vapor floating in the atmosphere, typically high above the ground",,oxford3000,cloud,base
cloud,noun,A2,single,"A visible mass of condensed watery vapor floating in the atmosphere, typically high above the ground",,oxford3000,clouds,plural
club,noun,A1,single,An association dedicated to a particular interest or activity,,oxford3000,club,base
club,noun,A1,single,An association dedicated to a particular interest or activity,,oxford3000,clubs,plural
clue,noun,B1,single,a slight indication,,oxford3000,clue,base
clue,noun,B1,single,a slight indication,,oxford3000,clues,plural
coach,noun,A2,single,(sports) someone in charge of training an athlete or a team,,oxford3000,coach,base
coach,noun,A2,single,(sports) someone in charge of training an athlete or a team,,oxford3000,coaches,plural
coach,verb,B1,single,"teach and supervise (someone); act as a trainer or coach (to), as in sports",,oxford3000,coach,base
coach,verb,B1,single,"teach and supervise (someone); act as a trainer or coach (to), as in sports",,oxford3000,coaches,third_person
coach,verb,B1,single,"teach and supervise (someone); act as a trainer or coach (to), as in sports",,oxford3000,coached,past
coach,verb,B1,single,"teach and supervise (someone); act as a trainer or coach (to), as in sports",,oxford3000,coaching,gerund
coal,noun,B1,single,A combustible black or dark brown rock consisting chiefly of carbonized plant matter,,oxford3000,coal,base
coal,noun,B1,single,A combustible black or dark brown rock consisting chiefly of carbonized plant matter,,oxford3000,coals,plural
coast,noun,A2,single,The part of the land adjoining or near the sea,,oxford3000,coast,base
coast,noun,A2,single,The part of the land adjoining or near the sea,,oxford3000,coasts,plural
coat,noun,A1,single,"An outer garment worn outdoors, typically having sleeves and fastening down the front",,oxford3000,coat,base
coat,noun,A1,single,"An outer garment worn outdoors, typically having sleeves and fastening down the front",,oxford3000,coats,plural
code,noun,A2,single,"A system of words, letters, figures, or symbols used to represent others, especially for the purposes of secrecy",,oxford3000,code,base
code,noun,A2,single,"A system of words, letters, figures, or symbols used to represent others, especially for the purposes of secrecy",,oxford3000,codes,plural
coffee,noun,A1,single,A hot drink made from the roasted and ground seeds (coffee beans) of a tropical shrub,,oxford3000,coffee,base
coffee,noun,A1,single,A hot drink made from the roasted and ground seeds (coffee beans) of a tropical shrub,,oxford3000,coffees,plural
coin,noun,B1,single,"A flat, typically round piece of metal with an official stamp, used as money",,oxford3000,coin,base
coin,noun,B1,single,"A flat, typically round piece of metal with an official stamp, used as money",,oxford3000,coins,plural
cold,adj,A1,single,"Of or at a low or relatively low temperature, especially when compared with the temperature of the human body",,oxford3000,cold,base
cold,adj,A1,single,"Of or at a low or relatively low temperature, especially when compared with the temperature of the human body",,oxford3000,colder,comparative
cold,adj,A1,single,"Of or at a low or relatively low temperature, especially when compared with the temperature of the human body",,oxford3000,coldest,superlative
cold,noun,A1,single,a mild viral infection involving the nose and respiratory passages (but not the lungs),,oxford3000,cold,base
cold,noun,A1,single,a mild viral infection involving the nose and respiratory passages (but not the lungs),,oxford3000,colds,plural
collapse,noun,B2,single,an abrupt failure of function or complete physical exhaustion,,oxford3000,collapse,base
collapse,noun,B2,single,an abrupt failure of function or complete physical exhaustion,,oxford3000,collapses,plural
collapse,verb,B2,single,Fall down or in; give way,,oxford3000,collapse,base
collapse,verb,B2,single,Fall down or in; give way,,oxford3000,collapses,third_person
collapse,verb,B2,single,Fall down or in; give way,,oxford3000,collapsed,past
collapse,verb,B2,single,Fall down or in; give way,,oxford3000,collapsing,gerund
colleague,noun,A2,single,A person with whom one works in a profession or business,,oxford3000,colleague,base
colleague,noun,A2,single,A person with whom one works in a profession or business,,oxford3000,colleagues,plural
collect,verb,A2,single,"Bring or gather together (things, typically when scattered or widespread)",,oxford3000,collect,base
collect,verb,A2,single,"Bring or gather together (things, typically when scattered or widespread)",,oxford3000,collects,third_person
collect,verb,A2,single,"Bring or gather together (things, typically when scattered or widespread)",,oxford3000,collected,past
collect,verb,A2,single,"Bring or gather together (things, typically when scattered or widespread)",,oxford3000,collecting,gerund
collection,noun,B1,single,The action or process of collecting someone or something,,oxford3000,collection,base
collection,noun,B1,single,The action or process of collecting someone or something,,oxford3000,collections,plural
college,noun,A1,single,"An educational institution or establishment, in particular one providing higher education or specialized professional or vocational training",,oxford3000,college,base
college,noun,A1,single,"An educational institution or establishment, in particular one providing higher education or specialized professional or vocational training",,oxford3000,colleges,plural
colour,noun,A1,single,The property possessed by an object of producing different sensations on the eye as a result of the way it reflects or emits light,,oxford3000,colour,base
colour,noun,A1,single,The property possessed by an object of producing different sensations on the eye as a result of the way it reflects or emits light,,oxford3000,colours,plural
coloured,adj,B1,single,"Having a colour or colours, especially as opposed to being black, white, or neutral",,oxford3000,coloured,base
column,noun,A2,single,"An upright pillar, typically cylindrical, supporting an arch or other structure or standing alone as a monument",,oxford3000,column,base
column,noun,A2,single,"An upright pillar, typically cylindrical, supporting an arch or other structure or standing alone as a monument",,oxford3000,columns,plural
combination,noun,B2,single,A joining or merging of different parts or qualities in which the component elements are individually distinct,,oxford3000,combination,base
combination,noun,B2,single,A joining or merging of different parts or qualities in which the component elements are individually distinct,,oxford3000,combinations,plural
combine,verb,B1,single,Join or merge to form a single unit or substance,,oxford3000,combine,base
combine,verb,B1,single,Join or merge to form a single unit or substance,,oxford3000,combines,third_person
combine,verb,B1,single,Join or merge to form a single unit or substance,,oxford3000,combined,past
combine,verb,B1,single,Join or merge to form a single unit or substance,,oxford3000,combining,gerund
come,verb,A1,single,Move or travel toward or into a place thought of as near or familiar to the speaker,,oxford3000,come,base
come,verb,A1,single,Move or travel toward or into a place thought of as near or familiar to the speaker,,oxford3000,comes,third_person
come,verb,A1,single,Move or travel toward or into a place thought of as near or familiar to the speaker,,oxford3000,came,past
come,verb,A1,single,Move or travel toward or into a place thought of as near or familiar to the speaker,,oxford3000,coming,gerund
comedy,noun,A2,single,"Professional entertainment consisting of jokes and satirical sketches, intended to make an audience laugh",,oxford3000,comedy,base
comedy,noun,A2,single,"Professional entertainment consisting of jokes and satirical sketches, intended to make an audience laugh",,oxford3000,comedies,plural
comfort,noun,B2,single,A state of physical ease and freedom from pain or constraint,,oxford3000,comfort,base
comfort,noun,B2,single,A state of physical ease and freedom from pain or constraint,,oxford3000,comforts,plural
comfort,verb,B2,single,give moral or emotional strength to,,oxford3000,comfort,base
comfort,verb,B2,single,give moral or emotional strength to,,oxford3000,comforts,third_person
comfort,verb,B2,single,give moral or emotional strength to,,oxford3000,comforted,past
comfort,verb,B2,single,give moral or emotional strength to,,oxford3000,comforting,gerund
comfortable,adj,A2,single,Providing physical ease and relaxation,,oxford3000,comfortable,base
command,noun,B2,single,an authoritative direction or instruction to do something,,oxford3000,command,base
command,noun,B2,single,an authoritative direction or instruction to do something,,oxford3000,commands,plural
command,verb,B2,single,Give an authoritative order,,oxford3000,command,base
command,verb,B2,single,Give an authoritative order,,oxford3000,commands,third_person
command,verb,B2,single,Give an authoritative order,,oxford3000,commanded,past
command,verb,B2,single,Give an authoritative order,,oxford3000,commanding,gerund
comment,noun,A2,single,A verbal or written remark expressing an opinion or reaction,,oxford3000,comment,base
comment,noun,A2,single,A verbal or written remark expressing an opinion or reaction,,oxford3000,comments,plural
comment,verb,B1,single,make or write a comment on,,oxford3000,comment,base
comment,verb,B1,single,make or write a comment on,,oxford3000,comments,third_person
comment,verb,B1,single,make or write a comment on,,oxford3000,commented,past
comment,verb,B1,single,make or write a comment on,,oxford3000,commenting,gerund
commercial,adj,B1,single,Making or intended to make a profit,,oxford3000,commercial,base
commercial,noun,B1,single,a commercially sponsored ad on radio or television,,oxford3000,commercial,base
commercial,noun,B1,single,a commercially sponsored ad on radio or television,,oxford3000,commercials,plural
commission,noun,B2,single,"An instruction, command, or duty given to a person or group of people",,oxford3000,commission,base
commission,noun,B2,single,"An instruction, command, or duty given to a person or group of people",,oxford3000,commissions,plural
commission,verb,B2,single,put into commission; equip for service; of ships,,oxford3000,commission,base
commission,verb,B2,single,put into commission; equip for service; of ships,,oxford3000,commissions,third_person
commission,verb,B2,single,put into commission; equip for service; of ships,,oxford3000,commissioned,past
commission,verb,B2,single,put into commission; equip for service; of ships,,oxford3000,commissioning,gerund
commit,verb,B1,single,"Carry out or perpetrate (a mistake, crime, or immoral act)",,oxford3000,commit,base
commit,verb,B1,single,"Carry out or perpetrate (a mistake, crime, or immoral act)",,oxford3000,commits,third_person
commit,verb,B1,single,"Carry out or perpetrate (a mistake, crime, or immoral act)",,oxford3000,committed,past
commit,verb,B1,single,"Carry out or perpetrate (a mistake, crime, or immoral act)",,oxford3000,committing,gerund
commitment,noun,B2,single,"The state or quality of being dedicated to a cause, activity, etc.",,oxford3000,commitment,base
commitment,noun,B2,single,"The state or quality of being dedicated to a cause, activity, etc.",,oxford3000,commitments,plural
committee,noun,B2,single,A group of people appointed for a specific function by a larger group and typically consisting of members of that group,,oxford3000,committee,base
committee,noun,B2,single,A group of people appointed for a specific function by a larger group and typically consisting of members of that group,,oxford3000,committees,plural
common,adj,A1,single,"Occurring, found, or done often; prevalent",,oxford3000,common,base
common,adj,A1,single,"Occurring, found, or done often; prevalent",,oxford3000,commoner,comparative
common,adj,A1,single,"Occurring, found, or done often; prevalent",,oxford3000,commonest,superlative
common,noun,A1,single,a piece of open land for recreational use in an urban area,,oxford3000,common,base
common,noun,A1,single,a piece of open land for recreational use in an urban area,,oxford3000,commons,plural
commonly,adv,B2,single,Very often; frequently,,oxford3000,commonly,base
communicate,verb,A2,single,"Share or exchange information, news, or ideas",,oxford3000,communicate,base
communicate,verb,A2,single,"Share or exchange information, news, or ideas",,oxford3000,communicates,third_person
communicate,verb,A2,single,"Share or exchange information, news, or ideas",,oxford3000,communicated,past
communicate,verb,A2,single,"Share or exchange information, news, or ideas",,oxford3000,communicating,gerund
communication,noun,B1,single,The imparting or exchanging of information or news,,oxford3000,communication,base
communication,noun,B1,single,The imparting or exchanging of information or news,,oxford3000,communications,plural
community,noun,A2,single,A group of people living in the same place or having a particular characteristic in common,,oxford3000,community,base
community,noun,A2,single,A group of people living in the same place or having a particular characteristic in common,,oxford3000,communities,plural
company,noun,A1,single,A commercial business,,oxford3000,company,base
company,noun,A1,single,A commercial business,,oxford3000,companies,plural
compare,verb,A1,single,"Estimate, measure, or note the similarity or dissimilarity between",,oxford3000,compare,base
compare,verb,A1,single,"Estimate, measure, or note the similarity or dissimilarity between",,oxford3000,compares,third_person
compare,verb,A1,single,"Estimate, measure, or note the similarity or dissimilarity between",,oxford3000,compared,past
compare,verb,A1,single,"Estimate, measure, or note the similarity or dissimilarity between",,oxford3000,comparing,gerund
comparison,noun,B1,single,The act or instance of comparing,,oxford3000,comparison,base
comparison,noun,B1,single,The act or instance of comparing,,oxford3000,comparisons,plural
compete,verb,A2,single,Strive to gain or win something by defeating or establishing superiority over others,,oxford3000,compete,base
compete,verb,A2,single,Strive to gain or win something by defeating or establishing superiority over others,,oxford3000,competes,third_person
compete,verb,A2,single,Strive to gain or win something by defeating or establishing superiority over others,,oxford3000,competed,past
compete,verb,A2,single,Strive to gain or win something by defeating or establishing superiority over others,,oxford3000,competing,gerund
competition,noun,A2,single,The activity or condition of striving to gain or win something by defeating or establishing superiority over others,,oxford3000,competition,base
competition,noun,A2,single,The activity or condition of striving to gain or win something by defeating or establishing superiority over others,,oxford3000,competitions,plural
competitive,adj,B1,single,As good as or better than others of a comparable nature,,oxford3000,competitive,base
competitor,noun,B1,single,the contestant you hope to defeat,,oxford3000,competitor,base
competitor,noun,B1,single,the contestant you hope to defeat,,oxford3000,competitors,plural
complain,verb,A2,single,Express dissatisfaction or annoyance about something,,oxford3000,complain,base
complain,verb,A2,single,Express dissatisfaction or annoyance about something,,oxford3000,complains,third_person
complain,verb,A2,single,Express dissatisfaction or annoyance about something,,oxford3000,complained,past
complain,verb,A2,single,Express dissatisfaction or annoyance about something,,oxford3000,complaining,gerund
complaint,noun,B1,single,A statement that something is unsatisfactory or unacceptable,,oxford3000,complaint,base
complaint,noun,B1,single,A statement that something is unsatisfactory or unacceptable,,oxford3000,complaints,plural
complete,adj,A1,single,having every necessary or normal part or component or step,,oxford3000,complete,base
complete,verb,A1,single,Having all the necessary or appropriate parts,,oxford3000,complete,base
complete,verb,A1,single,Having all the necessary or appropriate parts,,oxford3000,completes,third_person
complete,verb,A1,single,Having all the necessary or appropriate parts,,oxford3000,completed,past
complete,verb,A1,single,Having all the necessary or appropriate parts,,oxford3000,completing,gerund
completely,adv,A2,single,Totally; utterly,,oxford3000,completely,base
complex,adj,B1,single,Consisting of many different and connected parts,,oxford3000,complex,base
complex,noun,B2,single,a conceptual whole made up of complicated and related parts,,oxford3000,complex,base
complex,noun,B2,single,a conceptual whole made up of complicated and related parts,,oxford3000,complexes,plural
complicated,adj,B2,single,Consisting of many interconnecting parts or elements; intricate,,oxford3000,complicated,base
component,noun,B2,single,an abstract part of something,,oxford3000,component,base
component,noun,B2,single,an abstract part of something,,oxford3000,components,plural
computer,noun,A1,single,"An electronic device for storing and processing data, typically in binary form, according to instructions given to it in a variable program",,oxford3000,computer,base
computer,noun,A1,single,"An electronic device for storing and processing data, typically in binary form, according to instructions given to it in a variable program",,oxford3000,computers,plural
concentrate,verb,B1,single,Focus all one's attention on a particular object or activity,,oxford3000,concentrate,base
concentrate,verb,B1,single,Focus all one's attention on a particular object or activity,,oxford3000,concentrates,third_person
concentrate,verb,B1,single,Focus all one's attention on a particular object or activity,,oxford3000,concentrated,past
concentrate,verb,B1,single,Focus all one's attention on a particular object or activity,,oxford3000,concentrating,gerund
concentration,noun,B2,single,The action or power of focusing one's attention or mental effort,,oxford3000,concentration,base
concentration,noun,B2,single,The action or power of focusing one's attention or mental effort,,oxford3000,concentrations,plural
concept,noun,B2,single,An abstract idea; a general notion,,oxford3000,concept,base
concept,noun,B2,single,An abstract idea; a general notion,,oxford3000,concepts,plural
concern,noun,B2,single,something that interests you because it is important or affects you,,oxford3000,concern,base
concern,noun,B2,single,something that interests you because it is important or affects you,,oxford3000,concerns,plural
concern,verb,B2,single,Relate to; be about,,oxford3000,concern,base
concern,verb,B2,single,Relate to; be about,,oxford3000,concerns,third_person
concern,verb,B2,single,Relate to; be about,,oxford3000,concerned,past
concern,verb,B2,single,Relate to; be about,,oxford3000,concerning,gerund
concerned,adj,B2,single,"Worried, troubled, or anxious",,oxford3000,concerned,base
concert,noun,A1,single,"A musical performance given in public, typically by several performers or of several separate compositions",,oxford3000,concert,base
concert,noun,A1,single,"A musical performance given in public, typically by several performers or of several separate compositions",,oxford3000,concerts,plural
conclude,verb,B1,single,Bring (something) to an end,,oxford3000,conclude,base
conclude,verb,B1,single,Bring (something) to an end,,oxford3000,concludes,third_person
conclude,verb,B1,single,Bring (something) to an end,,oxford3000,concluded,past
conclude,verb,B1,single,Bring (something) to an end,,oxford3000,concluding,gerund
conclusion,noun,B1,single,The end or finish of an event or process,,oxford3000,conclusion,base
conclusion,noun,B1,single,The end or finish of an event or process,,oxford3000,conclusions,plural
condition,noun,A2,single,"The state of something with regard to its appearance, quality, or working order",,oxford3000,condition,base
condition,noun,A2,single,"The state of something with regard to its appearance, quality, or working order",,oxford3000,conditions,plural
conduct,noun,B2,single,manner of acting or controlling yourself,,oxford3000,conduct,base
conduct,verb,B2,single,Organize and carry out,,oxford3000,conduct,base
conduct,verb,B2,single,Organize and carry out,,oxford3000,conducts,third_person
conduct,verb,B2,single,Organize and carry out,,oxford3000,conducted,past
conduct,verb,B2,single,Organize and carry out,,oxford3000,conducting,gerund
conference,noun,A2,single,A formal meeting for discussion,,oxford3000,conference,base
conference,noun,A2,single,A formal meeting for discussion,,oxford3000,conferences,plural
confidence,noun,B2,single,The feeling or belief that one can rely on someone or something; firm trust,,oxford3000,confidence,base
confidence,noun,B2,single,The feeling or belief that one can rely on someone or something; firm trust,,oxford3000,confidences,plural
confident,adj,B1,single,Feeling or showing confidence in oneself; self-assured,,oxford3000,confident,base
confirm,verb,B1,single,"Establish the truth or correctness of (something previously believed, suspected, or feared to be the case)",,oxford3000,confirm,base
confirm,verb,B1,single,"Establish the truth or correctness of (something previously believed, suspected, or feared to be the case)",,oxford3000,confirms,third_person
confirm,verb,B1,single,"Establish the truth or correctness of (something previously believed, suspected, or feared to be the case)",,oxford3000,confirmed,past
confirm,verb,B1,single,"Establish the truth or correctness of (something previously believed, suspected, or feared to be the case)",,oxford3000,confirming,gerund
conflict,noun,B2,single,"A serious disagreement or argument, typically a protracted one",,oxford3000,conflict,base
conflict,noun,B2,single,"A serious disagreement or argument, typically a protracted one",,oxford3000,conflicts,plural
conflict,verb,B2,single,be in conflict,,oxford3000,conflict,base
conflict,verb,B2,single,be in conflict,,oxford3000,conflicts,third_person
conflict,verb,B2,single,be in conflict,,oxford3000,conflicted,past
conflict,verb,B2,single,be in conflict,,oxford3000,conflicting,gerund
confuse,verb,B1,single,Cause (someone) to become bewildered or perplexed,,oxford3000,confuse,base
confuse,verb,B1,single,Cause (someone) to become bewildered or perplexed,,oxford3000,confuses,third_person
confuse,verb,B1,single,Cause (someone) to become bewildered or perplexed,,oxford3000,confused,past
confuse,verb,B1,single,Cause (someone) to become bewildered or perplexed,,oxford3000,confusing,gerund
confused,adj,B1,single,Unable to think clearly; bewildered,,oxford3000,confused,base
confusing,adj,B2,single,Bewildering or perplexing,,oxford3000,confusing,base
connect,verb,A2,single,Bring together or into contact so that a real or notional link is established,,oxford3000,connect,base
connect,verb,A2,single,Bring together or into contact so that a real or notional link is established,,oxford3000,connects,third_person
connect,verb,A2,single,Bring together or into contact so that a real or notional link is established,,oxford3000,connected,past
connect,verb,A2,single,Bring together or into contact so that a real or notional link is established,,oxford3000,connecting,gerund
connected,adj,A2,single,Brought together or into contact so that a link is established,,oxford3000,connected,base
connection,noun,B1,single,A relationship in which a person or thing is linked or associated with something else,,oxford3000,connection,base
connection,noun,B1,single,A relationship in which a person or thing is linked or associated with something else,,oxford3000,connections,plural
conscious,adj,B2,single,Aware of and responding to one's surroundings,,oxford3000,conscious,base
consequence,noun,B1,single,A result or effect of an action or condition,,oxford3000,consequence,base
consequence,noun,B1,single,A result or effect of an action or condition,,oxford3000,consequences,plural
conservative,adj,B2,single,Holding to traditional attitudes and values and cautious about change or innovation,,oxford3000,conservative,base
conservative,noun,B2,single,a person who is reluctant to accept changes and new ideas,,oxford3000,conservative,base
conservative,noun,B2,single,a person who is reluctant to accept changes and new ideas,,oxford3000,conservatives,plural
consider,verb,A2,single,"Think carefully about (something), typically before making a decision",,oxford3000,consider,base
consider,verb,A2,single,"Think carefully about (something), typically before making a decision",,oxford3000,considers,third_person
consider,verb,A2,single,"Think carefully about (something), typically before making a decision",,oxford3000,considered,past
consider,verb,A2,single,"Think carefully about (something), typically before making a decision",,oxford3000,considering,gerund
consideration,noun,B2,single,"Careful thought, typically over a period of time",,oxford3000,consideration,base
consideration,noun,B2,single,"Careful thought, typically over a period of time",,oxford3000,considerations,plural
consist,verb,B1,single,Be composed or made up of,,oxford3000,consist,base
consist,verb,B1,single,Be composed or made up of,,oxford3000,consists,third_person
consist,verb,B1,single,Be composed or made up of,,oxford3000,consisted,past
consist,verb,B1,single,Be composed or made up of,,oxford3000,consisting,gerund
consistent,adj,B2,single,(sometimes followed by `with') in agreement or consistent or reliable; ; - FDR,,oxford3000,consistent,base
constant,adj,B2,single,Occurring continuously over a period of time,,oxford3000,constant,base
constantly,adv,B2,single,Continuously over a period of time; always,,oxford3000,constantly,base
construct,verb,B2,single,"Build or erect (something, typically a building, road, or machine)",,oxford3000,construct,base
construct,verb,B2,single,"Build or erect (something, typically a building, road, or machine)",,oxford3000,constructs,third_person
construct,verb,B2,single,"Build or erect (something, typically a building, road, or machine)",,oxford3000,constructed,past
construct,verb,B2,single,"Build or erect (something, typically a building, road, or machine)",,oxford3000,constructing,gerund
construction,noun,B2,single,"The action of building something, typically a large structure",,oxford3000,construction,base
construction,noun,B2,single,"The action of building something, typically a large structure",,oxford3000,constructions,plural
consume,verb,B1,single,eat immoderately,,oxford3000,consume,base
consume,verb,B1,single,eat immoderately,,oxford3000,consumes,third_person
consume,verb,B1,single,eat immoderately,,oxford3000,consumed,past
consume,verb,B1,single,eat immoderately,,oxford3000,consuming,gerund
consumer,noun,B1,single,A person who purchases goods and services for personal use,,oxford3000,consumer,base
consumer,noun,B1,single,A person who purchases goods and services for personal use,,oxford3000,consumers,plural
contact,noun,B1,single,The state or condition of physical touching,,oxford3000,contact,base
contact,noun,B1,single,The state or condition of physical touching,,oxford3000,contacts,plural
contact,verb,B1,single,be in or establish communication with,,oxford3000,contact,base
contact,verb,B1,single,be in or establish communication with,,oxford3000,contacts,third_person
contact,verb,B1,single,be in or establish communication with,,oxford3000,contacted,past
contact,verb,B1,single,be in or establish communication with,,oxford3000,contacting,gerund
contain,verb,A2,single,Have or hold (someone or something) within,,oxford3000,contain,base
contain,verb,A2,single,Have or hold (someone or something) within,,oxford3000,contains,third_person
contain,verb,A2,single,Have or hold (someone or something) within,,oxford3000,contained,past
contain,verb,A2,single,Have or hold (someone or something) within,,oxford3000,containing,gerund
container,noun,B1,single,An object that can be used to hold or transport something,,oxford3000,container,base
container,noun,B1,single,An object that can be used to hold or transport something,,oxford3000,containers,plural
contemporary,adj,B2,single,Living or occurring at the same time,,oxford3000,contemporary,base
content,noun,B1,single,everything that is included in a collection and that is held or included in something,,oxford3000,content,base
content,noun,B1,single,everything that is included in a collection and that is held or included in something,,oxford3000,contents,plural
contest,noun,B2,single,"An event in which people compete for supremacy in a sport, activity, or particular quality",,oxford3000,contest,base
contest,noun,B2,single,"An event in which people compete for supremacy in a sport, activity, or particular quality",,oxford3000,contests,plural
contest,verb,B2,single,"to make the subject of dispute, contention, or litigation",,oxford3000,contest,base
contest,verb,B2,single,"to make the subject of dispute, contention, or litigation",,oxford3000,contests,third_person
contest,verb,B2,single,"to make the subject of dispute, contention, or litigation",,oxford3000,contested,past
contest,verb,B2,single,"to make the subject of dispute, contention, or litigation",,oxford3000,contesting,gerund
context,noun,A2,single,"The circumstances that form the setting for an event, statement, or idea, and in terms of which it can be fully understood and assessed",,oxford3000,context,base
context,noun,A2,single,"The circumstances that form the setting for an event, statement, or idea, and in terms of which it can be fully understood and assessed",,oxford3000,contexts,plural
continent,noun,A2,single,"Any of the world's main continuous expanses of land (Europe, Asia, Africa, North and South America, Australia, Antarctica)",,oxford3000,continent,base
continent,noun,A2,single,"Any of the world's main continuous expanses of land (Europe, Asia, Africa, North and South America, Australia, Antarctica)",,oxford3000,continents,plural
continue,verb,A2,single,Persist in an activity or process,,oxford3000,continue,base
continue,verb,A2,single,Persist in an activity or process,,oxford3000,continues,third_person
continue,verb,A2,single,Persist in an activity or process,,oxford3000,continued,past
continue,verb,A2,single,Persist in an activity or process,,oxford3000,continuing,gerund
continuous,adj,B1,single,Forming an unbroken whole; without interruption,,oxford3000,continuous,base
contract,noun,B2,single,"A written or spoken agreement, especially one concerning employment, sales, or tenancy, that is intended to be enforceable by law",,oxford3000,contract,base
contract,noun,B2,single,"A written or spoken agreement, especially one concerning employment, sales, or tenancy, that is intended to be enforceable by law",,oxford3000,contracts,plural
contract,verb,B2,single,enter into a contractual arrangement,,oxford3000,contract,base
contract,verb,B2,single,enter into a contractual arrangement,,oxford3000,contracts,third_person
contract,verb,B2,single,enter into a contractual arrangement,,oxford3000,contracted,past
contract,verb,B2,single,enter into a contractual arrangement,,oxford3000,contracting,gerund
contrast,noun,B1,single,The state of being strikingly different from something else in juxtaposition or close association,,oxford3000,contrast,base
contrast,noun,B1,single,The state of being strikingly different from something else in juxtaposition or close association,,oxford3000,contrasts,plural
contrast,verb,B1,single,put in opposition to show or emphasize differences,,oxford3000,contrast,base
contrast,verb,B1,single,put in opposition to show or emphasize differences,,oxford3000,contrasts,third_person
contrast,verb,B1,single,put in opposition to show or emphasize differences,,oxford3000,contrasted,past
contrast,verb,B1,single,put in opposition to show or emphasize differences,,oxford3000,contrasting,gerund
contribute,verb,B2,single,"Give (something, especially money) in order to help achieve or provide something",,oxford3000,contribute,base
contribute,verb,B2,single,"Give (something, especially money) in order to help achieve or provide something",,oxford3000,contributes,third_person
contribute,verb,B2,single,"Give (something, especially money) in order to help achieve or provide something",,oxford3000,contributed,past
contribute,verb,B2,single,"Give (something, especially money) in order to help achieve or provide something",,oxford3000,contributing,gerund
contribution,noun,B2,single,A gift or payment to a common fund or collection,,oxford3000,contribution,base
contribution,noun,B2,single,A gift or payment to a common fund or collection,,oxford3000,contributions,plural
control,noun,A2,single,The power to influence or direct people's behavior or the course of events,,oxford3000,control,base
control,noun,A2,single,The power to influence or direct people's behavior or the course of events,,oxford3000,controls,plural
control,verb,A2,single,exercise authoritative control or power over,,oxford3000,control,base
control,verb,A2,single,exercise authoritative control or power over,,oxford3000,controls,third_person
control,verb,A2,single,exercise authoritative control or power over,,oxford3000,controlled,past
control,verb,A2,single,exercise authoritative control or power over,,oxford3000,controled,past
control,verb,A2,single,exercise authoritative control or power over,,oxford3000,controlling,gerund
control,verb,A2,single,exercise authoritative control or power over,,oxford3000,controling,gerund
convenient,adj,B1,single,"Fitting in well with a person's needs, activities, and plans",,oxford3000,convenient,base
conversation,noun,A1,single,"A talk, especially an informal one, between two or more people, in which news and ideas are exchanged",,oxford3000,conversation,base
conversation,noun,A1,single,"A talk, especially an informal one, between two or more people, in which news and ideas are exchanged",,oxford3000,conversations,plural
convert,verb,B2,single,"Change the form, character, or function of something",,oxford3000,convert,base
convert,verb,B2,single,"Change the form, character, or function of something",,oxford3000,converts,third_person
convert,verb,B2,single,"Change the form, character, or function of something",,oxford3000,converted,past
convert,verb,B2,single,"Change the form, character, or function of something",,oxford3000,converting,gerund
convince,verb,B1,single,Cause (someone) to believe firmly in the truth of something,,oxford3000,convince,base
convince,verb,B1,single,Cause (someone) to believe firmly in the truth of something,,oxford3000,convinces,third_person
convince,verb,B1,single,Cause (someone) to believe firmly in the truth of something,,oxford3000,convinced,past
convince,verb,B1,single,Cause (someone) to believe firmly in the truth of something,,oxford3000,convincing,gerund
convinced,adj,B2,single,persuaded of; very sure,,oxford3000,convinced,base
cook,noun,A2,single,someone who cooks food,,oxford3000,cook,base
cook,noun,A2,single,someone who cooks food,,oxford3000,cooks,plural
cook,verb,A1,single,"Prepare (food, a dish, or a meal) by combining and heating the ingredients",,oxford3000,cook,base
cook,verb,A1,single,"Prepare (food, a dish, or a meal) by combining and heating the ingredients",,oxford3000,cooks,third_person
cook,verb,A1,single,"Prepare (food, a dish, or a meal) by combining and heating the ingredients",,oxford3000,cooked,past
cook,verb,A1,single,"Prepare (food, a dish, or a meal) by combining and heating the ingredients",,oxford3000,cooking,gerund
cooker,noun,A2,single,A person employed to prepare food in a restaurant,,oxford3000,cooker,base
cooker,noun,A2,single,A person employed to prepare food in a restaurant,,oxford3000,cookers,plural
cooking,noun,A1,single,"The practice or skill of preparing food by combining, mixing, and heating ingredients",,oxford3000,cooking,base
cool,adj,A1,single,Of or at a fairly low temperature,,oxford3000,cool,base
cool,adj,A1,single,Of or at a fairly low temperature,,oxford3000,cooler,comparative
cool,adj,A1,single,Of or at a fairly low temperature,,oxford3000,coolest,superlative
cool,verb,B1,single,make cool or cooler,,oxford3000,cool,base
cool,verb,B1,single,make cool or cooler,,oxford3000,cools,third_person
cool,verb,B1,single,make cool or cooler,,oxford3000,cooled,past
cool,verb,B1,single,make cool or cooler,,oxford3000,cooling,gerund
copy,noun,A2,single,A thing made to be similar or identical to another,,oxford3000,copy,base
copy,noun,A2,single,A thing made to be similar or identical to another,,oxford3000,copies,plural
copy,verb,A2,single,copy down as is,,oxford3000,copy,base
copy,verb,A2,single,copy down as is,,oxford3000,copies,third_person
copy,verb,A2,single,copy down as is,,oxford3000,copied,past
copy,verb,A2,single,copy down as is,,oxford3000,copying,gerund
core,adj,B2,single,The central or most important part of something,,oxford3000,core,base
core,noun,B2,single,The central or most important part of something,,oxford3000,core,base
core,noun,B2,single,The central or most important part of something,,oxford3000,cores,plural
corner,noun,A2,single,A place or angle where two or more sides or edges meet,,oxford3000,corner,base
corner,noun,A2,single,A place or angle where two or more sides or edges meet,,oxford3000,corners,plural
corporate,adj,B2,single,of or belonging to a corporation,,oxford3000,corporate,base
correct,adj,A1,single,Free from error; in accordance with fact or truth,,oxford3000,correct,base
correct,verb,A1,single,make right or correct,,oxford3000,correct,base
correct,verb,A1,single,make right or correct,,oxford3000,corrects,third_person
correct,verb,A1,single,make right or correct,,oxford3000,corrected,past
correct,verb,A1,single,make right or correct,,oxford3000,correcting,gerund
correctly,adv,A2,single,In a way that is free from error or in accordance with fact or truth,,oxford3000,correctly,base
correctly,adv,A2,single,In a way that is free from error or in accordance with fact or truth,,oxford3000,correctlier,comparative
correctly,adv,A2,single,In a way that is free from error or in accordance with fact or truth,,oxford3000,correctliest,superlative
cost,noun,A1,single,An amount that has to be paid or spent to buy or obtain something,,oxford3000,cost,base
cost,noun,A1,single,An amount that has to be paid or spent to buy or obtain something,,oxford3000,costs,plural
cost,verb,A1,single,be priced at,,oxford3000,cost,base
cost,verb,A1,single,be priced at,,oxford3000,costs,third_person
cost,verb,A1,single,be priced at,,oxford3000,costed,past
cost,verb,A1,single,be priced at,,oxford3000,costing,gerund
costume,noun,B1,single,the attire worn in a play or at a fancy dress ball,,oxford3000,costume,base
costume,noun,B1,single,the attire worn in a play or at a fancy dress ball,,oxford3000,costumes,plural
cottage,noun,B1,single,"A small simple house, typically one near a lake or beach",,oxford3000,cottage,base
cottage,noun,B1,single,"A small simple house, typically one near a lake or beach",,oxford3000,cottages,plural
cotton,noun,B1,single,A soft white fibrous substance that surrounds the seeds of the cotton plant and is used as textile fiber and thread for sewing,,oxford3000,cotton,base
cotton,noun,B1,single,A soft white fibrous substance that surrounds the seeds of the cotton plant and is used as textile fiber and thread for sewing,,oxford3000,cottons,plural
could,verb,A1,single,"Past form of can, used to indicate possibility",,oxford3000,could,base
council,noun,B2,single,"An advisory, deliberative, or legislative body of people formally constituted and meeting regularly",,oxford3000,council,base
council,noun,B2,single,"An advisory, deliberative, or legislative body of people formally constituted and meeting regularly",,oxford3000,councils,plural
count,noun,B1,single,the total number counted,,oxford3000,count,base
count,noun,B1,single,the total number counted,,oxford3000,counts,plural
count,verb,A2,single,Determine the total number of (a collection of items),,oxford3000,count,base
count,verb,A2,single,Determine the total number of (a collection of items),,oxford3000,counts,third_person
count,verb,A2,single,Determine the total number of (a collection of items),,oxford3000,counted,past
count,verb,A2,single,Determine the total number of (a collection of items),,oxford3000,counting,gerund
country,noun,A1,single,"A nation with its own government, occupying a particular territory",,oxford3000,country,base
country,noun,A1,single,"A nation with its own government, occupying a particular territory",,oxford3000,countries,plural
countryside,noun,B1,single,The land and scenery of a rural area,,oxford3000,countryside,base
county,noun,B2,single,"A territorial division of some countries, forming the chief unit of local administration",,oxford3000,county,base
couple,noun,A2,single,Two individuals of the same sort considered together,,oxford3000,couple,base
couple,noun,A2,single,Two individuals of the same sort considered together,,oxford3000,couples,plural
courage,noun,B2,single,The ability to do something that frightens one; bravery,,oxford3000,courage,base
course,noun,A1,single,"The route or direction followed by a ship, aircraft, road, or river",,oxford3000,course,base
course,noun,A1,single,"The route or direction followed by a ship, aircraft, road, or river",,oxford3000,courses,plural
court,noun,B1,single,"A tribunal presided over by a judge, judges, or a magistrate in civil and criminal cases",,oxford3000,court,base
court,noun,B1,single,"A tribunal presided over by a judge, judges, or a magistrate in civil and criminal cases",,oxford3000,courts,plural
cousin,noun,A1,single,A child of one's uncle or aunt,,oxford3000,cousin,base
cousin,noun,A1,single,A child of one's uncle or aunt,,oxford3000,cousins,plural
cover,noun,B1,single,a covering that serves to conceal or shelter something,,oxford3000,cover,base
cover,noun,B1,single,a covering that serves to conceal or shelter something,,oxford3000,covers,plural
cover,verb,A2,single,Put something such as a cloth or lid on top of or in front of (something) in order to protect or conceal it,,oxford3000,cover,base
cover,verb,A2,single,Put something such as a cloth or lid on top of or in front of (something) in order to protect or conceal it,,oxford3000,covers,third_person
cover,verb,A2,single,Put something such as a cloth or lid on top of or in front of (something) in order to protect or conceal it,,oxford3000,covered,past
cover,verb,A2,single,Put something such as a cloth or lid on top of or in front of (something) in order to protect or conceal it,,oxford3000,covering,gerund
covered,adj,B1,single,Having a covering,,oxford3000,covered,base
cow,noun,A1,single,"A fully grown female animal of a domesticated breed of ox, kept to produce milk or beef",,oxford3000,cow,base
cow,noun,A1,single,"A fully grown female animal of a domesticated breed of ox, kept to produce milk or beef",,oxford3000,cows,plural
crash,noun,B2,single,a loud resonant repeating noise,,oxford3000,crash,base
crash,noun,B2,single,a loud resonant repeating noise,,oxford3000,crashes,plural
crash,verb,B2,single,"A violent collision, typically of one vehicle with another or an object",,oxford3000,crash,base
crash,verb,B2,single,"A violent collision, typically of one vehicle with another or an object",,oxford3000,crashes,third_person
crash,verb,B2,single,"A violent collision, typically of one vehicle with another or an object",,oxford3000,crashed,past
crash,verb,B2,single,"A violent collision, typically of one vehicle with another or an object",,oxford3000,crashing,gerund
crazy,adj,A2,single,"Mentally deranged, especially as manifested in a wild or aggressive way",,oxford3000,crazy,base
crazy,adj,A2,single,"Mentally deranged, especially as manifested in a wild or aggressive way",,oxford3000,crazier,comparative
crazy,adj,A2,single,"Mentally deranged, especially as manifested in a wild or aggressive way",,oxford3000,craziest,superlative
cream,adj,B1,single,The thick white or pale yellow fatty liquid which rises to the top when milk is left to stand and which can be skimmed off and used in cooking,,oxford3000,cream,base
cream,noun,A1,single,The thick white or pale yellow fatty liquid which rises to the top when milk is left to stand and which can be skimmed off and used in cooking,,oxford3000,cream,base
cream,noun,A1,single,The thick white or pale yellow fatty liquid which rises to the top when milk is left to stand and which can be skimmed off and used in cooking,,oxford3000,creams,plural
create,verb,A1,single,Bring (something) into existence,,oxford3000,create,base
create,verb,A1,single,Bring (something) into existence,,oxford3000,creates,third_person
create,verb,A1,single,Bring (something) into existence,,oxford3000,created,past
create,verb,A1,single,Bring (something) into existence,,oxford3000,creating,gerund
creation,noun,B2,single,the human act of creating,,oxford3000,creation,base
creation,noun,B2,single,the human act of creating,,oxford3000,creations,plural
creative,adj,A2,single,having the ability or power to create,,oxford3000,creative,base
creature,noun,B2,single,"An animal, as distinct from a human being",,oxford3000,creature,base
creature,noun,B2,single,"An animal, as distinct from a human being",,oxford3000,creatures,plural
credit,noun,A2,single,"The ability of a customer to obtain goods or services before payment, based on the trust that payment will be made in the future",,oxford3000,credit,base
credit,noun,A2,single,"The ability of a customer to obtain goods or services before payment, based on the trust that payment will be made in the future",,oxford3000,credits,plural
credit,verb,B2,single,give someone credit for something,,oxford3000,credit,base
credit,verb,B2,single,give someone credit for something,,oxford3000,credits,third_person
credit,verb,B2,single,give someone credit for something,,oxford3000,credited,past
credit,verb,B2,single,give someone credit for something,,oxford3000,crediting,gerund
crew,noun,B2,single,"the men and women who man a vehicle (ship, aircraft, etc.)",,oxford3000,crew,base
crew,noun,B2,single,"the men and women who man a vehicle (ship, aircraft, etc.)",,oxford3000,crews,plural
crime,noun,A2,single,An action or omission that constitutes an offense that may be prosecuted by the state and is punishable by law,,oxford3000,crime,base
crime,noun,A2,single,An action or omission that constitutes an offense that may be prosecuted by the state and is punishable by law,,oxford3000,crimes,plural
criminal,adj,B1,single,bringing or deserving severe rebuke or censure,,oxford3000,criminal,base
criminal,noun,A2,single,A person who has committed a crime,,oxford3000,criminal,base
criminal,noun,A2,single,A person who has committed a crime,,oxford3000,criminals,plural
crisis,noun,B2,single,"A time of intense difficulty, trouble, or danger",,oxford3000,crisis,base
crisis,noun,B2,single,"A time of intense difficulty, trouble, or danger",,oxford3000,crises,plural
criterion,noun,B2,single,A principle or standard by which something may be judged or decided,,oxford3000,criterion,base
criterion,noun,B2,single,A principle or standard by which something may be judged or decided,,oxford3000,criteria,plural
criterion,noun,B2,single,A principle or standard by which something may be judged or decided,,oxford3000,criterions,plural
critic,noun,B2,single,a person who is professionally engaged in the analysis and interpretation of works of art,,oxford3000,critic,base
critic,noun,B2,single,a person who is professionally engaged in the analysis and interpretation of works of art,,oxford3000,critics,plural
critical,adj,B2,single,Expressing adverse or disapproving comments or judgments,,oxford3000,critical,base
criticism,noun,B2,single,The expression of disapproval of someone or something based on perceived faults or mistakes,,oxford3000,criticism,base
criticism,noun,B2,single,The expression of disapproval of someone or something based on perceived faults or mistakes,,oxford3000,criticisms,plural
criticize,verb,B2,single,Indicate the faults of (someone or something) in a disapproving way,,oxford3000,criticize,base
criticize,verb,B2,single,Indicate the faults of (someone or something) in a disapproving way,,oxford3000,criticizes,third_person
criticize,verb,B2,single,Indicate the faults of (someone or something) in a disapproving way,,oxford3000,criticized,past
criticize,verb,B2,single,Indicate the faults of (someone or something) in a disapproving way,,oxford3000,criticizing,gerund
crop,noun,B2,single,"A cultivated plant that is grown as food, especially a grain, fruit, or vegetable",,oxford3000,crop,base
crop,noun,B2,single,"A cultivated plant that is grown as food, especially a grain, fruit, or vegetable",,oxford3000,crops,plural
cross,noun,A2,single,a wooden structure consisting of an upright post with a transverse piece,,oxford3000,cross,base
cross,noun,A2,single,a wooden structure consisting of an upright post with a transverse piece,,oxford3000,crosses,plural
cross,verb,A2,single,"Go or extend across or to the other side of (a path, road, stretch of water, or area)",,oxford3000,cross,base
cross,verb,A2,single,"Go or extend across or to the other side of (a path, road, stretch of water, or area)",,oxford3000,crosses,third_person
cross,verb,A2,single,"Go or extend across or to the other side of (a path, road, stretch of water, or area)",,oxford3000,crossed,past
cross,verb,A2,single,"Go or extend across or to the other side of (a path, road, stretch of water, or area)",,oxford3000,crossing,gerund
crowd,noun,A2,single,A large number of people gathered together in a disorganized or unruly way,,oxford3000,crowd,base
crowd,noun,A2,single,A large number of people gathered together in a disorganized or unruly way,,oxford3000,crowds,plural
crowded,adj,A2,single,Having a large number of people in a small area,,oxford3000,crowded,base
crucial,adj,B2,single,"Decisive or critical, especially in the success or failure of something",,oxford3000,crucial,base
cruel,adj,B1,single,"Wilfully causing pain or suffering to others, or feeling no concern about it",,oxford3000,cruel,base
cruel,adj,B1,single,"Wilfully causing pain or suffering to others, or feeling no concern about it",,oxford3000,crueler,comparative
cruel,adj,B1,single,"Wilfully causing pain or suffering to others, or feeling no concern about it",,oxford3000,crueller,comparative
cruel,adj,B1,single,"Wilfully causing pain or suffering to others, or feeling no concern about it",,oxford3000,cruelest,superlative
cruel,adj,B1,single,"Wilfully causing pain or suffering to others, or feeling no concern about it",,oxford3000,cruellest,superlative
cry,noun,B2,single,a loud utterance; often in protest or opposition,,oxford3000,cry,base
cry,noun,B2,single,a loud utterance; often in protest or opposition,,oxford3000,cries,plural
cry,verb,A2,single,"Shed tears, typically as an expression of distress, pain, or sorrow",,oxford3000,cry,base
cry,verb,A2,single,"Shed tears, typically as an expression of distress, pain, or sorrow",,oxford3000,cries,third_person
cry,verb,A2,single,"Shed tears, typically as an expression of distress, pain, or sorrow",,oxford3000,cried,past
cry,verb,A2,single,"Shed tears, typically as an expression of distress, pain, or sorrow",,oxford3000,crying,gerund
cultural,adj,B1,single,"Relating to the ideas, customs, and social behavior of a society",,oxford3000,cultural,base
culture,noun,A1,single,The arts and other manifestations of human intellectual achievement regarded collectively,,oxford3000,culture,base
culture,noun,A1,single,The arts and other manifestations of human intellectual achievement regarded collectively,,oxford3000,cultures,plural
cup,noun,A1,single,"A small bowl-shaped container for drinking from, typically having a handle",,oxford3000,cup,base
cup,noun,A1,single,"A small bowl-shaped container for drinking from, typically having a handle",,oxford3000,cups,plural
cupboard,noun,A2,single,"A cabinet or small recess with a door and typically shelves, used for storage",,oxford3000,cupboard,base
cupboard,noun,A2,single,"A cabinet or small recess with a door and typically shelves, used for storage",,oxford3000,cupboards,plural
cure,noun,B2,single,a medicine or therapy that cures disease or relieve pain,,oxford3000,cure,base
cure,noun,B2,single,a medicine or therapy that cures disease or relieve pain,,oxford3000,cures,plural
cure,verb,B2,single,Relieve (a person or animal) of the symptoms of a disease or condition,,oxford3000,cure,base
cure,verb,B2,single,Relieve (a person or animal) of the symptoms of a disease or condition,,oxford3000,cures,third_person
cure,verb,B2,single,Relieve (a person or animal) of the symptoms of a disease or condition,,oxford3000,cured,past
cure,verb,B2,single,Relieve (a person or animal) of the symptoms of a disease or condition,,oxford3000,curing,gerund
curly,adj,A2,single,"Having a twisted, ring, or spiral shape",,oxford3000,curly,base
curly,adj,A2,single,"Having a twisted, ring, or spiral shape",,oxford3000,curlier,comparative
curly,adj,A2,single,"Having a twisted, ring, or spiral shape",,oxford3000,curliest,superlative
currency,noun,B1,single,the metal or paper medium of exchange that is presently used,,oxford3000,currency,base
currency,noun,B1,single,the metal or paper medium of exchange that is presently used,,oxford3000,currencies,plural
current,adj,B1,single,Belonging to the present time; happening or being used or done now,,oxford3000,current,base
current,noun,B2,single,a flow of electricity through a conductor,,oxford3000,current,base
current,noun,B2,single,a flow of electricity through a conductor,,oxford3000,currents,plural
currently,adv,B1,single,At the present time,,oxford3000,currently,base
curtain,noun,B1,single,"A piece of material suspended at the top to form a screen, typically movable sideways along a rail and found as one of a pair at a window",,oxford3000,curtain,base
curtain,noun,B1,single,"A piece of material suspended at the top to form a screen, typically movable sideways along a rail and found as one of a pair at a window",,oxford3000,curtains,plural
curve,noun,B2,single,A line or outline which gradually deviates from being straight for some or all of its length,,oxford3000,curve,base
curve,noun,B2,single,A line or outline which gradually deviates from being straight for some or all of its length,,oxford3000,curves,plural
curve,verb,B2,single,turn sharply; change direction abruptly,,oxford3000,curve,base
curve,verb,B2,single,turn sharply; change direction abruptly,,oxford3000,curves,third_person
curve,verb,B2,single,turn sharply; change direction abruptly,,oxford3000,curved,past
curve,verb,B2,single,turn sharply; change direction abruptly,,oxford3000,curving,gerund
curved,adj,B2,single,Having a round or smoothly bending shape,,oxford3000,curved,base
custom,noun,B1,single,"A traditional and widely accepted way of behaving or doing something that is specific to a particular society, place, or time",,oxford3000,custom,base
custom,noun,B1,single,"A traditional and widely accepted way of behaving or doing something that is specific to a particular society, place, or time",,oxford3000,customs,plural
customer,noun,A1,single,A person who buys goods or services from a shop or business,,oxford3000,customer,base
customer,noun,A1,single,A person who buys goods or services from a shop or business,,oxford3000,customers,plural
cut,noun,B1,single,a share of the profits,,oxford3000,cut,base
cut,noun,B1,single,a share of the profits,,oxford3000,cuts,plural
cut,verb,A1,single,"Make an opening, incision, or wound in (something) with a sharp-edged tool or object",,oxford3000,cut,base
cut,verb,A1,single,"Make an opening, incision, or wound in (something) with a sharp-edged tool or object",,oxford3000,cuts,third_person
cut,verb,A1,single,"Make an opening, incision, or wound in (something) with a sharp-edged tool or object",,oxford3000,cutting,gerund
cycle,noun,A2,single,A series of events that are regularly repeated in the same order,,oxford3000,cycle,base
cycle,noun,A2,single,A series of events that are regularly repeated in the same order,,oxford3000,cycles,plural
cycle,verb,A2,single,cause to go through a recurring sequence,,oxford3000,cycle,base
cycle,verb,A2,single,cause to go through a recurring sequence,,oxford3000,cycles,third_person
cycle,verb,A2,single,cause to go through a recurring sequence,,oxford3000,cycled,past
cycle,verb,A2,single,cause to go through a recurring sequence,,oxford3000,cycling,gerund
dad,noun,A1,single,an informal term for a father; probably derived from baby talk,,oxford3000,dad,base
dad,noun,A1,single,an informal term for a father; probably derived from baby talk,,oxford3000,dads,plural
daily,adj,A2,single,"Happening, done, or produced every day",,oxford3000,daily,base
daily,adv,B1,single,every day; without missing a day,,oxford3000,daily,base
damage,noun,B1,single,"Physical harm that impairs the value, usefulness, or normal function of something",,oxford3000,damage,base
damage,noun,B1,single,"Physical harm that impairs the value, usefulness, or normal function of something",,oxford3000,damages,plural
damage,verb,B1,single,inflict damage upon,,oxford3000,damage,base
damage,verb,B1,single,inflict damage upon,,oxford3000,damages,third_person
damage,verb,B1,single,inflict damage upon,,oxford3000,damaged,past
damage,verb,B1,single,inflict damage upon,,oxford3000,damaging,gerund
dance,noun,A1,single,an artistic form of nonverbal communication,,oxford3000,dance,base
dance,noun,A1,single,an artistic form of nonverbal communication,,oxford3000,dances,plural
dance,verb,A1,single,"Move rhythmically to music, typically following a set sequence of steps",,oxford3000,dance,base
dance,verb,A1,single,"Move rhythmically to music, typically following a set sequence of steps",,oxford3000,dances,third_person
dance,verb,A1,single,"Move rhythmically to music, typically following a set sequence of steps",,oxford3000,danced,past
dance,verb,A1,single,"Move rhythmically to music, typically following a set sequence of steps",,oxford3000,dancing,gerund
dancer,noun,A1,single,A person who dances or whose profession is dancing,,oxford3000,dancer,base
dancer,noun,A1,single,A person who dances or whose profession is dancing,,oxford3000,dancers,plural
dancing,noun,A1,single,The activity of dancing for pleasure or as a profession,,oxford3000,dancing,base
danger,noun,A2,single,The possibility of suffering harm or injury,,oxford3000,danger,base
danger,noun,A2,single,The possibility of suffering harm or injury,,oxford3000,dangers,plural
dangerous,adj,A1,single,Able or likely to cause harm or injury,,oxford3000,dangerous,base
dark,adj,A1,single,With little or no light,,oxford3000,dark,base
dark,adj,A1,single,With little or no light,,oxford3000,darker,comparative
dark,adj,A1,single,With little or no light,,oxford3000,darkest,superlative
dark,noun,A2,single,absence of light or illumination,,oxford3000,dark,base
data,noun,A2,single,Facts and statistics collected together for reference or analysis,,oxford3000,data,base
date,noun,A1,single,The day of the month or year as specified by a number,,oxford3000,date,base
date,noun,A1,single,The day of the month or year as specified by a number,,oxford3000,dates,plural
date,verb,B2,single,go on a date with,,oxford3000,date,base
date,verb,B2,single,go on a date with,,oxford3000,dates,third_person
date,verb,B2,single,go on a date with,,oxford3000,dated,past
date,verb,B2,single,go on a date with,,oxford3000,dating,gerund
daughter,noun,A1,single,A female child in relation to her parents,,oxford3000,daughter,base
daughter,noun,A1,single,A female child in relation to her parents,,oxford3000,daughters,plural
day,noun,A1,single,A period of 24 hours as a unit of time,,oxford3000,day,base
day,noun,A1,single,A period of 24 hours as a unit of time,,oxford3000,days,plural
dead,adj,A2,single,No longer alive,,oxford3000,dead,base
dead,adj,A2,single,No longer alive,,oxford3000,deader,comparative
dead,adj,A2,single,No longer alive,,oxford3000,deadest,superlative
deal,noun,B1,single,a particular instance of buying or selling,,oxford3000,deal,base
deal,noun,B1,single,a particular instance of buying or selling,,oxford3000,deals,plural
deal,verb,A2,single,Distribute (cards) in an orderly rotation to the players for a game or round,,oxford3000,deal,base
deal,verb,A2,single,Distribute (cards) in an orderly rotation to the players for a game or round,,oxford3000,deals,third_person
deal,verb,A2,single,Distribute (cards) in an orderly rotation to the players for a game or round,,oxford3000,dealt,past
deal,verb,A2,single,Distribute (cards) in an orderly rotation to the players for a game or round,,oxford3000,dealing,gerund
dear,adj,A1,single,Regarded with deep affection,,oxford3000,dear,base
dear,adj,A1,single,Regarded with deep affection,,oxford3000,dearer,comparative
dear,adj,A1,single,Regarded with deep affection,,oxford3000,dearest,superlative
dear,exclam,A2,single,Regarded with deep affection,,oxford3000,dear,base
death,noun,A2,single,The end of the life of a person or organism,,oxford3000,death,base
death,noun,A2,single,The end of the life of a person or organism,,oxford3000,deaths,plural
debate,noun,B2,single,"A formal discussion on a particular matter in a public meeting or legislative assembly, in which opposing arguments are put forward",,oxford3000,debate,base
debate,noun,B2,single,"A formal discussion on a particular matter in a public meeting or legislative assembly, in which opposing arguments are put forward",,oxford3000,debates,plural
debate,verb,B2,single,argue with one another,,oxford3000,debate,base
debate,verb,B2,single,argue with one another,,oxford3000,debates,third_person
debate,verb,B2,single,argue with one another,,oxford3000,debated,past
debate,verb,B2,single,argue with one another,,oxford3000,debating,gerund
debt,noun,B2,single,"Something, typically money, that is owed or due",,oxford3000,debt,base
debt,noun,B2,single,"Something, typically money, that is owed or due",,oxford3000,debts,plural
decade,noun,B1,single,A period of ten years,,oxford3000,decade,base
decade,noun,B1,single,A period of ten years,,oxford3000,decades,plural
december,noun,A1,single,The twelfth month of the year,,oxford3000,december,base
decent,adj,B2,single,socially or conventionally correct; refined or virtuous,,oxford3000,decent,base
decide,verb,A1,single,Come to a resolution in the mind as a result of consideration,,oxford3000,decide,base
decide,verb,A1,single,Come to a resolution in the mind as a result of consideration,,oxford3000,decides,third_person
decide,verb,A1,single,Come to a resolution in the mind as a result of consideration,,oxford3000,decided,past
decide,verb,A1,single,Come to a resolution in the mind as a result of consideration,,oxford3000,deciding,gerund
decision,noun,A2,single,A conclusion or resolution reached after consideration,,oxford3000,decision,base
decision,noun,A2,single,A conclusion or resolution reached after consideration,,oxford3000,decisions,plural
declare,verb,B2,single,Say something in a solemn and emphatic manner,,oxford3000,declare,base
declare,verb,B2,single,Say something in a solemn and emphatic manner,,oxford3000,declares,third_person
declare,verb,B2,single,Say something in a solemn and emphatic manner,,oxford3000,declared,past
declare,verb,B2,single,Say something in a solemn and emphatic manner,,oxford3000,declaring,gerund
decline,noun,B2,single,change toward something smaller or lower,,oxford3000,decline,base
decline,noun,B2,single,change toward something smaller or lower,,oxford3000,declines,plural
decline,verb,B2,single,"Become smaller, fewer, or less; decrease",,oxford3000,decline,base
decline,verb,B2,single,"Become smaller, fewer, or less; decrease",,oxford3000,declines,third_person
decline,verb,B2,single,"Become smaller, fewer, or less; decrease",,oxford3000,declined,past
decline,verb,B2,single,"Become smaller, fewer, or less; decrease",,oxford3000,declining,gerund
decorate,verb,B1,single,Make (something) look more attractive by adding extra items or images to it,,oxford3000,decorate,base
decorate,verb,B1,single,Make (something) look more attractive by adding extra items or images to it,,oxford3000,decorates,third_person
decorate,verb,B1,single,Make (something) look more attractive by adding extra items or images to it,,oxford3000,decorated,past
decorate,verb,B1,single,Make (something) look more attractive by adding extra items or images to it,,oxford3000,decorating,gerund
decoration,noun,B2,single,The process or art of decorating or adorning something,,oxford3000,decoration,base
decoration,noun,B2,single,The process or art of decorating or adorning something,,oxford3000,decorations,plural
decrease,noun,B2,single,a change downward,,oxford3000,decrease,base
decrease,noun,B2,single,a change downward,,oxford3000,decreases,plural
decrease,verb,B2,single,"Make or become smaller or fewer in size, amount, intensity, or degree",,oxford3000,decrease,base
decrease,verb,B2,single,"Make or become smaller or fewer in size, amount, intensity, or degree",,oxford3000,decreases,third_person
decrease,verb,B2,single,"Make or become smaller or fewer in size, amount, intensity, or degree",,oxford3000,decreased,past
decrease,verb,B2,single,"Make or become smaller or fewer in size, amount, intensity, or degree",,oxford3000,decreasing,gerund
deep,adj,A2,single,Extending far down from the top or surface,,oxford3000,deep,base
deep,adj,A2,single,Extending far down from the top or surface,,oxford3000,deeper,comparative
deep,adj,A2,single,Extending far down from the top or surface,,oxford3000,deepest,superlative
deep,adv,B1,single,to a great depth;far down,,oxford3000,deep,base
deep,adv,B1,single,to a great depth;far down,,oxford3000,deeper,comparative
deep,adv,B1,single,to a great depth;far down,,oxford3000,deepest,superlative
deeply,adv,B2,single,At or to a considerable extent downward,,oxford3000,deeply,base
defeat,noun,B2,single,an unsuccessful ending to a struggle or contest,,oxford3000,defeat,base
defeat,noun,B2,single,an unsuccessful ending to a struggle or contest,,oxford3000,defeats,plural
defeat,verb,B2,single,Win a victory over (someone) in a battle or other contest; overcome or beat,,oxford3000,defeat,base
defeat,verb,B2,single,Win a victory over (someone) in a battle or other contest; overcome or beat,,oxford3000,defeats,third_person
defeat,verb,B2,single,Win a victory over (someone) in a battle or other contest; overcome or beat,,oxford3000,defeated,past
defeat,verb,B2,single,Win a victory over (someone) in a battle or other contest; overcome or beat,,oxford3000,defeating,gerund
defence,noun,B2,single,The action of defending from or resisting attack,,oxford3000,defence,base
defence,noun,B2,single,The action of defending from or resisting attack,,oxford3000,defences,plural
defend,verb,B2,single,Resist an attack made on (someone or something); protect from harm or danger,,oxford3000,defend,base
defend,verb,B2,single,Resist an attack made on (someone or something); protect from harm or danger,,oxford3000,defends,third_person
defend,verb,B2,single,Resist an attack made on (someone or something); protect from harm or danger,,oxford3000,defended,past
defend,verb,B2,single,Resist an attack made on (someone or something); protect from harm or danger,,oxford3000,defending,gerund
define,verb,B1,single,"State or describe exactly the nature, scope, or meaning of",,oxford3000,define,base
define,verb,B1,single,"State or describe exactly the nature, scope, or meaning of",,oxford3000,defines,third_person
define,verb,B1,single,"State or describe exactly the nature, scope, or meaning of",,oxford3000,defined,past
define,verb,B1,single,"State or describe exactly the nature, scope, or meaning of",,oxford3000,defining,gerund
definite,adj,B1,single,Clearly stated or decided; not vague or doubtful,,oxford3000,definite,base
definitely,adv,A2,single,Without doubt (used for emphasis),,oxford3000,definitely,base
definition,noun,B1,single,"A statement of the exact meaning of a word, especially in a dictionary",,oxford3000,definition,base
definition,noun,B1,single,"A statement of the exact meaning of a word, especially in a dictionary",,oxford3000,definitions,plural
degree,noun,A2,single,"The amount, level, or extent to which something happens or is present",,oxford3000,degree,base
degree,noun,A2,single,"The amount, level, or extent to which something happens or is present",,oxford3000,degrees,plural
delay,noun,B2,single,time during which some action is awaited,,oxford3000,delay,base
delay,noun,B2,single,time during which some action is awaited,,oxford3000,delays,plural
delay,verb,B2,single,Make (someone or something) late or slow,,oxford3000,delay,base
delay,verb,B2,single,Make (someone or something) late or slow,,oxford3000,delays,third_person
delay,verb,B2,single,Make (someone or something) late or slow,,oxford3000,delayed,past
delay,verb,B2,single,Make (someone or something) late or slow,,oxford3000,delaying,gerund
deliberate,adj,B2,single,Done consciously and intentionally,,oxford3000,deliberate,base
deliberately,adv,B2,single,In a careful and unhurried way,,oxford3000,deliberately,base
delicious,adj,A1,single,greatly pleasing or entertaining,,oxford3000,delicious,base
delight,noun,B2,single,Great pleasure,,oxford3000,delight,base
delight,noun,B2,single,Great pleasure,,oxford3000,delights,plural
delight,verb,B2,single,give pleasure to or be pleasing to,,oxford3000,delight,base
delight,verb,B2,single,give pleasure to or be pleasing to,,oxford3000,delights,third_person
delight,verb,B2,single,give pleasure to or be pleasing to,,oxford3000,delighted,past
delight,verb,B2,single,give pleasure to or be pleasing to,,oxford3000,delighting,gerund
delighted,adj,B2,single,Feeling or showing great pleasure,,oxford3000,delighted,base
deliver,verb,B1,single,"Bring and hand over (a letter, parcel, or goods) to the proper recipient or address",,oxford3000,deliver,base
deliver,verb,B1,single,"Bring and hand over (a letter, parcel, or goods) to the proper recipient or address",,oxford3000,delivers,third_person
deliver,verb,B1,single,"Bring and hand over (a letter, parcel, or goods) to the proper recipient or address",,oxford3000,delivered,past
deliver,verb,B1,single,"Bring and hand over (a letter, parcel, or goods) to the proper recipient or address",,oxford3000,delivering,gerund
delivery,noun,B2,single,"The action of delivering letters, parcels, or goods",,oxford3000,delivery,base
delivery,noun,B2,single,"The action of delivering letters, parcels, or goods",,oxford3000,deliveries,plural
demand,noun,B2,single,"An insistent and peremptory request, made as if by right",,oxford3000,demand,base
demand,noun,B2,single,"An insistent and peremptory request, made as if by right",,oxford3000,demands,plural
demand,verb,B2,single,request urgently and forcefully,,oxford3000,demand,base
demand,verb,B2,single,request urgently and forcefully,,oxford3000,demands,third_person
demand,verb,B2,single,request urgently and forcefully,,oxford3000,demanded,past
demand,verb,B2,single,request urgently and forcefully,,oxford3000,demanding,gerund
demonstrate,verb,B2,single,Clearly show the existence or truth of (something) by giving proof or evidence,,oxford3000,demonstrate,base
demonstrate,verb,B2,single,Clearly show the existence or truth of (something) by giving proof or evidence,,oxford3000,demonstrates,third_person
demonstrate,verb,B2,single,Clearly show the existence or truth of (something) by giving proof or evidence,,oxford3000,demonstrated,past
demonstrate,verb,B2,single,Clearly show the existence or truth of (something) by giving proof or evidence,,oxford3000,demonstrating,gerund
dentist,noun,A2,single,A person qualified to treat the diseases and conditions that affect the teeth and gums,,oxford3000,dentist,base
dentist,noun,A2,single,A person qualified to treat the diseases and conditions that affect the teeth and gums,,oxford3000,dentists,plural
deny,verb,B2,single,State that one refuses to admit the truth or existence of,,oxford3000,deny,base
deny,verb,B2,single,State that one refuses to admit the truth or existence of,,oxford3000,denies,third_person
deny,verb,B2,single,State that one refuses to admit the truth or existence of,,oxford3000,denied,past
deny,verb,B2,single,State that one refuses to admit the truth or existence of,,oxford3000,denying,gerund
department,noun,A2,single,"A division of a large organization such as a government, university, business, or shop, dealing with a specific area of activity",,oxford3000,department,base
department,noun,A2,single,"A division of a large organization such as a government, university, business, or shop, dealing with a specific area of activity",,oxford3000,departments,plural
departure,noun,B1,single,"The action of leaving, especially to start a journey",,oxford3000,departure,base
departure,noun,B1,single,"The action of leaving, especially to start a journey",,oxford3000,departures,plural
depend,verb,A2,single,Be controlled or determined by,,oxford3000,depend,base
depend,verb,A2,single,Be controlled or determined by,,oxford3000,depends,third_person
depend,verb,A2,single,Be controlled or determined by,,oxford3000,depended,past
depend,verb,A2,single,Be controlled or determined by,,oxford3000,depending,gerund
depressed,adj,B2,single,In a state of general unhappiness or despondency,,oxford3000,depressed,base
depressing,adj,B2,single,Causing a feeling of misery or despondency,,oxford3000,depressing,base
depth,noun,B2,single,The distance from the top or surface to the bottom of something,,oxford3000,depth,base
depth,noun,B2,single,The distance from the top or surface to the bottom of something,,oxford3000,depths,plural
describe,verb,A1,single,Give a detailed account in words of,,oxford3000,describe,base
describe,verb,A1,single,Give a detailed account in words of,,oxford3000,describes,third_person
describe,verb,A1,single,Give a detailed account in words of,,oxford3000,described,past
describe,verb,A1,single,Give a detailed account in words of,,oxford3000,describing,gerund
description,noun,A1,single,"A spoken or written account of a person, object, or event",,oxford3000,description,base
description,noun,A1,single,"A spoken or written account of a person, object, or event",,oxford3000,descriptions,plural
desert,noun,A2,single,arid land with little or no vegetation,,oxford3000,desert,base
desert,noun,A2,single,arid land with little or no vegetation,,oxford3000,deserts,plural
desert,verb,B2,single,"Abandon (a person, cause, or organization) in a way considered disloyal or treacherous",,oxford3000,desert,base
desert,verb,B2,single,"Abandon (a person, cause, or organization) in a way considered disloyal or treacherous",,oxford3000,deserts,third_person
desert,verb,B2,single,"Abandon (a person, cause, or organization) in a way considered disloyal or treacherous",,oxford3000,deserted,past
desert,verb,B2,single,"Abandon (a person, cause, or organization) in a way considered disloyal or treacherous",,oxford3000,deserting,gerund
deserve,verb,B2,single,Do something or have or show qualities worthy of (reward or punishment),,oxford3000,deserve,base
deserve,verb,B2,single,Do something or have or show qualities worthy of (reward or punishment),,oxford3000,deserves,third_person
deserve,verb,B2,single,Do something or have or show qualities worthy of (reward or punishment),,oxford3000,deserved,past
deserve,verb,B2,single,Do something or have or show qualities worthy of (reward or punishment),,oxford3000,deserving,gerund
design,noun,A1,single,"A plan or drawing produced to show the look and function or workings of a building, garment, or other object before it is made",,oxford3000,design,base
design,noun,A1,single,"A plan or drawing produced to show the look and function or workings of a building, garment, or other object before it is made",,oxford3000,designs,plural
design,verb,A1,single,make or work out a plan for; devise,,oxford3000,design,base
design,verb,A1,single,make or work out a plan for; devise,,oxford3000,designs,third_person
design,verb,A1,single,make or work out a plan for; devise,,oxford3000,designed,past
design,verb,A1,single,make or work out a plan for; devise,,oxford3000,designing,gerund
designer,noun,A2,single,a person who specializes in designing architectural interiors and their furnishings,,oxford3000,designer,base
designer,noun,A2,single,a person who specializes in designing architectural interiors and their furnishings,,oxford3000,designers,plural
desire,noun,B2,single,A strong feeling of wanting to have something or wishing for something to happen,,oxford3000,desire,base
desire,noun,B2,single,A strong feeling of wanting to have something or wishing for something to happen,,oxford3000,desires,plural
desire,verb,B2,single,feel or have a desire for; want strongly,,oxford3000,desire,base
desire,verb,B2,single,feel or have a desire for; want strongly,,oxford3000,desires,third_person
desire,verb,B2,single,feel or have a desire for; want strongly,,oxford3000,desired,past
desire,verb,B2,single,feel or have a desire for; want strongly,,oxford3000,desiring,gerund
desk,noun,A1,single,"A piece of furniture with a flat or sloped surface and typically with drawers, used for writing, reading, or working",,oxford3000,desk,base
desk,noun,A1,single,"A piece of furniture with a flat or sloped surface and typically with drawers, used for writing, reading, or working",,oxford3000,desks,plural
desperate,adj,B2,single,Feeling or showing a hopeless sense that a situation is so bad as to be impossible to deal with,,oxford3000,desperate,base
despite,prep,B1,single,Without being affected by; in spite of,,oxford3000,despite,base
destination,noun,B1,single,the place designated as the end (as of a race or journey),,oxford3000,destination,base
destination,noun,B1,single,the place designated as the end (as of a race or journey),,oxford3000,destinations,plural
destroy,verb,A2,single,Put an end to the existence of (something) by damaging or attacking it,,oxford3000,destroy,base
destroy,verb,A2,single,Put an end to the existence of (something) by damaging or attacking it,,oxford3000,destroys,third_person
destroy,verb,A2,single,Put an end to the existence of (something) by damaging or attacking it,,oxford3000,destroyed,past
destroy,verb,A2,single,Put an end to the existence of (something) by damaging or attacking it,,oxford3000,destroying,gerund
detail,noun,A1,single,"An individual feature, fact, or item",,oxford3000,detail,base
detail,noun,A1,single,"An individual feature, fact, or item",,oxford3000,details,plural
detail,verb,B2,single,provide details for,,oxford3000,detail,base
detail,verb,B2,single,provide details for,,oxford3000,details,third_person
detail,verb,B2,single,provide details for,,oxford3000,detailed,past
detail,verb,B2,single,provide details for,,oxford3000,detailing,gerund
detailed,adj,B2,single,Having many details or facts; showing attention to detail,,oxford3000,detailed,base
detect,verb,B2,single,"discover or determine the existence, presence, or fact of",,oxford3000,detect,base
detect,verb,B2,single,"discover or determine the existence, presence, or fact of",,oxford3000,detects,third_person
detect,verb,B2,single,"discover or determine the existence, presence, or fact of",,oxford3000,detected,past
detect,verb,B2,single,"discover or determine the existence, presence, or fact of",,oxford3000,detecting,gerund
detective,noun,A2,single,a police officer who investigates crimes,,oxford3000,detective,base
detective,noun,A2,single,a police officer who investigates crimes,,oxford3000,detectives,plural
determine,verb,B1,single,"Ascertain or establish exactly, typically as a result of research or calculation",,oxford3000,determine,base
determine,verb,B1,single,"Ascertain or establish exactly, typically as a result of research or calculation",,oxford3000,determines,third_person
determine,verb,B1,single,"Ascertain or establish exactly, typically as a result of research or calculation",,oxford3000,determined,past
determine,verb,B1,single,"Ascertain or establish exactly, typically as a result of research or calculation",,oxford3000,determining,gerund
determined,adj,B1,single,Having made a firm decision and being resolved not to change it,,oxford3000,determined,base
develop,verb,A2,single,"Grow or cause to grow and become more mature, advanced, or elaborate",,oxford3000,develop,base
develop,verb,A2,single,"Grow or cause to grow and become more mature, advanced, or elaborate",,oxford3000,develops,third_person
develop,verb,A2,single,"Grow or cause to grow and become more mature, advanced, or elaborate",,oxford3000,developed,past
develop,verb,A2,single,"Grow or cause to grow and become more mature, advanced, or elaborate",,oxford3000,developing,gerund
development,noun,B1,single,The process of developing or being developed,,oxford3000,development,base
development,noun,B1,single,The process of developing or being developed,,oxford3000,developments,plural
device,noun,A2,single,"A thing made or adapted for a particular purpose, especially a piece of mechanical or electronic equipment",,oxford3000,device,base
device,noun,A2,single,"A thing made or adapted for a particular purpose, especially a piece of mechanical or electronic equipment",,oxford3000,devices,plural
diagram,noun,B1,single,"A simplified drawing showing the appearance, structure, or workings of something; a schematic representation",,oxford3000,diagram,base
diagram,noun,B1,single,"A simplified drawing showing the appearance, structure, or workings of something; a schematic representation",,oxford3000,diagrams,plural
dialogue,noun,A1,single,a conversation between two persons,,oxford3000,dialogue,base
dialogue,noun,A1,single,a conversation between two persons,,oxford3000,dialogues,plural
diamond,noun,B1,single,"A precious stone consisting of a clear and typically colorless crystalline form of pure carbon, the hardest naturally occurring substance",,oxford3000,diamond,base
diamond,noun,B1,single,"A precious stone consisting of a clear and typically colorless crystalline form of pure carbon, the hardest naturally occurring substance",,oxford3000,diamonds,plural
diary,noun,A2,single,A book in which one keeps a daily record of events and experiences,,oxford3000,diary,base
diary,noun,A2,single,A book in which one keeps a daily record of events and experiences,,oxford3000,diaries,plural
dictionary,noun,A1,single,"A book or electronic resource that lists the words of a language (typically in alphabetical order) and gives their meaning, or gives the equivalent words in a different language",,oxford3000,dictionary,base
dictionary,noun,A1,single,"A book or electronic resource that lists the words of a language (typically in alphabetical order) and gives their meaning, or gives the equivalent words in a different language",,oxford3000,dictionaries,plural
die,verb,A1,single,Stop living,,oxford3000,die,base
die,verb,A1,single,Stop living,,oxford3000,dies,third_person
die,verb,A1,single,Stop living,,oxford3000,died,past
die,verb,A1,single,Stop living,,oxford3000,dying,gerund
diet,noun,A1,single,"The kinds of food that a person, animal, or community habitually eats",,oxford3000,diet,base
diet,noun,A1,single,"The kinds of food that a person, animal, or community habitually eats",,oxford3000,diets,plural
difference,noun,A1,single,A point or way in which people or things are not the same,,oxford3000,difference,base
difference,noun,A1,single,A point or way in which people or things are not the same,,oxford3000,differences,plural
different,adj,A1,single,Not the same as another or each other,,oxford3000,different,base
differently,adv,A2,single,In a way that is not the same,,oxford3000,differently,base
difficult,adj,A1,single,"Needing much effort or skill to accomplish, deal with, or understand",,oxford3000,difficult,base
difficulty,noun,B1,single,The state or condition of being difficult,,oxford3000,difficulty,base
difficulty,noun,B1,single,The state or condition of being difficult,,oxford3000,difficulties,plural
dig,verb,B2,single,"Break up and move earth with a tool or machine, or with hands, paws, snout, etc.",,oxford3000,dig,base
dig,verb,B2,single,"Break up and move earth with a tool or machine, or with hands, paws, snout, etc.",,oxford3000,digs,third_person
dig,verb,B2,single,"Break up and move earth with a tool or machine, or with hands, paws, snout, etc.",,oxford3000,dug,past
dig,verb,B2,single,"Break up and move earth with a tool or machine, or with hands, paws, snout, etc.",,oxford3000,digging,gerund
digital,adj,A2,single,Involving or relating to the use of computer technology,,oxford3000,digital,base
dinner,noun,A1,single,"The main meal of the day, taken either around midday or in the evening",,oxford3000,dinner,base
dinner,noun,A1,single,"The main meal of the day, taken either around midday or in the evening",,oxford3000,dinners,plural
direct,adj,A2,single,Extending or moving from one place to another without changing direction or stopping,,oxford3000,direct,base
direct,adv,B1,single,without deviation,,oxford3000,direct,base
direct,verb,A2,single,command with authority,,oxford3000,direct,base
direct,verb,A2,single,command with authority,,oxford3000,directs,third_person
direct,verb,A2,single,command with authority,,oxford3000,directed,past
direct,verb,A2,single,command with authority,,oxford3000,directing,gerund
direction,noun,A2,single,A course along which someone or something moves,,oxford3000,direction,base
direction,noun,A2,single,A course along which someone or something moves,,oxford3000,directions,plural
directly,adv,B1,single,Without changing direction or stopping,,oxford3000,directly,base
director,noun,A2,single,"A person who is in charge of an activity, department, or organization",,oxford3000,director,base
director,noun,A2,single,"A person who is in charge of an activity, department, or organization",,oxford3000,directors,plural
dirt,noun,B1,single,"A substance, such as soil, that makes something dirty",,oxford3000,dirt,base
dirty,adj,A1,single,Covered or marked with an unclean substance,,oxford3000,dirty,base
dirty,adj,A1,single,Covered or marked with an unclean substance,,oxford3000,dirtier,comparative
dirty,adj,A1,single,Covered or marked with an unclean substance,,oxford3000,dirtiest,superlative
disadvantage,noun,B1,single,An unfavorable circumstance or condition that reduces the chances of success or effectiveness,,oxford3000,disadvantage,base
disadvantage,noun,B1,single,An unfavorable circumstance or condition that reduces the chances of success or effectiveness,,oxford3000,disadvantages,plural
disagree,verb,A2,single,Have or express a different opinion,,oxford3000,disagree,base
disagree,verb,A2,single,Have or express a different opinion,,oxford3000,disagrees,third_person
disagree,verb,A2,single,Have or express a different opinion,,oxford3000,disagreed,past
disagree,verb,A2,single,Have or express a different opinion,,oxford3000,disagreeing,gerund
disappear,verb,A2,single,Cease to be visible,,oxford3000,disappear,base
disappear,verb,A2,single,Cease to be visible,,oxford3000,disappears,third_person
disappear,verb,A2,single,Cease to be visible,,oxford3000,disappeared,past
disappear,verb,A2,single,Cease to be visible,,oxford3000,disappearing,gerund
disappointed,adj,B1,single,Sad or displeased because someone or something has failed to fulfill one's hopes or expectations,,oxford3000,disappointed,base
disappointing,adj,B1,single,Failing to fulfill someone's hopes or expectations,,oxford3000,disappointing,base
disaster,noun,A2,single,"A sudden event, such as an accident or a natural catastrophe, that causes great damage or loss of life",,oxford3000,disaster,base
disaster,noun,A2,single,"A sudden event, such as an accident or a natural catastrophe, that causes great damage or loss of life",,oxford3000,disasters,plural
disc,noun,B2,single,"A flat, thin, round object",,oxford3000,disc,base
disc,noun,B2,single,"A flat, thin, round object",,oxford3000,discs,plural
discipline,noun,B2,single,"The practice of training people to obey rules or a code of behavior, using punishment to correct disobedience",,oxford3000,discipline,base
discipline,noun,B2,single,"The practice of training people to obey rules or a code of behavior, using punishment to correct disobedience",,oxford3000,disciplines,plural
discount,noun,B1,single,A deduction from the usual cost of something,,oxford3000,discount,base
discount,noun,B1,single,A deduction from the usual cost of something,,oxford3000,discounts,plural
discount,verb,B2,single,bar from attention or consideration,,oxford3000,discount,base
discount,verb,B2,single,bar from attention or consideration,,oxford3000,discounts,third_person
discount,verb,B2,single,bar from attention or consideration,,oxford3000,discounted,past
discount,verb,B2,single,bar from attention or consideration,,oxford3000,discounting,gerund
discover,verb,A2,single,Find (something or someone) unexpectedly or in the course of a search,,oxford3000,discover,base
discover,verb,A2,single,Find (something or someone) unexpectedly or in the course of a search,,oxford3000,discovers,third_person
discover,verb,A2,single,Find (something or someone) unexpectedly or in the course of a search,,oxford3000,discovered,past
discover,verb,A2,single,Find (something or someone) unexpectedly or in the course of a search,,oxford3000,discovering,gerund
discovery,noun,A2,single,The action or process of discovering or being discovered,,oxford3000,discovery,base
discovery,noun,A2,single,The action or process of discovering or being discovered,,oxford3000,discoveries,plural
discuss,verb,A1,single,Talk about (something) with another person or group of people,,oxford3000,discuss,base
discuss,verb,A1,single,Talk about (something) with another person or group of people,,oxford3000,discusses,third_person
discuss,verb,A1,single,Talk about (something) with another person or group of people,,oxford3000,discussed,past
discuss,verb,A1,single,Talk about (something) with another person or group of people,,oxford3000,discussing,gerund
discussion,noun,A2,single,The action or process of talking about something,,oxford3000,discussion,base
discussion,noun,A2,single,The action or process of talking about something,,oxford3000,discussions,plural
disease,noun,A2,single,"A disorder of structure or function in a human, animal, or plant, especially one that produces specific signs or symptoms or that affects a specific location and is not simply a direct result of physical injury",,oxford3000,disease,base
disease,noun,A2,single,"A disorder of structure or function in a human, animal, or plant, especially one that produces specific signs or symptoms or that affects a specific location and is not simply a direct result of physical injury",,oxford3000,diseases,plural
dish,noun,A1,single,"A shallow, typically flat-bottomed container for cooking or serving food",,oxford3000,dish,base
dish,noun,A1,single,"A shallow, typically flat-bottomed container for cooking or serving food",,oxford3000,dishes,plural
dishonest,adj,B2,single,Behaving or prone to behave in an untrustworthy or fraudulent way,,oxford3000,dishonest,base
dislike,noun,B1,single,an inclination to withhold approval from some person or group,,oxford3000,dislike,base
dislike,noun,B1,single,an inclination to withhold approval from some person or group,,oxford3000,dislikes,plural
dislike,verb,B1,single,Feel distaste for or hostility towards,,oxford3000,dislike,base
dislike,verb,B1,single,Feel distaste for or hostility towards,,oxford3000,dislikes,third_person
dislike,verb,B1,single,Feel distaste for or hostility towards,,oxford3000,disliked,past
dislike,verb,B1,single,Feel distaste for or hostility towards,,oxford3000,disliking,gerund
dismiss,verb,B2,single,Order or allow to leave; send away,,oxford3000,dismiss,base
dismiss,verb,B2,single,Order or allow to leave; send away,,oxford3000,dismisses,third_person
dismiss,verb,B2,single,Order or allow to leave; send away,,oxford3000,dismissed,past
dismiss,verb,B2,single,Order or allow to leave; send away,,oxford3000,dismissing,gerund
display,noun,B2,single,something intended to communicate a particular impression,,oxford3000,display,base
display,noun,B2,single,something intended to communicate a particular impression,,oxford3000,displays,plural
display,verb,B2,single,Make a prominent exhibition of (something) in a place where it can be easily seen,,oxford3000,display,base
display,verb,B2,single,Make a prominent exhibition of (something) in a place where it can be easily seen,,oxford3000,displays,third_person
display,verb,B2,single,Make a prominent exhibition of (something) in a place where it can be easily seen,,oxford3000,displayed,past
display,verb,B2,single,Make a prominent exhibition of (something) in a place where it can be easily seen,,oxford3000,displaying,gerund
distance,noun,A2,single,An amount of space between two things or people,,oxford3000,distance,base
distance,noun,A2,single,An amount of space between two things or people,,oxford3000,distances,plural
distribute,verb,B2,single,Give shares of (something); deal out,,oxford3000,distribute,base
distribute,verb,B2,single,Give shares of (something); deal out,,oxford3000,distributes,third_person
distribute,verb,B2,single,Give shares of (something); deal out,,oxford3000,distributed,past
distribute,verb,B2,single,Give shares of (something); deal out,,oxford3000,distributing,gerund
distribution,noun,B2,single,(statistics) an arrangement of values of a variable showing their observed or theoretical frequency of occurrence,,oxford3000,distribution,base
distribution,noun,B2,single,(statistics) an arrangement of values of a variable showing their observed or theoretical frequency of occurrence,,oxford3000,distributions,plural
district,noun,B2,single,"An area of a country or city, especially one regarded as a distinct unit because of a particular characteristic",,oxford3000,district,base
district,noun,B2,single,"An area of a country or city, especially one regarded as a distinct unit because of a particular characteristic",,oxford3000,districts,plural
divide,noun,B2,single,a serious disagreement between two groups of people (typically producing tension or hostility),,oxford3000,divide,base
divide,verb,B1,single,Separate or be separated into parts,,oxford3000,divide,base
divide,verb,B1,single,Separate or be separated into parts,,oxford3000,divides,third_person
divide,verb,B1,single,Separate or be separated into parts,,oxford3000,divided,past
divide,verb,B1,single,Separate or be separated into parts,,oxford3000,dividing,gerund
division,noun,B2,single,"The action of separating something into parts, or the process of being separated",,oxford3000,division,base
division,noun,B2,single,"The action of separating something into parts, or the process of being separated",,oxford3000,divisions,plural
divorced,adj,A2,single,Legally separated from a spouse through divorce,,oxford3000,divorced,base
do,verb,A1,single,"Perform (an action, the precise nature of which is often unspecified)",,oxford3000,do,base
do,verb,A1,single,"Perform (an action, the precise nature of which is often unspecified)",,oxford3000,does,third_person
do,verb,A1,single,"Perform (an action, the precise nature of which is often unspecified)",,oxford3000,did,past
do,verb,A1,single,"Perform (an action, the precise nature of which is often unspecified)",,oxford3000,done,past_participle
do,verb,A1,single,"Perform (an action, the precise nature of which is often unspecified)",,oxford3000,doing,gerund
doctor,noun,A1,single,A person who is qualified to treat people who are ill,,oxford3000,doctor,base
doctor,noun,A1,single,A person who is qualified to treat people who are ill,,oxford3000,doctors,plural
document,noun,A2,single,"A piece of written, printed, or electronic matter that provides information or evidence or that serves as an official record",,oxford3000,document,base
document,noun,A2,single,"A piece of written, printed, or electronic matter that provides information or evidence or that serves as an official record",,oxford3000,documents,plural
document,verb,B2,single,record in detail,,oxford3000,document,base
document,verb,B2,single,record in detail,,oxford3000,documents,third_person
document,verb,B2,single,record in detail,,oxford3000,documented,past
document,verb,B2,single,record in detail,,oxford3000,documenting,gerund
documentary,noun,B1,single,a film or TV program presenting the facts about a person or event,,oxford3000,documentary,base
documentary,noun,B1,single,a film or TV program presenting the facts about a person or event,,oxford3000,documentaries,plural
dog,noun,A1,single,"A domesticated carnivorous mammal that typically has a long snout, an acute sense of smell, non-retractable claws, and a barking, howling, or whining voice",,oxford3000,dog,base
dog,noun,A1,single,"A domesticated carnivorous mammal that typically has a long snout, an acute sense of smell, non-retractable claws, and a barking, howling, or whining voice",,oxford3000,dogs,plural
dollar,noun,A1,single,"The basic monetary unit of the US, Canada, Australia, and certain countries in the Pacific, Caribbean, Southeast Asia, Africa, and South America",,oxford3000,dollar,base
dollar,noun,A1,single,"The basic monetary unit of the US, Canada, Australia, and certain countries in the Pacific, Caribbean, Southeast Asia, Africa, and South America",,oxford3000,dollars,plural
domestic,adj,B2,single,Relating to the running of a home or to family relations,,oxford3000,domestic,base
dominate,verb,B2,single,Have a commanding influence on; exercise control over,,oxford3000,dominate,base
dominate,verb,B2,single,Have a commanding influence on; exercise control over,,oxford3000,dominates,third_person
dominate,verb,B2,single,Have a commanding influence on; exercise control over,,oxford3000,dominated,past
dominate,verb,B2,single,Have a commanding influence on; exercise control over,,oxford3000,dominating,gerund
donate,verb,B1,single,give to a charity or good cause,,oxford3000,donate,base
donate,verb,B1,single,give to a charity or good cause,,oxford3000,donates,third_person
donate,verb,B1,single,give to a charity or good cause,,oxford3000,donated,past
donate,verb,B1,single,give to a charity or good cause,,oxford3000,donating,gerund
door,noun,A1,single,"A hinged, sliding, or revolving barrier at the entrance to a building, room, or vehicle",,oxford3000,door,base
door,noun,A1,single,"A hinged, sliding, or revolving barrier at the entrance to a building, room, or vehicle",,oxford3000,doors,plural
double,adj,A2,single,"Consisting of two equal, identical, or similar parts or things",,oxford3000,double,base
double,det,A2,single,"Consisting of two equal, identical, or similar parts or things",,oxford3000,double,base
double,pron,A2,single,"Consisting of two equal, identical, or similar parts or things",,oxford3000,double,base
double,verb,A2,single,increase twofold,,oxford3000,double,base
double,verb,A2,single,increase twofold,,oxford3000,doubles,third_person
double,verb,A2,single,increase twofold,,oxford3000,doubled,past
double,verb,A2,single,increase twofold,,oxford3000,doubling,gerund
doubt,noun,B1,single,A feeling of uncertainty or lack of conviction,,oxford3000,doubt,base
doubt,noun,B1,single,A feeling of uncertainty or lack of conviction,,oxford3000,doubts,plural
doubt,verb,B1,single,consider unlikely or have doubts about,,oxford3000,doubt,base
doubt,verb,B1,single,consider unlikely or have doubts about,,oxford3000,doubts,third_person
doubt,verb,B1,single,consider unlikely or have doubts about,,oxford3000,doubted,past
doubt,verb,B1,single,consider unlikely or have doubts about,,oxford3000,doubting,gerund
down,adv,A1,single,Towards or in a lower place or position,,oxford3000,down,base
down,prep,A1,single,Towards or in a lower place or position,,oxford3000,down,base
download,noun,A2,single,,,oxford3000,download,base
download,noun,A2,single,,,oxford3000,downloads,plural
download,verb,A2,single,transfer a file or program from a central computer to a smaller computer or to a computer at a remote location,,oxford3000,download,base
download,verb,A2,single,transfer a file or program from a central computer to a smaller computer or to a computer at a remote location,,oxford3000,downloads,third_person
download,verb,A2,single,transfer a file or program from a central computer to a smaller computer or to a computer at a remote location,,oxford3000,downloaded,past
download,verb,A2,single,transfer a file or program from a central computer to a smaller computer or to a computer at a remote location,,oxford3000,downloading,gerund
downstairs,adj,A2,single,on or of lower floors of a building,,oxford3000,downstairs,base
downstairs,adv,A1,single,Situated downstairs,,oxford3000,downstairs,base
downwards,adv,B2,single,"Toward a lower place, point, or level",,oxford3000,downwards,base
dozen,det,B2,single,A group or set of twelve,,oxford3000,dozen,base
dozen,noun,B2,single,A group or set of twelve,,oxford3000,dozen,base
dozen,noun,B2,single,A group or set of twelve,,oxford3000,dozens,plural
draft,noun,B2,single,A preliminary version of a piece of writing,,oxford3000,draft,base
draft,noun,B2,single,A preliminary version of a piece of writing,,oxford3000,drafts,plural
draft,verb,B2,single,draw up an outline or sketch for something,,oxford3000,draft,base
draft,verb,B2,single,draw up an outline or sketch for something,,oxford3000,drafts,third_person
draft,verb,B2,single,draw up an outline or sketch for something,,oxford3000,drafted,past
draft,verb,B2,single,draw up an outline or sketch for something,,oxford3000,drafting,gerund
drag,verb,B2,single,"Pull (someone or something) along forcefully, roughly, or with difficulty",,oxford3000,drag,base
drag,verb,B2,single,"Pull (someone or something) along forcefully, roughly, or with difficulty",,oxford3000,drags,third_person
drag,verb,B2,single,"Pull (someone or something) along forcefully, roughly, or with difficulty",,oxford3000,dragged,past
drag,verb,B2,single,"Pull (someone or something) along forcefully, roughly, or with difficulty",,oxford3000,dragging,gerund
drama,noun,A2,single,"A play for theater, radio, or television",,oxford3000,drama,base
drama,noun,A2,single,"A play for theater, radio, or television",,oxford3000,dramas,plural
dramatic,adj,B2,single,Relating to drama or the performance or study of drama,,oxford3000,dramatic,base
draw,verb,A1,single,"Produce (a picture or diagram) by making lines and marks on paper with a pencil, pen, etc.",,oxford3000,draw,base
draw,verb,A1,single,"Produce (a picture or diagram) by making lines and marks on paper with a pencil, pen, etc.",,oxford3000,draws,third_person
draw,verb,A1,single,"Produce (a picture or diagram) by making lines and marks on paper with a pencil, pen, etc.",,oxford3000,drew,past
draw,verb,A1,single,"Produce (a picture or diagram) by making lines and marks on paper with a pencil, pen, etc.",,oxford3000,drawn,past_participle
draw,verb,A1,single,"Produce (a picture or diagram) by making lines and marks on paper with a pencil, pen, etc.",,oxford3000,drawing,gerund
drawing,noun,A2,single,"an illustration that is drawn by hand and published in a book, magazine, or newspaper",,oxford3000,drawing,base
drawing,noun,A2,single,"an illustration that is drawn by hand and published in a book, magazine, or newspaper",,oxford3000,drawings,plural
dream,noun,A2,single,"A series of thoughts, images, and sensations occurring in a person's mind during sleep",,oxford3000,dream,base
dream,noun,A2,single,"A series of thoughts, images, and sensations occurring in a person's mind during sleep",,oxford3000,dreams,plural
dream,verb,A2,single,have a daydream; indulge in a fantasy,,oxford3000,dream,base
dream,verb,A2,single,have a daydream; indulge in a fantasy,,oxford3000,dreams,third_person
dream,verb,A2,single,have a daydream; indulge in a fantasy,,oxford3000,dreamed,past
dream,verb,A2,single,have a daydream; indulge in a fantasy,,oxford3000,dreamt,past
dream,verb,A2,single,have a daydream; indulge in a fantasy,,oxford3000,dreaming,gerund
dress,noun,A1,single,a one-piece garment for a woman; has skirt and bodice,,oxford3000,dress,base
dress,noun,A1,single,a one-piece garment for a woman; has skirt and bodice,,oxford3000,dresses,plural
dress,verb,A1,single,Put on one's clothes,,oxford3000,dress,base
dress,verb,A1,single,Put on one's clothes,,oxford3000,dresses,third_person
dress,verb,A1,single,Put on one's clothes,,oxford3000,dressed,past
dress,verb,A1,single,Put on one's clothes,,oxford3000,dressing,gerund
dressed,adj,B1,single,Wearing clothes of a specified kind,,oxford3000,dressed,base
drink,noun,A1,single,a single serving of a beverage,,oxford3000,drink,base
drink,noun,A1,single,a single serving of a beverage,,oxford3000,drinks,plural
drink,verb,A1,single,Take (a liquid) into the mouth and swallow,,oxford3000,drink,base
drink,verb,A1,single,Take (a liquid) into the mouth and swallow,,oxford3000,drinks,third_person
drink,verb,A1,single,Take (a liquid) into the mouth and swallow,,oxford3000,drank,past
drink,verb,A1,single,Take (a liquid) into the mouth and swallow,,oxford3000,drunk,past_participle
drink,verb,A1,single,Take (a liquid) into the mouth and swallow,,oxford3000,drinking,gerund
drive,noun,A2,single,the act of applying force to propel something,,oxford3000,drive,base
drive,noun,A2,single,the act of applying force to propel something,,oxford3000,drives,plural
drive,verb,A1,single,Operate and control the direction and speed of a motor vehicle,,oxford3000,drive,base
drive,verb,A1,single,Operate and control the direction and speed of a motor vehicle,,oxford3000,drives,third_person
drive,verb,A1,single,Operate and control the direction and speed of a motor vehicle,,oxford3000,drove,past
drive,verb,A1,single,Operate and control the direction and speed of a motor vehicle,,oxford3000,driven,past_participle
drive,verb,A1,single,Operate and control the direction and speed of a motor vehicle,,oxford3000,driving,gerund
driver,noun,A1,single,A person who drives a vehicle,,oxford3000,driver,base
driver,noun,A1,single,A person who drives a vehicle,,oxford3000,drivers,plural
driving,noun,A2,single,The control and operation of a motor vehicle,,oxford3000,driving,base
drop,noun,B1,single,a shape that is spherical and small,,oxford3000,drop,base
drop,noun,B1,single,a shape that is spherical and small,,oxford3000,drops,plural
drop,verb,A2,single,Let or make (something) fall vertically,,oxford3000,drop,base
drop,verb,A2,single,Let or make (something) fall vertically,,oxford3000,drops,third_person
drop,verb,A2,single,Let or make (something) fall vertically,,oxford3000,dropped,past
drop,verb,A2,single,Let or make (something) fall vertically,,oxford3000,dropping,gerund
drug,noun,A2,single,A medicine or other substance which has a physiological effect when ingested or otherwise introduced into the body,,oxford3000,drug,base
drug,noun,A2,single,A medicine or other substance which has a physiological effect when ingested or otherwise introduced into the body,,oxford3000,drugs,plural
drum,noun,B1,single,A percussion instrument sounded by being struck with sticks or the hands,,oxford3000,drum,base
drum,noun,B1,single,A percussion instrument sounded by being struck with sticks or the hands,,oxford3000,drums,plural
drunk,adj,B1,single,Affected by alcohol to the extent of losing control of one's faculties or behavior,,oxford3000,drunk,base
drunk,adj,B1,single,Affected by alcohol to the extent of losing control of one's faculties or behavior,,oxford3000,drunker,comparative
drunk,adj,B1,single,Affected by alcohol to the extent of losing control of one's faculties or behavior,,oxford3000,drunkest,superlative
dry,adj,A2,single,Free from moisture or liquid; not wet or moist,,oxford3000,dry,base
dry,adj,A2,single,Free from moisture or liquid; not wet or moist,,oxford3000,drier,comparative
dry,adj,A2,single,Free from moisture or liquid; not wet or moist,,oxford3000,driest,superlative
dry,verb,A2,single,remove the moisture from and make dry,,oxford3000,dry,base
dry,verb,A2,single,remove the moisture from and make dry,,oxford3000,dries,third_person
dry,verb,A2,single,remove the moisture from and make dry,,oxford3000,dried,past
dry,verb,A2,single,remove the moisture from and make dry,,oxford3000,drying,gerund
due,adj,B1,single,Expected at or planned for at a certain time,,oxford3000,due,base
during,prep,A1,single,Throughout the course or duration of (a period of time),,oxford3000,during,base
dust,noun,B1,single,"Fine, dry particles of matter",,oxford3000,dust,base
duty,noun,B1,single,A moral or legal obligation; a responsibility,,oxford3000,duty,base
duty,noun,B1,single,A moral or legal obligation; a responsibility,,oxford3000,duties,plural
dvd,noun,A1,single,"A type of compact disc able to store large amounts of data, especially high-resolution audiovisual material",,oxford3000,dvd,base
each,adv,A1,single,to or from every one of two or more (considered individually),,oxford3000,each,base
each,det,A1,single,Every one of two or more people or things considered separately,,oxford3000,each,base
each,pron,A1,single,Every one of two or more people or things considered separately,,oxford3000,each,base
ear,noun,A1,single,The organ of hearing and balance in humans and other vertebrates,,oxford3000,ear,base
ear,noun,A1,single,The organ of hearing and balance in humans and other vertebrates,,oxford3000,ears,plural
early,adj,A1,single,Happening or done before the usual or expected time,,oxford3000,early,base
early,adj,A1,single,Happening or done before the usual or expected time,,oxford3000,earlier,comparative
early,adj,A1,single,Happening or done before the usual or expected time,,oxford3000,earliest,superlative
early,adv,A1,single,during an early stage,,oxford3000,early,base
early,adv,A1,single,during an early stage,,oxford3000,earlier,comparative
early,adv,A1,single,during an early stage,,oxford3000,earliest,superlative
earn,verb,A2,single,Receive (money) in return for labor or services,,oxford3000,earn,base
earn,verb,A2,single,Receive (money) in return for labor or services,,oxford3000,earns,third_person
earn,verb,A2,single,Receive (money) in return for labor or services,,oxford3000,earned,past
earn,verb,A2,single,Receive (money) in return for labor or services,,oxford3000,earning,gerund
earth,noun,A2,single,The planet on which we live; the world,,oxford3000,earth,base
earth,noun,A2,single,The planet on which we live; the world,,oxford3000,earths,plural
earthquake,noun,B1,single,shaking and vibration at the surface of the earth resulting from underground movement along a fault plane of from volcanic activity,,oxford3000,earthquake,base
earthquake,noun,B1,single,shaking and vibration at the surface of the earth resulting from underground movement along a fault plane of from volcanic activity,,oxford3000,earthquakes,plural
easily,adv,A2,single,Without difficulty or effort,,oxford3000,easily,base
east,adj,A1,single,situated in or facing or moving toward the east,,oxford3000,east,base
east,adv,A1,single,"to, toward, or in the east",,oxford3000,east,base
east,noun,A1,single,The direction towards the point of the horizon where the sun rises,,oxford3000,east,base
eastern,adj,B1,single,"Situated in the east, or facing east",,oxford3000,eastern,base
easy,adj,A1,single,Achieved without great effort; presenting few difficulties,,oxford3000,easy,base
easy,adj,A1,single,Achieved without great effort; presenting few difficulties,,oxford3000,easier,comparative
easy,adj,A1,single,Achieved without great effort; presenting few difficulties,,oxford3000,easiest,superlative
eat,verb,A1,single,Put (food) into the mouth and chew and swallow it,,oxford3000,eat,base
eat,verb,A1,single,Put (food) into the mouth and chew and swallow it,,oxford3000,eats,third_person
eat,verb,A1,single,Put (food) into the mouth and chew and swallow it,,oxford3000,ate,past
eat,verb,A1,single,Put (food) into the mouth and chew and swallow it,,oxford3000,eaten,past_participle
eat,verb,A1,single,Put (food) into the mouth and chew and swallow it,,oxford3000,eating,gerund
economic,adj,B1,single,Relating to economics or the economy,,oxford3000,economic,base
economy,noun,B1,single,"The wealth and resources of a country or region, especially in terms of the production and consumption of goods and services",,oxford3000,economy,base
economy,noun,B1,single,"The wealth and resources of a country or region, especially in terms of the production and consumption of goods and services",,oxford3000,economies,plural
edge,noun,B1,single,"The outside limit of an object, area, or surface; a place or part farthest away from the center of something",,oxford3000,edge,base
edge,noun,B1,single,"The outside limit of an object, area, or surface; a place or part farthest away from the center of something",,oxford3000,edges,plural
edit,verb,B2,single,"prepare for publication or presentation by correcting, revising, or adapting",,oxford3000,edit,base
edit,verb,B2,single,"prepare for publication or presentation by correcting, revising, or adapting",,oxford3000,edits,third_person
edit,verb,B2,single,"prepare for publication or presentation by correcting, revising, or adapting",,oxford3000,edited,past
edit,verb,B2,single,"prepare for publication or presentation by correcting, revising, or adapting",,oxford3000,editing,gerund
edition,noun,B2,single,A particular version or instance of a publication,,oxford3000,edition,base
edition,noun,B2,single,A particular version or instance of a publication,,oxford3000,editions,plural
editor,noun,B1,single,"A person who is in charge of and determines the final content of a text, particularly a newspaper or magazine",,oxford3000,editor,base
editor,noun,B1,single,"A person who is in charge of and determines the final content of a text, particularly a newspaper or magazine",,oxford3000,editors,plural
educate,verb,B1,single,"Give intellectual, moral, and social instruction to (someone), typically at a school or university",,oxford3000,educate,base
educate,verb,B1,single,"Give intellectual, moral, and social instruction to (someone), typically at a school or university",,oxford3000,educates,third_person
educate,verb,B1,single,"Give intellectual, moral, and social instruction to (someone), typically at a school or university",,oxford3000,educated,past
educate,verb,B1,single,"Give intellectual, moral, and social instruction to (someone), typically at a school or university",,oxford3000,educating,gerund
educated,adj,B1,single,Having been educated,,oxford3000,educated,base
education,noun,A2,single,"The process of receiving or giving systematic instruction, especially at a school or university",,oxford3000,education,base
education,noun,A2,single,"The process of receiving or giving systematic instruction, especially at a school or university",,oxford3000,educations,plural
educational,adj,B1,single,relating to the process of education,,oxford3000,educational,base
effect,noun,A2,single,A change that is a result or consequence of an action or other cause,,oxford3000,effect,base
effect,noun,A2,single,A change that is a result or consequence of an action or other cause,,oxford3000,effects,plural
effective,adj,B1,single,Successful in producing a desired or intended result,,oxford3000,effective,base
effectively,adv,B1,single,In such a manner as to achieve a desired result,,oxford3000,effectively,base
efficient,adj,B2,single,being effective without wasting time or effort or expense,,oxford3000,efficient,base
effort,noun,B1,single,A vigorous or determined attempt,,oxford3000,effort,base
effort,noun,B1,single,A vigorous or determined attempt,,oxford3000,efforts,plural
egg,noun,A1,single,"An oval or round object laid by a female bird, reptile, fish, or invertebrate, usually containing a developing embryo",,oxford3000,egg,base
egg,noun,A1,single,"An oval or round object laid by a female bird, reptile, fish, or invertebrate, usually containing a developing embryo",,oxford3000,eggs,plural
eight,number,A1,single,"Equivalent to the product of two and four; one more than seven, or two less than ten",,oxford3000,eight,base
eighteen,number,A1,single,"Equivalent to the product of two and nine; one more than seventeen, or two less than nineteen",,oxford3000,eighteen,base
eighty,number,A1,single,The number equivalent to the product of eight and ten; ten less than ninety; 80,,oxford3000,eighty,base
either,adv,A2,single,after a negative statement used as an intensive meaning something like `likewise' or `also',,oxford3000,either,base
either,det,A2,single,Used before the first of two (or occasionally more) given alternatives (the other being introduced by ‘or’),,oxford3000,either,base
either,pron,A2,single,Used before the first of two (or occasionally more) given alternatives (the other being introduced by ‘or’),,oxford3000,either,base
elderly,adj,B2,single,Old or aging,,oxford3000,elderly,base
elect,verb,B2,single,Choose (someone) to hold public office or some other position by voting,,oxford3000,elect,base
elect,verb,B2,single,Choose (someone) to hold public office or some other position by voting,,oxford3000,elects,third_person
elect,verb,B2,single,Choose (someone) to hold public office or some other position by voting,,oxford3000,elected,past
elect,verb,B2,single,Choose (someone) to hold public office or some other position by voting,,oxford3000,electing,gerund
election,noun,B1,single,A formal and organized choice by vote of a person for a political office or other position,,oxford3000,election,base
election,noun,B1,single,A formal and organized choice by vote of a person for a political office or other position,,oxford3000,elections,plural
electric,adj,A2,single,"Of, worked by, charged with, or producing electricity",,oxford3000,electric,base
electrical,adj,A2,single,Relating to electricity,,oxford3000,electrical,base
electricity,noun,A2,single,A form of energy resulting from the existence of charged particles,,oxford3000,electricity,base
electronic,adj,A2,single,"Operating through the use of many small components, especially microchips and transistors, that control and direct electric currents",,oxford3000,electronic,base
element,noun,B1,single,"A part or aspect of something abstract, especially one that is essential or characteristic",,oxford3000,element,base
element,noun,B1,single,"A part or aspect of something abstract, especially one that is essential or characteristic",,oxford3000,elements,plural
elephant,noun,A1,single,five-toed pachyderm,,oxford3000,elephant,base
elephant,noun,A1,single,five-toed pachyderm,,oxford3000,elephants,plural
eleven,number,A1,single,Equivalent to the sum of ten and one; one more than ten; 11,,oxford3000,eleven,base
else,adv,A1,single,In addition; besides,,oxford3000,else,base
elsewhere,adv,B2,single,"In, at, or to some other place",,oxford3000,elsewhere,base
email,noun,A1,single,Messages distributed by electronic means from one computer user to one or more recipients via a network,,oxford3000,email,base
email,noun,A1,single,Messages distributed by electronic means from one computer user to one or more recipients via a network,,oxford3000,emails,plural
email,verb,A1,single,communicate electronically on the computer,,oxford3000,email,base
email,verb,A1,single,communicate electronically on the computer,,oxford3000,emails,third_person
email,verb,A1,single,communicate electronically on the computer,,oxford3000,emailed,past
email,verb,A1,single,communicate electronically on the computer,,oxford3000,emailing,gerund
embarrassed,adj,B1,single,Feeling or showing embarrassment,,oxford3000,embarrassed,base
embarrassing,adj,B1,single,Causing embarrassment,,oxford3000,embarrassing,base
emerge,verb,B2,single,Move out of or away from something and become visible,,oxford3000,emerge,base
emerge,verb,B2,single,Move out of or away from something and become visible,,oxford3000,emerges,third_person
emerge,verb,B2,single,Move out of or away from something and become visible,,oxford3000,emerged,past
emerge,verb,B2,single,Move out of or away from something and become visible,,oxford3000,emerging,gerund
emergency,noun,B1,single,"A serious, unexpected, and often dangerous situation requiring immediate action",,oxford3000,emergency,base
emergency,noun,B1,single,"A serious, unexpected, and often dangerous situation requiring immediate action",,oxford3000,emergencies,plural
emotion,noun,B1,single,"A natural instinctive state of mind deriving from one's circumstances, mood, or relationships with others",,oxford3000,emotion,base
emotion,noun,B1,single,"A natural instinctive state of mind deriving from one's circumstances, mood, or relationships with others",,oxford3000,emotions,plural
emotional,adj,B2,single,Relating to a person's emotions,,oxford3000,emotional,base
emphasis,noun,B2,single,"Special importance, value, or prominence given to something",,oxford3000,emphasis,base
emphasis,noun,B2,single,"Special importance, value, or prominence given to something",,oxford3000,emphases,plural
emphasize,verb,B2,single,Give special importance or value to (something) in speaking or writing,,oxford3000,emphasize,base
emphasize,verb,B2,single,Give special importance or value to (something) in speaking or writing,,oxford3000,emphasizes,third_person
emphasize,verb,B2,single,Give special importance or value to (something) in speaking or writing,,oxford3000,emphasized,past
emphasize,verb,B2,single,Give special importance or value to (something) in speaking or writing,,oxford3000,emphasizing,gerund
employ,verb,A2,single,Give work to (someone) and pay them for it,,oxford3000,employ,base
employ,verb,A2,single,Give work to (someone) and pay them for it,,oxford3000,employs,third_person
employ,verb,A2,single,Give work to (someone) and pay them for it,,oxford3000,employed,past
employ,verb,A2,single,Give work to (someone) and pay them for it,,oxford3000,employing,gerund
employee,noun,A2,single,A person employed for wages or salary,,oxford3000,employee,base
employee,noun,A2,single,A person employed for wages or salary,,oxford3000,employees,plural
employer,noun,A2,single,A person or organization that employs people,,oxford3000,employer,base
employer,noun,A2,single,A person or organization that employs people,,oxford3000,employers,plural
employment,noun,B1,single,The condition of having paid work,,oxford3000,employment,base
employment,noun,B1,single,The condition of having paid work,,oxford3000,employments,plural
empty,adj,A2,single,Containing nothing; not filled or occupied,,oxford3000,empty,base
empty,adj,A2,single,Containing nothing; not filled or occupied,,oxford3000,emptier,comparative
empty,adj,A2,single,Containing nothing; not filled or occupied,,oxford3000,emptiest,superlative
empty,verb,B1,single,make void or empty of contents,,oxford3000,empty,base
empty,verb,B1,single,make void or empty of contents,,oxford3000,empties,third_person
empty,verb,B1,single,make void or empty of contents,,oxford3000,emptied,past
empty,verb,B1,single,make void or empty of contents,,oxford3000,emptying,gerund
enable,verb,B2,single,Give (someone or something) the authority or means to do something,,oxford3000,enable,base
enable,verb,B2,single,Give (someone or something) the authority or means to do something,,oxford3000,enables,third_person
enable,verb,B2,single,Give (someone or something) the authority or means to do something,,oxford3000,enabled,past
enable,verb,B2,single,Give (someone or something) the authority or means to do something,,oxford3000,enabling,gerund
encounter,noun,B2,single,a minor short-term fight,,oxford3000,encounter,base
encounter,noun,B2,single,a minor short-term fight,,oxford3000,encounters,plural
encounter,verb,B2,single,Unexpectedly experience or be faced with (something difficult or hostile),,oxford3000,encounter,base
encounter,verb,B2,single,Unexpectedly experience or be faced with (something difficult or hostile),,oxford3000,encounters,third_person
encounter,verb,B2,single,Unexpectedly experience or be faced with (something difficult or hostile),,oxford3000,encountered,past
encounter,verb,B2,single,Unexpectedly experience or be faced with (something difficult or hostile),,oxford3000,encountering,gerund
encourage,verb,B1,single,"Give support, confidence, or hope to (someone)",,oxford3000,encourage,base
encourage,verb,B1,single,"Give support, confidence, or hope to (someone)",,oxford3000,encourages,third_person
encourage,verb,B1,single,"Give support, confidence, or hope to (someone)",,oxford3000,encouraged,past
encourage,verb,B1,single,"Give support, confidence, or hope to (someone)",,oxford3000,encouraging,gerund
end,noun,A1,single,"A final part of something, especially a period of time, an activity, or a story",,oxford3000,end,base
end,noun,A1,single,"A final part of something, especially a period of time, an activity, or a story",,oxford3000,ends,plural
end,verb,A1,single,"have an end, in a temporal, spatial, or quantitative sense; either spatial or metaphorical",,oxford3000,end,base
end,verb,A1,single,"have an end, in a temporal, spatial, or quantitative sense; either spatial or metaphorical",,oxford3000,ends,third_person
end,verb,A1,single,"have an end, in a temporal, spatial, or quantitative sense; either spatial or metaphorical",,oxford3000,ended,past
end,verb,A1,single,"have an end, in a temporal, spatial, or quantitative sense; either spatial or metaphorical",,oxford3000,ending,gerund
ending,noun,A2,single,The final part of a period or sequence of events,,oxford3000,ending,base
ending,noun,A2,single,The final part of a period or sequence of events,,oxford3000,endings,plural
enemy,noun,B1,single,A person who is actively opposed or hostile to someone or something,,oxford3000,enemy,base
enemy,noun,B1,single,A person who is actively opposed or hostile to someone or something,,oxford3000,enemies,plural
energy,noun,A2,single,The strength and vitality required for sustained physical or mental activity,,oxford3000,energy,base
energy,noun,A2,single,The strength and vitality required for sustained physical or mental activity,,oxford3000,energies,plural
engage,verb,B2,single,"Occupy, attract, or involve (someone's interest or attention)",,oxford3000,engage,base
engage,verb,B2,single,"Occupy, attract, or involve (someone's interest or attention)",,oxford3000,engages,third_person
engage,verb,B2,single,"Occupy, attract, or involve (someone's interest or attention)",,oxford3000,engaged,past
engage,verb,B2,single,"Occupy, attract, or involve (someone's interest or attention)",,oxford3000,engaging,gerund
engaged,adj,B1,single,Busy; occupied,,oxford3000,engaged,base
engine,noun,A2,single,A machine with moving parts that converts power into motion,,oxford3000,engine,base
engine,noun,A2,single,A machine with moving parts that converts power into motion,,oxford3000,engines,plural
engineer,noun,A2,single,"A person who designs, builds, or maintains engines, machines, or structures",,oxford3000,engineer,base
engineer,noun,A2,single,"A person who designs, builds, or maintains engines, machines, or structures",,oxford3000,engineers,plural
engineering,noun,B1,single,"The branch of science and technology concerned with the design, building, and use of engines, machines, and structures",,oxford3000,engineering,base
enhance,verb,B2,single,increase,,oxford3000,enhance,base
enhance,verb,B2,single,increase,,oxford3000,enhances,third_person
enhance,verb,B2,single,increase,,oxford3000,enhanced,past
enhance,verb,B2,single,increase,,oxford3000,enhancing,gerund
enjoy,verb,A1,single,Take delight or pleasure in (an activity or occasion),,oxford3000,enjoy,base
enjoy,verb,A1,single,Take delight or pleasure in (an activity or occasion),,oxford3000,enjoys,third_person
enjoy,verb,A1,single,Take delight or pleasure in (an activity or occasion),,oxford3000,enjoyed,past
enjoy,verb,A1,single,Take delight or pleasure in (an activity or occasion),,oxford3000,enjoying,gerund
enormous,adj,A2,single,"Very large in size, quantity, or extent",,oxford3000,enormous,base
enough,adv,A1,single,as much as necessary; ; (`plenty' is nonstandard),,oxford3000,enough,base
enough,det,A1,single,As much or as many as required,,oxford3000,enough,base
enough,pron,A1,single,As much or as many as required,,oxford3000,enough,base
enquiry,noun,B2,single,An act of asking for information,,oxford3000,enquiry,base
enquiry,noun,B2,single,An act of asking for information,,oxford3000,enquiries,plural
ensure,verb,B2,single,Make certain that (something) will occur or be the case,,oxford3000,ensure,base
ensure,verb,B2,single,Make certain that (something) will occur or be the case,,oxford3000,ensures,third_person
ensure,verb,B2,single,Make certain that (something) will occur or be the case,,oxford3000,ensured,past
ensure,verb,B2,single,Make certain that (something) will occur or be the case,,oxford3000,ensuring,gerund
enter,verb,A2,single,Come or go into (a place),,oxford3000,enter,base
enter,verb,A2,single,Come or go into (a place),,oxford3000,enters,third_person
enter,verb,A2,single,Come or go into (a place),,oxford3000,entered,past
enter,verb,A2,single,Come or go into (a place),,oxford3000,entering,gerund
entertain,verb,B1,single,Provide (someone) with amusement or enjoyment,,oxford3000,entertain,base
entertain,verb,B1,single,Provide (someone) with amusement or enjoyment,,oxford3000,entertains,third_person
entertain,verb,B1,single,Provide (someone) with amusement or enjoyment,,oxford3000,entertained,past
entertain,verb,B1,single,Provide (someone) with amusement or enjoyment,,oxford3000,entertaining,gerund
entertainment,noun,B1,single,The action of providing or being provided with amusement or enjoyment,,oxford3000,entertainment,base
entertainment,noun,B1,single,The action of providing or being provided with amusement or enjoyment,,oxford3000,entertainments,plural
enthusiasm,noun,B2,single,"Intense and eager enjoyment, interest, or approval",,oxford3000,enthusiasm,base
enthusiasm,noun,B2,single,"Intense and eager enjoyment, interest, or approval",,oxford3000,enthusiasms,plural
enthusiastic,adj,B2,single,"Having or showing intense and eager enjoyment, interest, or approval",,oxford3000,enthusiastic,base
entire,adj,B2,single,With no part left out; whole,,oxford3000,entire,base
entirely,adv,B2,single,Completely (often used for emphasis),,oxford3000,entirely,base
entrance,noun,B1,single,"An opening, such as a door, passage, or gate, that allows access to a place",,oxford3000,entrance,base
entrance,noun,B1,single,"An opening, such as a door, passage, or gate, that allows access to a place",,oxford3000,entrances,plural
entry,noun,B1,single,An act of going or coming in,,oxford3000,entry,base
entry,noun,B1,single,An act of going or coming in,,oxford3000,entries,plural
environment,noun,A2,single,"The surroundings or conditions in which a person, animal, or plant lives or operates",,oxford3000,environment,base
environment,noun,A2,single,"The surroundings or conditions in which a person, animal, or plant lives or operates",,oxford3000,environments,plural
environmental,adj,B1,single,Relating to the natural world and the impact of human activity on its condition,,oxford3000,environmental,base
episode,noun,B1,single,a happening that is distinctive in a series of related events,,oxford3000,episode,base
episode,noun,B1,single,a happening that is distinctive in a series of related events,,oxford3000,episodes,plural
equal,adj,B1,single,"Being the same in quantity, size, degree, or value",,oxford3000,equal,base
equal,noun,B2,single,a person who is of equal standing with another in a group,,oxford3000,equal,base
equal,noun,B2,single,a person who is of equal standing with another in a group,,oxford3000,equals,plural
equal,verb,B1,single,be identical or equivalent to,,oxford3000,equal,base
equal,verb,B1,single,be identical or equivalent to,,oxford3000,equals,third_person
equal,verb,B1,single,be identical or equivalent to,,oxford3000,equalled,past
equal,verb,B1,single,be identical or equivalent to,,oxford3000,equaled,past
equal,verb,B1,single,be identical or equivalent to,,oxford3000,equalling,gerund
equal,verb,B1,single,be identical or equivalent to,,oxford3000,equaling,gerund
equally,adv,B1,single,In the same manner and to the same extent,,oxford3000,equally,base
equipment,noun,A2,single,The necessary items for a particular purpose,,oxford3000,equipment,base
equipment,noun,A2,single,The necessary items for a particular purpose,,oxford3000,equipments,plural
error,noun,A2,single,A mistake,,oxford3000,error,base
error,noun,A2,single,A mistake,,oxford3000,errors,plural
escape,noun,B1,single,the act of escaping physically,,oxford3000,escape,base
escape,noun,B1,single,the act of escaping physically,,oxford3000,escapes,plural
escape,verb,B1,single,Break free from confinement or control,,oxford3000,escape,base
escape,verb,B1,single,Break free from confinement or control,,oxford3000,escapes,third_person
escape,verb,B1,single,Break free from confinement or control,,oxford3000,escaped,past
escape,verb,B1,single,Break free from confinement or control,,oxford3000,escaping,gerund
especially,adv,A2,single,"Used to single out one person, thing, or situation over all others",,oxford3000,especially,base
essay,noun,A2,single,A short piece of writing on a particular subject,,oxford3000,essay,base
essay,noun,A2,single,A short piece of writing on a particular subject,,oxford3000,essays,plural
essential,adj,B1,single,Absolutely necessary,,oxford3000,essential,base
establish,verb,B2,single,Set up on a firm or permanent basis,,oxford3000,establish,base
establish,verb,B2,single,Set up on a firm or permanent basis,,oxford3000,establishes,third_person
establish,verb,B2,single,Set up on a firm or permanent basis,,oxford3000,established,past
establish,verb,B2,single,Set up on a firm or permanent basis,,oxford3000,establishing,gerund
estate,noun,B2,single,"An extensive area of land in the country, usually with a large house, owned by one person, family, or organization",,oxford3000,estate,base
estate,noun,B2,single,"An extensive area of land in the country, usually with a large house, owned by one person, family, or organization",,oxford3000,estates,plural
estimate,noun,B2,single,"An approximate calculation or judgment of the value, number, quantity, or extent of something",,oxford3000,estimate,base
estimate,noun,B2,single,"An approximate calculation or judgment of the value, number, quantity, or extent of something",,oxford3000,estimates,plural
estimate,verb,B2,single,judge tentatively or form an estimate of (quantities or time),,oxford3000,estimate,base
estimate,verb,B2,single,judge tentatively or form an estimate of (quantities or time),,oxford3000,estimates,third_person
estimate,verb,B2,single,judge tentatively or form an estimate of (quantities or time),,oxford3000,estimated,past
estimate,verb,B2,single,judge tentatively or form an estimate of (quantities or time),,oxford3000,estimating,gerund
ethical,adj,B2,single,of or relating to the philosophical study of ethics,,oxford3000,ethical,base
euro,noun,A1,single,The single European currency,,oxford3000,euro,base
evaluate,verb,B2,single,"evaluate or estimate the nature, quality, ability, extent, or significance of",,oxford3000,evaluate,base
evaluate,verb,B2,single,"evaluate or estimate the nature, quality, ability, extent, or significance of",,oxford3000,evaluates,third_person
evaluate,verb,B2,single,"evaluate or estimate the nature, quality, ability, extent, or significance of",,oxford3000,evaluated,past
evaluate,verb,B2,single,"evaluate or estimate the nature, quality, ability, extent, or significance of",,oxford3000,evaluating,gerund
even,adj,B2,single,Flat and smooth,,oxford3000,even,base
even,adv,A1,single,used as an intensive especially to indicate something unexpected,,oxford3000,even,base
evening,noun,A1,single,"The period of time at the end of the day, usually from about 6 p.m. to bedtime",,oxford3000,evening,base
evening,noun,A1,single,"The period of time at the end of the day, usually from about 6 p.m. to bedtime",,oxford3000,evenings,plural
event,noun,A1,single,"A thing that happens, especially one of importance",,oxford3000,event,base
event,noun,A1,single,"A thing that happens, especially one of importance",,oxford3000,events,plural
eventually,adv,B1,single,"In the end, especially after a long delay, dispute, or series of problems",,oxford3000,eventually,base
ever,adv,A1,single,At any time,,oxford3000,ever,base
every,det,A1,single,Used before a singular noun to refer to all the individual members of a set without exception,,oxford3000,every,base
everybody,pron,A1,single,Every person,,oxford3000,everybody,base
everyday,adj,A2,single,found in the ordinary course of events; ; ; - Anita Diamant,,oxford3000,everyday,base
everyone,pron,A1,single,Every person,,oxford3000,everyone,base
everything,pron,A1,single,All things,,oxford3000,everything,base
everywhere,adv,A2,single,In or to all places,,oxford3000,everywhere,base
evidence,noun,A2,single,The available body of facts or information indicating whether a belief or proposition is true or valid,,oxford3000,evidence,base
evidence,noun,A2,single,The available body of facts or information indicating whether a belief or proposition is true or valid,,oxford3000,evidences,plural
evil,adj,B2,single,Profoundly immoral and wicked,,oxford3000,evil,base
evil,noun,B2,single,morally objectionable behavior,,oxford3000,evil,base
evil,noun,B2,single,morally objectionable behavior,,oxford3000,evils,plural
exact,adj,A2,single,Not approximated in any way; precise,,oxford3000,exact,base
exact,adj,A2,single,Not approximated in any way; precise,,oxford3000,exacter,comparative
exact,adj,A2,single,Not approximated in any way; precise,,oxford3000,exactest,superlative
exactly,adv,A2,single,In a precise manner; used to emphasize the accuracy of a figure or description,,oxford3000,exactly,base
exam,noun,A1,single,A formal test of a person's knowledge or proficiency in a subject or skill,,oxford3000,exam,base
exam,noun,A1,single,A formal test of a person's knowledge or proficiency in a subject or skill,,oxford3000,exams,plural
examination,noun,B2,single,A detailed inspection or investigation,,oxford3000,examination,base
examination,noun,B2,single,A detailed inspection or investigation,,oxford3000,examinations,plural
examine,verb,B1,single,Inspect (someone or something) in detail to determine their nature or condition; investigate thoroughly,,oxford3000,examine,base
examine,verb,B1,single,Inspect (someone or something) in detail to determine their nature or condition; investigate thoroughly,,oxford3000,examines,third_person
examine,verb,B1,single,Inspect (someone or something) in detail to determine their nature or condition; investigate thoroughly,,oxford3000,examined,past
examine,verb,B1,single,Inspect (someone or something) in detail to determine their nature or condition; investigate thoroughly,,oxford3000,examining,gerund
example,noun,A1,single,A thing characteristic of its kind or illustrating a general rule,,oxford3000,example,base
example,noun,A1,single,A thing characteristic of its kind or illustrating a general rule,,oxford3000,examples,plural
excellent,adj,A2,single,Extremely good; outstanding,,oxford3000,excellent,base
except,conj,B1,single,Not including; other than,,oxford3000,except,base
except,prep,A2,single,Not including; other than,,oxford3000,except,base
exchange,noun,B1,single,An act of giving one thing and receiving another (especially of the same type or value) in return,,oxford3000,exchange,base
exchange,noun,B1,single,An act of giving one thing and receiving another (especially of the same type or value) in return,,oxford3000,exchanges,plural
exchange,verb,B1,single,"give to, and receive from, one another",,oxford3000,exchange,base
exchange,verb,B1,single,"give to, and receive from, one another",,oxford3000,exchanges,third_person
exchange,verb,B1,single,"give to, and receive from, one another",,oxford3000,exchanged,past
exchange,verb,B1,single,"give to, and receive from, one another",,oxford3000,exchanging,gerund
excited,adj,A1,single,Very enthusiastic and eager,,oxford3000,excited,base
excitement,noun,B1,single,A feeling of great enthusiasm and eagerness,,oxford3000,excitement,base
excitement,noun,B1,single,A feeling of great enthusiasm and eagerness,,oxford3000,excitements,plural
exciting,adj,A1,single,Causing great enthusiasm and eagerness,,oxford3000,exciting,base
excuse,noun,B2,single,a defense of some offensive behavior or some failure to keep a promise etc.,,oxford3000,excuse,base
excuse,noun,B2,single,a defense of some offensive behavior or some failure to keep a promise etc.,,oxford3000,excuses,plural
excuse,verb,B2,single,Seek to lessen the blame attaching to (a fault or offense); try to justify,,oxford3000,excuse,base
excuse,verb,B2,single,Seek to lessen the blame attaching to (a fault or offense); try to justify,,oxford3000,excuses,third_person
excuse,verb,B2,single,Seek to lessen the blame attaching to (a fault or offense); try to justify,,oxford3000,excused,past
excuse,verb,B2,single,Seek to lessen the blame attaching to (a fault or offense); try to justify,,oxford3000,excusing,gerund
executive,adj,B2,single,having the function of carrying out plans or orders etc.,,oxford3000,executive,base
executive,noun,B2,single,A person with senior managerial responsibility in a business organization,,oxford3000,executive,base
executive,noun,B2,single,A person with senior managerial responsibility in a business organization,,oxford3000,executives,plural
exercise,noun,A1,single,"Activity requiring physical effort, carried out to sustain or improve health and fitness",,oxford3000,exercise,base
exercise,noun,A1,single,"Activity requiring physical effort, carried out to sustain or improve health and fitness",,oxford3000,exercises,plural
exercise,verb,A1,single,put to use,,oxford3000,exercise,base
exercise,verb,A1,single,put to use,,oxford3000,exercises,third_person
exercise,verb,A1,single,put to use,,oxford3000,exercised,past
exercise,verb,A1,single,put to use,,oxford3000,exercising,gerund
exhibition,noun,B1,single,"A public display of works of art or items of interest, held in an art gallery or museum or at a trade fair",,oxford3000,exhibition,base
exhibition,noun,B1,single,"A public display of works of art or items of interest, held in an art gallery or museum or at a trade fair",,oxford3000,exhibitions,plural
exist,verb,A2,single,Have objective reality or being,,oxford3000,exist,base
exist,verb,A2,single,Have objective reality or being,,oxford3000,exists,third_person
exist,verb,A2,single,Have objective reality or being,,oxford3000,existed,past
exist,verb,A2,single,Have objective reality or being,,oxford3000,existing,gerund
existence,noun,B2,single,The fact or state of living or having objective reality,,oxford3000,existence,base
existence,noun,B2,single,The fact or state of living or having objective reality,,oxford3000,existences,plural
expand,verb,B1,single,Become or make larger or more extensive,,oxford3000,expand,base
expand,verb,B1,single,Become or make larger or more extensive,,oxford3000,expands,third_person
expand,verb,B1,single,Become or make larger or more extensive,,oxford3000,expanded,past
expand,verb,B1,single,Become or make larger or more extensive,,oxford3000,expanding,gerund
expect,verb,A2,single,Regard (something) as likely to happen,,oxford3000,expect,base
expect,verb,A2,single,Regard (something) as likely to happen,,oxford3000,expects,third_person
expect,verb,A2,single,Regard (something) as likely to happen,,oxford3000,expected,past
expect,verb,A2,single,Regard (something) as likely to happen,,oxford3000,expecting,gerund
expectation,noun,B2,single,A strong belief that something will happen or be the case,,oxford3000,expectation,base
expectation,noun,B2,single,A strong belief that something will happen or be the case,,oxford3000,expectations,plural
expected,adj,B1,single,Regarded as likely; anticipated,,oxford3000,expected,base
expedition,noun,B1,single,a military campaign designed to achieve a specific objective in a foreign country,,oxford3000,expedition,base
expedition,noun,B1,single,a military campaign designed to achieve a specific objective in a foreign country,,oxford3000,expeditions,plural
expense,noun,B2,single,The cost required for something; the money spent on something,,oxford3000,expense,base
expense,noun,B2,single,The cost required for something; the money spent on something,,oxford3000,expenses,plural
expensive,adj,A1,single,Costing a lot of money,,oxford3000,expensive,base
experience,noun,A2,single,Practical contact with and observation of facts or events,,oxford3000,experience,base
experience,noun,A2,single,Practical contact with and observation of facts or events,,oxford3000,experiences,plural
experience,verb,B1,single,go or live through,,oxford3000,experience,base
experience,verb,B1,single,go or live through,,oxford3000,experiences,third_person
experience,verb,B1,single,go or live through,,oxford3000,experienced,past
experience,verb,B1,single,go or live through,,oxford3000,experiencing,gerund
experienced,adj,B1,single,"Having knowledge or skill in a particular field, especially a profession or job, gained over a period of time",,oxford3000,experienced,base
experiment,noun,A2,single,"A scientific procedure undertaken to make a discovery, test a hypothesis, or demonstrate a known fact",,oxford3000,experiment,base
experiment,noun,A2,single,"A scientific procedure undertaken to make a discovery, test a hypothesis, or demonstrate a known fact",,oxford3000,experiments,plural
experiment,verb,B1,single,to conduct a test or investigation,,oxford3000,experiment,base
experiment,verb,B1,single,to conduct a test or investigation,,oxford3000,experiments,third_person
experiment,verb,B1,single,to conduct a test or investigation,,oxford3000,experimented,past
experiment,verb,B1,single,to conduct a test or investigation,,oxford3000,experimenting,gerund
expert,adj,A2,single,having or showing knowledge and skill and aptitude,,oxford3000,expert,base
expert,noun,A2,single,A person who has a comprehensive and authoritative knowledge of or skill in a particular area,,oxford3000,expert,base
expert,noun,A2,single,A person who has a comprehensive and authoritative knowledge of or skill in a particular area,,oxford3000,experts,plural
explain,verb,A1,single,"Make (an idea, situation, or problem) clear to someone by describing it in more detail or revealing relevant facts or ideas",,oxford3000,explain,base
explain,verb,A1,single,"Make (an idea, situation, or problem) clear to someone by describing it in more detail or revealing relevant facts or ideas",,oxford3000,explains,third_person
explain,verb,A1,single,"Make (an idea, situation, or problem) clear to someone by describing it in more detail or revealing relevant facts or ideas",,oxford3000,explained,past
explain,verb,A1,single,"Make (an idea, situation, or problem) clear to someone by describing it in more detail or revealing relevant facts or ideas",,oxford3000,explaining,gerund
explanation,noun,A2,single,A statement or account that makes something clear,,oxford3000,explanation,base
explanation,noun,A2,single,A statement or account that makes something clear,,oxford3000,explanations,plural
explode,verb,B1,single,"Burst or shatter violently and noisily as a result of rapid combustion, excessive internal pressure, or other process",,oxford3000,explode,base
explode,verb,B1,single,"Burst or shatter violently and noisily as a result of rapid combustion, excessive internal pressure, or other process",,oxford3000,explodes,third_person
explode,verb,B1,single,"Burst or shatter violently and noisily as a result of rapid combustion, excessive internal pressure, or other process",,oxford3000,exploded,past
explode,verb,B1,single,"Burst or shatter violently and noisily as a result of rapid combustion, excessive internal pressure, or other process",,oxford3000,exploding,gerund
exploration,noun,B2,single,to travel for the purpose of discovery,,oxford3000,exploration,base
exploration,noun,B2,single,to travel for the purpose of discovery,,oxford3000,explorations,plural
explore,verb,B1,single,Travel in or through (an unfamiliar country or area) in order to learn about or familiarize oneself with it,,oxford3000,explore,base
explore,verb,B1,single,Travel in or through (an unfamiliar country or area) in order to learn about or familiarize oneself with it,,oxford3000,explores,third_person
explore,verb,B1,single,Travel in or through (an unfamiliar country or area) in order to learn about or familiarize oneself with it,,oxford3000,explored,past
explore,verb,B1,single,Travel in or through (an unfamiliar country or area) in order to learn about or familiarize oneself with it,,oxford3000,exploring,gerund
explosion,noun,B1,single,A violent and destructive shattering or blowing apart of something,,oxford3000,explosion,base
explosion,noun,B1,single,A violent and destructive shattering or blowing apart of something,,oxford3000,explosions,plural
export,noun,B1,single,Send (goods or services) to another country for sale,,oxford3000,export,base
export,noun,B1,single,Send (goods or services) to another country for sale,,oxford3000,exports,plural
export,verb,B1,single,sell or transfer abroad,,oxford3000,export,base
export,verb,B1,single,sell or transfer abroad,,oxford3000,exports,third_person
export,verb,B1,single,sell or transfer abroad,,oxford3000,exported,past
export,verb,B1,single,sell or transfer abroad,,oxford3000,exporting,gerund
expose,verb,B2,single,"Make (something) visible, typically by uncovering it",,oxford3000,expose,base
expose,verb,B2,single,"Make (something) visible, typically by uncovering it",,oxford3000,exposes,third_person
expose,verb,B2,single,"Make (something) visible, typically by uncovering it",,oxford3000,exposed,past
expose,verb,B2,single,"Make (something) visible, typically by uncovering it",,oxford3000,exposing,gerund
express,verb,A2,single,Convey (a thought or feeling) in words or by gestures and conduct,,oxford3000,express,base
express,verb,A2,single,Convey (a thought or feeling) in words or by gestures and conduct,,oxford3000,expresses,third_person
express,verb,A2,single,Convey (a thought or feeling) in words or by gestures and conduct,,oxford3000,expressed,past
express,verb,A2,single,Convey (a thought or feeling) in words or by gestures and conduct,,oxford3000,expressing,gerund
expression,noun,A2,single,The process of making known one's thoughts or feelings,,oxford3000,expression,base
expression,noun,A2,single,The process of making known one's thoughts or feelings,,oxford3000,expressions,plural
extend,verb,B2,single,Cause to cover a larger area; make longer or wider,,oxford3000,extend,base
extend,verb,B2,single,Cause to cover a larger area; make longer or wider,,oxford3000,extends,third_person
extend,verb,B2,single,Cause to cover a larger area; make longer or wider,,oxford3000,extended,past
extend,verb,B2,single,Cause to cover a larger area; make longer or wider,,oxford3000,extending,gerund
extent,noun,B2,single,The area covered by something,,oxford3000,extent,base
extent,noun,B2,single,The area covered by something,,oxford3000,extents,plural
external,adj,B2,single,happening or arising or located outside or beyond some limits or especially surface,,oxford3000,external,base
extra,adj,A1,single,Added to an existing or usual amount or number,,oxford3000,extra,base
extra,adv,B1,single,unusually or exceptionally,,oxford3000,extra,base
extra,noun,A1,single,a minor actor in crowd scenes,,oxford3000,extra,base
extra,noun,A1,single,a minor actor in crowd scenes,,oxford3000,extras,plural
extraordinary,adj,B2,single,Very unusual or remarkable,,oxford3000,extraordinary,base
extreme,adj,A2,single,Reaching a high or the highest degree; very great,,oxford3000,extreme,base
extreme,noun,B2,single,the furthest or highest degree of something,,oxford3000,extreme,base
extreme,noun,B2,single,the furthest or highest degree of something,,oxford3000,extremes,plural
extremely,adv,A2,single,To a very great degree; very,,oxford3000,extremely,base
eye,noun,A1,single,The organ of sight,,oxford3000,eye,base
eye,noun,A1,single,The organ of sight,,oxford3000,eyes,plural
face,noun,A1,single,"The front part of a person's head from the forehead to the chin, or the corresponding part in an animal",,oxford3000,face,base
face,noun,A1,single,"The front part of a person's head from the forehead to the chin, or the corresponding part in an animal",,oxford3000,faces,plural
face,verb,B1,single,deal with (something unpleasant) head on,,oxford3000,face,base
face,verb,B1,single,deal with (something unpleasant) head on,,oxford3000,faces,third_person
face,verb,B1,single,deal with (something unpleasant) head on,,oxford3000,faced,past
face,verb,B1,single,deal with (something unpleasant) head on,,oxford3000,facing,gerund
facility,noun,B2,single,a building or place that provides a particular service or is used for a particular industry,,oxford3000,facility,base
facility,noun,B2,single,a building or place that provides a particular service or is used for a particular industry,,oxford3000,facilities,plural
fact,noun,A1,single,A thing that is known or proved to be true,,oxford3000,fact,base
fact,noun,A1,single,A thing that is known or proved to be true,,oxford3000,facts,plural
factor,noun,A2,single,"A circumstance, fact, or influence that contributes to a result or outcome",,oxford3000,factor,base
factor,noun,A2,single,"A circumstance, fact, or influence that contributes to a result or outcome",,oxford3000,factors,plural
factory,noun,A2,single,A building or group of buildings where goods are manufactured or assembled chiefly by machine,,oxford3000,factory,base
factory,noun,A2,single,A building or group of buildings where goods are manufactured or assembled chiefly by machine,,oxford3000,factories,plural
fail,verb,A2,single,Be unsuccessful in achieving one's goal,,oxford3000,fail,base
fail,verb,A2,single,Be unsuccessful in achieving one's goal,,oxford3000,fails,third_person
fail,verb,A2,single,Be unsuccessful in achieving one's goal,,oxford3000,failed,past
fail,verb,A2,single,Be unsuccessful in achieving one's goal,,oxford3000,failing,gerund
failure,noun,B2,single,Lack of success,,oxford3000,failure,base
failure,noun,B2,single,Lack of success,,oxford3000,failures,plural
fair,adj,A2,single,In accordance with the rules or standards; legitimate,,oxford3000,fair,base
fair,adj,A2,single,In accordance with the rules or standards; legitimate,,oxford3000,fairer,comparative
fair,adj,A2,single,In accordance with the rules or standards; legitimate,,oxford3000,fairest,superlative
fairly,adv,B1,single,With justice,,oxford3000,fairly,base
faith,noun,B2,single,Complete trust or confidence in someone or something,,oxford3000,faith,base
faith,noun,B2,single,Complete trust or confidence in someone or something,,oxford3000,faiths,plural
fall,noun,A2,single,the season when the leaves fall from the trees,,oxford3000,fall,base
fall,noun,A2,single,the season when the leaves fall from the trees,,oxford3000,falls,plural
fall,verb,A1,single,"Move downward, typically rapidly and freely without control, from a higher to a lower level",,oxford3000,fall,base
fall,verb,A1,single,"Move downward, typically rapidly and freely without control, from a higher to a lower level",,oxford3000,falls,third_person
fall,verb,A1,single,"Move downward, typically rapidly and freely without control, from a higher to a lower level",,oxford3000,fell,past
fall,verb,A1,single,"Move downward, typically rapidly and freely without control, from a higher to a lower level",,oxford3000,fallen,past_participle
fall,verb,A1,single,"Move downward, typically rapidly and freely without control, from a higher to a lower level",,oxford3000,falling,gerund
false,adj,A1,single,Not according with truth or fact; incorrect,,oxford3000,false,base
familiar,adj,B1,single,Well known from long or close association,,oxford3000,familiar,base
family,adj,A1,single,A group consisting of parents and children living together in a household,,oxford3000,family,base
family,noun,A1,single,A group consisting of parents and children living together in a household,,oxford3000,family,base
family,noun,A1,single,A group consisting of parents and children living together in a household,,oxford3000,families,plural
famous,adj,A1,single,Known about by many people,,oxford3000,famous,base
fan,noun,A2,single,An apparatus with rotating blades that creates a current of air for cooling or ventilation,,oxford3000,fan,base
fan,noun,A2,single,An apparatus with rotating blades that creates a current of air for cooling or ventilation,,oxford3000,fans,plural
fancy,adj,B1,single,not plain; decorative or ornamented,,oxford3000,fancy,base
fancy,adj,B1,single,not plain; decorative or ornamented,,oxford3000,fancier,comparative
fancy,adj,B1,single,not plain; decorative or ornamented,,oxford3000,fanciest,superlative
fancy,verb,B1,single,Feel a desire or liking for,,oxford3000,fancy,base
fancy,verb,B1,single,Feel a desire or liking for,,oxford3000,fancies,third_person
fancy,verb,B1,single,Feel a desire or liking for,,oxford3000,fancied,past
fancy,verb,B1,single,Feel a desire or liking for,,oxford3000,fancying,gerund
fantastic,adj,A1,single,ludicrously odd,,oxford3000,fantastic,base
far,adj,B1,single,"At, to, or by a great distance (used to indicate the extent to which one thing is distant from another)",,oxford3000,far,base
far,adj,B1,single,"At, to, or by a great distance (used to indicate the extent to which one thing is distant from another)",,oxford3000,farther,comparative
far,adj,B1,single,"At, to, or by a great distance (used to indicate the extent to which one thing is distant from another)",,oxford3000,further,comparative
far,adj,B1,single,"At, to, or by a great distance (used to indicate the extent to which one thing is distant from another)",,oxford3000,farthest,superlative
far,adj,B1,single,"At, to, or by a great distance (used to indicate the extent to which one thing is distant from another)",,oxford3000,furthest,superlative
far,adv,A1,single,to a considerable degree; very much,,oxford3000,far,base
far,adv,A1,single,to a considerable degree; very much,,oxford3000,further,comparative
far,adv,A1,single,to a considerable degree; very much,,oxford3000,farther,comparative
far,adv,A1,single,to a considerable degree; very much,,oxford3000,farthest,superlative
far,adv,A1,single,to a considerable degree; very much,,oxford3000,furthest,superlative
farm,noun,A1,single,"An area of land and its buildings, used for growing crops and rearing animals",,oxford3000,farm,base
farm,noun,A1,single,"An area of land and its buildings, used for growing crops and rearing animals",,oxford3000,farms,plural
farm,verb,A2,single,be a farmer; work as a farmer,,oxford3000,farm,base
farm,verb,A2,single,be a farmer; work as a farmer,,oxford3000,farms,third_person
farm,verb,A2,single,be a farmer; work as a farmer,,oxford3000,farmed,past
farm,verb,A2,single,be a farmer; work as a farmer,,oxford3000,farming,gerund
farmer,noun,A1,single,A person who owns or manages a farm,,oxford3000,farmer,base
farmer,noun,A1,single,A person who owns or manages a farm,,oxford3000,farmers,plural
farming,noun,A2,single,The activity or business of growing crops and raising livestock,,oxford3000,farming,base
fascinating,adj,B1,single,capable of arousing and holding the attention,,oxford3000,fascinating,base
fashion,noun,A2,single,"A popular or the latest style of clothing, hair, decoration, or behavior",,oxford3000,fashion,base
fashion,noun,A2,single,"A popular or the latest style of clothing, hair, decoration, or behavior",,oxford3000,fashions,plural
fashionable,adj,B1,single,Characterized by or following the latest trends or fashions,,oxford3000,fashionable,base
fast,adj,A1,single,Moving or capable of moving at high speed,,oxford3000,fast,base
fast,adj,A1,single,Moving or capable of moving at high speed,,oxford3000,faster,comparative
fast,adj,A1,single,Moving or capable of moving at high speed,,oxford3000,fastest,superlative
fast,adv,A1,single,quickly or rapidly (often used as a combining form),,oxford3000,fast,base
fast,adv,A1,single,quickly or rapidly (often used as a combining form),,oxford3000,faster,comparative
fast,adv,A1,single,quickly or rapidly (often used as a combining form),,oxford3000,fastest,superlative
fasten,verb,B1,single,Close or join securely,,oxford3000,fasten,base
fasten,verb,B1,single,Close or join securely,,oxford3000,fastens,third_person
fasten,verb,B1,single,Close or join securely,,oxford3000,fastened,past
fasten,verb,B1,single,Close or join securely,,oxford3000,fastening,gerund
fat,adj,A1,single,having an (over)abundance of flesh,,oxford3000,fat,base
fat,adj,A1,single,having an (over)abundance of flesh,,oxford3000,fatter,comparative
fat,adj,A1,single,having an (over)abundance of flesh,,oxford3000,fattest,superlative
fat,noun,A2,single,"A natural oily substance occurring in animal bodies, especially when deposited as a layer under the skin or around certain organs",,oxford3000,fat,base
fat,noun,A2,single,"A natural oily substance occurring in animal bodies, especially when deposited as a layer under the skin or around certain organs",,oxford3000,fats,plural
father,noun,A1,single,A man in relation to his child or children,,oxford3000,father,base
father,noun,A1,single,A man in relation to his child or children,,oxford3000,fathers,plural
fault,noun,B2,single,"An unattractive or unsatisfactory feature, especially in a piece of work or in a person's character",,oxford3000,fault,base
fault,noun,B2,single,"An unattractive or unsatisfactory feature, especially in a piece of work or in a person's character",,oxford3000,faults,plural
favour,noun,B1,single,a feeling of favorable regard,,oxford3000,favour,base
favour,noun,B1,single,a feeling of favorable regard,,oxford3000,favours,plural
favour,verb,B2,single,treat gently or carefully,,oxford3000,favour,base
favour,verb,B2,single,treat gently or carefully,,oxford3000,favours,third_person
favour,verb,B2,single,treat gently or carefully,,oxford3000,favoured,past
favour,verb,B2,single,treat gently or carefully,,oxford3000,favouring,gerund
favourite,adj,A1,single,appealing to the general public,,oxford3000,favourite,base
favourite,noun,A1,single,a competitor thought likely to win,,oxford3000,favourite,base
favourite,noun,A1,single,a competitor thought likely to win,,oxford3000,favourites,plural
fear,noun,A2,single,"An unpleasant emotion caused by the threat of danger, pain, or harm",,oxford3000,fear,base
fear,noun,A2,single,"An unpleasant emotion caused by the threat of danger, pain, or harm",,oxford3000,fears,plural
fear,verb,B1,single,be afraid or feel anxious or apprehensive about a possible or probable situation or event,,oxford3000,fear,base
fear,verb,B1,single,be afraid or feel anxious or apprehensive about a possible or probable situation or event,,oxford3000,fears,third_person
fear,verb,B1,single,be afraid or feel anxious or apprehensive about a possible or probable situation or event,,oxford3000,feared,past
fear,verb,B1,single,be afraid or feel anxious or apprehensive about a possible or probable situation or event,,oxford3000,fearing,gerund
feather,noun,B2,single,Any of the flat appendages growing from a bird's skin and forming its plumage,,oxford3000,feather,base
feather,noun,B2,single,Any of the flat appendages growing from a bird's skin and forming its plumage,,oxford3000,feathers,plural
feature,noun,A2,single,A distinctive attribute or aspect of something,,oxford3000,feature,base
feature,noun,A2,single,A distinctive attribute or aspect of something,,oxford3000,features,plural
feature,verb,B1,single,have as a feature,,oxford3000,feature,base
feature,verb,B1,single,have as a feature,,oxford3000,features,third_person
feature,verb,B1,single,have as a feature,,oxford3000,featured,past
feature,verb,B1,single,have as a feature,,oxford3000,featuring,gerund
february,noun,A1,single,The second month of the year,,oxford3000,february,base
fee,noun,B2,single,A payment made to a professional person or to a professional or public body in exchange for advice or services,,oxford3000,fee,base
fee,noun,B2,single,A payment made to a professional person or to a professional or public body in exchange for advice or services,,oxford3000,fees,plural
feed,noun,B2,single,food for domestic livestock,,oxford3000,feed,base
feed,noun,B2,single,food for domestic livestock,,oxford3000,feeds,plural
feed,verb,A2,single,Give food to,,oxford3000,feed,base
feed,verb,A2,single,Give food to,,oxford3000,feeds,third_person
feed,verb,A2,single,Give food to,,oxford3000,fed,past
feed,verb,A2,single,Give food to,,oxford3000,feeding,gerund
feedback,noun,B2,single,the process in which part of the output of a system is returned to its input in order to regulate its further output,,oxford3000,feedback,base
feedback,noun,B2,single,the process in which part of the output of a system is returned to its input in order to regulate its further output,,oxford3000,feedbacks,plural
feel,noun,B2,single,an intuitive awareness;  or,,oxford3000,feel,base
feel,verb,A1,single,Be aware of (a person or object) through touching or being touched,,oxford3000,feel,base
feel,verb,A1,single,Be aware of (a person or object) through touching or being touched,,oxford3000,feels,third_person
feel,verb,A1,single,Be aware of (a person or object) through touching or being touched,,oxford3000,felt,past
feel,verb,A1,single,Be aware of (a person or object) through touching or being touched,,oxford3000,feeling,gerund
feeling,noun,A1,single,An emotional state or reaction,,oxford3000,feeling,base
feeling,noun,A1,single,An emotional state or reaction,,oxford3000,feelings,plural
fellow,adj,B2,single,"A person in the same position, involved in the same activity, or otherwise associated with another",,oxford3000,fellow,base
female,adj,A2,single,Of or denoting the sex that can bear offspring or produce eggs,,oxford3000,female,base
female,noun,A2,single,an animal that produces gametes (ova) that can be fertilized by male gametes (spermatozoa),,oxford3000,female,base
female,noun,A2,single,an animal that produces gametes (ova) that can be fertilized by male gametes (spermatozoa),,oxford3000,females,plural
fence,noun,B1,single,"A barrier, railing, or other upright structure, typically of wood or wire, enclosing an area of ground to mark a boundary, control access, or prevent escape",,oxford3000,fence,base
fence,noun,B1,single,"A barrier, railing, or other upright structure, typically of wood or wire, enclosing an area of ground to mark a boundary, control access, or prevent escape",,oxford3000,fences,plural
festival,noun,A1,single,"A day or period of celebration, typically for religious reasons",,oxford3000,festival,base
festival,noun,A1,single,"A day or period of celebration, typically for religious reasons",,oxford3000,festivals,plural
few,adj,A1,single,A small number of,,oxford3000,few,base
few,adj,A1,single,A small number of,,oxford3000,fewer,comparative
few,adj,A1,single,A small number of,,oxford3000,fewest,superlative
few,det,A1,single,A small number of,,oxford3000,few,base
few,pron,A1,single,A small number of,,oxford3000,few,base
fiction,noun,A2,single,a literary work based on the imagination and not necessarily on fact,,oxford3000,fiction,base
fiction,noun,A2,single,a literary work based on the imagination and not necessarily on fact,,oxford3000,fictions,plural
field,noun,A2,single,"An area of open land, especially one planted with crops or pasture, typically bounded by hedges or fences",,oxford3000,field,base
field,noun,A2,single,"An area of open land, especially one planted with crops or pasture, typically bounded by hedges or fences",,oxford3000,fields,plural
fifteen,number,A1,single,The number equivalent to the product of three and five; one more than fourteen,,oxford3000,fifteen,base
fifth,number,A1,single,Constituting number five in a sequence; 5th,,oxford3000,fifth,base
fifty,number,A1,single,The number equivalent to the product of five and ten; ten more than forty,,oxford3000,fifty,base
fight,noun,A2,single,a hostile meeting of opposing military forces in the course of a war,,oxford3000,fight,base
fight,noun,A2,single,a hostile meeting of opposing military forces in the course of a war,,oxford3000,fights,plural
fight,verb,A2,single,Take part in a violent struggle involving the exchange of physical blows or the use of weapons,,oxford3000,fight,base
fight,verb,A2,single,Take part in a violent struggle involving the exchange of physical blows or the use of weapons,,oxford3000,fights,third_person
fight,verb,A2,single,Take part in a violent struggle involving the exchange of physical blows or the use of weapons,,oxford3000,fought,past
fight,verb,A2,single,Take part in a violent struggle involving the exchange of physical blows or the use of weapons,,oxford3000,fighting,gerund
fighting,noun,B1,single,The action or process of fighting; violence or conflict,,oxford3000,fighting,base
figure,noun,A2,single,"A number, especially one which forms part of official statistics or relates to the financial performance of a company",,oxford3000,figure,base
figure,noun,A2,single,"A number, especially one which forms part of official statistics or relates to the financial performance of a company",,oxford3000,figures,plural
figure,verb,B2,single,judge to be probable,,oxford3000,figure,base
figure,verb,B2,single,judge to be probable,,oxford3000,figures,third_person
figure,verb,B2,single,judge to be probable,,oxford3000,figured,past
figure,verb,B2,single,judge to be probable,,oxford3000,figuring,gerund
file,noun,B1,single,A folder or box for holding loose papers that are typically arranged in a particular order for easy reference,,oxford3000,file,base
file,noun,B1,single,A folder or box for holding loose papers that are typically arranged in a particular order for easy reference,,oxford3000,files,plural
file,verb,B2,single,record in a public office or in a court of law,,oxford3000,file,base
file,verb,B2,single,record in a public office or in a court of law,,oxford3000,files,third_person
file,verb,B2,single,record in a public office or in a court of law,,oxford3000,filed,past
file,verb,B2,single,record in a public office or in a court of law,,oxford3000,filing,gerund
fill,verb,A1,single,Cause (a space or container) to become full or almost full,,oxford3000,fill,base
fill,verb,A1,single,Cause (a space or container) to become full or almost full,,oxford3000,fills,third_person
fill,verb,A1,single,Cause (a space or container) to become full or almost full,,oxford3000,filled,past
fill,verb,A1,single,Cause (a space or container) to become full or almost full,,oxford3000,filling,gerund
film,noun,A1,single,A story or event recorded by a camera as a set of moving images and shown in a theater or on television,,oxford3000,film,base
film,noun,A1,single,A story or event recorded by a camera as a set of moving images and shown in a theater or on television,,oxford3000,films,plural
film,verb,A2,single,make a film or photograph of something,,oxford3000,film,base
film,verb,A2,single,make a film or photograph of something,,oxford3000,films,third_person
film,verb,A2,single,make a film or photograph of something,,oxford3000,filmed,past
film,verb,A2,single,make a film or photograph of something,,oxford3000,filming,gerund
final,adj,A1,single,Coming at the end of a series,,oxford3000,final,base
final,noun,A2,single,the final match between the winners of all previous matches in an elimination tournament,,oxford3000,final,base
final,noun,A2,single,the final match between the winners of all previous matches in an elimination tournament,,oxford3000,finals,plural
finally,adv,A2,single,"After a long time, typically involving difficulty or delay",,oxford3000,finally,base
finance,noun,B2,single,"The management of large amounts of money, especially by governments or large companies",,oxford3000,finance,base
finance,verb,B2,single,obtain or provide money for,,oxford3000,finance,base
finance,verb,B2,single,obtain or provide money for,,oxford3000,finances,third_person
finance,verb,B2,single,obtain or provide money for,,oxford3000,financed,past
finance,verb,B2,single,obtain or provide money for,,oxford3000,financing,gerund
financial,adj,B1,single,Relating to finance,,oxford3000,financial,base
find,verb,A1,single,Discover or perceive by chance or unexpectedly,,oxford3000,find,base
find,verb,A1,single,Discover or perceive by chance or unexpectedly,,oxford3000,finds,third_person
find,verb,A1,single,Discover or perceive by chance or unexpectedly,,oxford3000,found,past
find,verb,A1,single,Discover or perceive by chance or unexpectedly,,oxford3000,finding,gerund
finding,noun,B2,single,"the act of determining the properties of something, usually by research or calculation",,oxford3000,finding,base
finding,noun,B2,single,"the act of determining the properties of something, usually by research or calculation",,oxford3000,findings,plural
fine,adj,A1,single,Of high quality,,oxford3000,fine,base
fine,adj,A1,single,Of high quality,,oxford3000,finer,comparative
fine,adj,A1,single,Of high quality,,oxford3000,finest,superlative
finger,noun,A2,single,"Each of the four slender jointed parts attached to either hand (or five, if the thumb is included)",,oxford3000,finger,base
finger,noun,A2,single,"Each of the four slender jointed parts attached to either hand (or five, if the thumb is included)",,oxford3000,fingers,plural
finish,noun,A2,single,a decorative texture or appearance of a surface (or the substance that gives it that appearance),,oxford3000,finish,base
finish,noun,A2,single,a decorative texture or appearance of a surface (or the substance that gives it that appearance),,oxford3000,finishes,plural
finish,verb,A1,single,Bring (a task or activity) to an end; complete,,oxford3000,finish,base
finish,verb,A1,single,Bring (a task or activity) to an end; complete,,oxford3000,finishes,third_person
finish,verb,A1,single,Bring (a task or activity) to an end; complete,,oxford3000,finished,past
finish,verb,A1,single,Bring (a task or activity) to an end; complete,,oxford3000,finishing,gerund
fire,noun,A1,single,"Combustion or burning, in which substances combine chemically with oxygen from the air and typically give out bright light, heat, and smoke",,oxford3000,fire,base
fire,noun,A1,single,"Combustion or burning, in which substances combine chemically with oxygen from the air and typically give out bright light, heat, and smoke",,oxford3000,fires,plural
fire,verb,B1,single,start firing a weapon,,oxford3000,fire,base
fire,verb,B1,single,start firing a weapon,,oxford3000,fires,third_person
fire,verb,B1,single,start firing a weapon,,oxford3000,fired,past
fire,verb,B1,single,start firing a weapon,,oxford3000,firing,gerund
firm,noun,B2,single,the members of a business organization that owns or operates one or more establishments,,oxford3000,firm,base
firm,noun,B2,single,the members of a business organization that owns or operates one or more establishments,,oxford3000,firms,plural
first,adv,A1,single,before anything else,,oxford3000,first,base
first,det,A1,single,Coming before all others in time or order; earliest; 1st,,oxford3000,first,base
first,noun,A2,single,the first or highest in an ordering or series,,oxford3000,first,base
first,noun,A2,single,the first or highest in an ordering or series,,oxford3000,firsts,plural
first,number,A1,single,Coming before all others in time or order; earliest; 1st,,oxford3000,first,base
firstly,adv,A2,single,before anything else,,oxford3000,firstly,base
fish,noun,A1,single,A limbless cold-blooded vertebrate animal with gills and fins living wholly in water,,oxford3000,fish,base
fish,noun,A1,single,A limbless cold-blooded vertebrate animal with gills and fins living wholly in water,,oxford3000,fishes,plural
fish,verb,A2,single,seek indirectly,,oxford3000,fish,base
fish,verb,A2,single,seek indirectly,,oxford3000,fishes,third_person
fish,verb,A2,single,seek indirectly,,oxford3000,fished,past
fish,verb,A2,single,seek indirectly,,oxford3000,fishing,gerund
fishing,noun,A2,single,"The activity of catching fish, either for food or as a sport",,oxford3000,fishing,base
fit,adj,A2,single,meeting adequate standards for a purpose,,oxford3000,fit,base
fit,adj,A2,single,meeting adequate standards for a purpose,,oxford3000,fitter,comparative
fit,adj,A2,single,meeting adequate standards for a purpose,,oxford3000,fittest,superlative
fit,verb,A2,single,Be of the right shape and size for,,oxford3000,fit,base
fit,verb,A2,single,Be of the right shape and size for,,oxford3000,fits,third_person
fit,verb,A2,single,Be of the right shape and size for,,oxford3000,fitted,past_participle
fit,verb,A2,single,Be of the right shape and size for,,oxford3000,fitting,gerund
fitness,noun,B1,single,The condition of being physically fit and healthy,,oxford3000,fitness,base
fitness,noun,B1,single,The condition of being physically fit and healthy,,oxford3000,fitnesses,plural
five,number,A1,single,,,oxford3000,five,base
fix,noun,B2,single,informal terms for a difficult situation,,oxford3000,fix,base
fix,noun,B2,single,informal terms for a difficult situation,,oxford3000,fixes,plural
fix,verb,A2,single,Fasten (something) securely in a particular place or position,,oxford3000,fix,base
fix,verb,A2,single,Fasten (something) securely in a particular place or position,,oxford3000,fixes,third_person
fix,verb,A2,single,Fasten (something) securely in a particular place or position,,oxford3000,fixed,past
fix,verb,A2,single,Fasten (something) securely in a particular place or position,,oxford3000,fixing,gerund
fixed,adj,B1,single,(of a number) having a fixed and unchanging value,,oxford3000,fixed,base
flag,noun,B1,single,"A piece of cloth, typically rectangular, of distinctive design and colors, used as a symbol, standard, or ensign",,oxford3000,flag,base
flag,noun,B1,single,"A piece of cloth, typically rectangular, of distinctive design and colors, used as a symbol, standard, or ensign",,oxford3000,flags,plural
flame,noun,B2,single,A hot glowing body of ignited gas that is generated by something on fire,,oxford3000,flame,base
flame,noun,B2,single,A hot glowing body of ignited gas that is generated by something on fire,,oxford3000,flames,plural
flash,noun,B2,single,a sudden intense burst of radiant energy,,oxford3000,flash,base
flash,noun,B2,single,a sudden intense burst of radiant energy,,oxford3000,flashes,plural
flash,verb,B2,single,Shine in a bright but brief or sudden way,,oxford3000,flash,base
flash,verb,B2,single,Shine in a bright but brief or sudden way,,oxford3000,flashes,third_person
flash,verb,B2,single,Shine in a bright but brief or sudden way,,oxford3000,flashed,past
flash,verb,B2,single,Shine in a bright but brief or sudden way,,oxford3000,flashing,gerund
flat,adj,A2,single,Smooth and even; without marked lumps or indentations,,oxford3000,flat,base
flat,adj,A2,single,Smooth and even; without marked lumps or indentations,,oxford3000,flatter,comparative
flat,adj,A2,single,Smooth and even; without marked lumps or indentations,,oxford3000,flattest,superlative
flat,noun,A1,single,a level tract of land,,oxford3000,flat,base
flat,noun,A1,single,a level tract of land,,oxford3000,flats,plural
flexible,adj,B2,single,capable of being changed,,oxford3000,flexible,base
flight,noun,A1,single,The action or process of flying through the air,,oxford3000,flight,base
flight,noun,A1,single,The action or process of flying through the air,,oxford3000,flights,plural
float,verb,B2,single,Rest or move on or near the surface of a liquid without sinking,,oxford3000,float,base
float,verb,B2,single,Rest or move on or near the surface of a liquid without sinking,,oxford3000,floats,third_person
float,verb,B2,single,Rest or move on or near the surface of a liquid without sinking,,oxford3000,floated,past
float,verb,B2,single,Rest or move on or near the surface of a liquid without sinking,,oxford3000,floating,gerund
flood,noun,B1,single,"An overflow of a large amount of water beyond its normal limits, especially over what is normally dry land",,oxford3000,flood,base
flood,noun,B1,single,"An overflow of a large amount of water beyond its normal limits, especially over what is normally dry land",,oxford3000,floods,plural
flood,verb,B1,single,fill quickly beyond capacity; as with a liquid,,oxford3000,flood,base
flood,verb,B1,single,fill quickly beyond capacity; as with a liquid,,oxford3000,floods,third_person
flood,verb,B1,single,fill quickly beyond capacity; as with a liquid,,oxford3000,flooded,past
flood,verb,B1,single,fill quickly beyond capacity; as with a liquid,,oxford3000,flooding,gerund
floor,noun,A1,single,"The lower surface of a room, on which one may walk",,oxford3000,floor,base
floor,noun,A1,single,"The lower surface of a room, on which one may walk",,oxford3000,floors,plural
flour,noun,B1,single,"A powder obtained by grinding grain, typically wheat, and used to make bread, cakes, and pastry",,oxford3000,flour,base
flow,noun,B1,single,the motion characteristic of fluids (liquids or gases),,oxford3000,flow,base
flow,noun,B1,single,the motion characteristic of fluids (liquids or gases),,oxford3000,flows,plural
flow,verb,B1,single,Move along or out steadily and continuously in a current or stream,,oxford3000,flow,base
flow,verb,B1,single,Move along or out steadily and continuously in a current or stream,,oxford3000,flows,third_person
flow,verb,B1,single,Move along or out steadily and continuously in a current or stream,,oxford3000,flowed,past
flow,verb,B1,single,Move along or out steadily and continuously in a current or stream,,oxford3000,flowing,gerund
flower,noun,A1,single,"The seed-bearing part of a plant, consisting of reproductive organs that are typically surrounded by a brightly colored corolla and a green calyx",,oxford3000,flower,base
flower,noun,A1,single,"The seed-bearing part of a plant, consisting of reproductive organs that are typically surrounded by a brightly colored corolla and a green calyx",,oxford3000,flowers,plural
flu,noun,A2,single,an acute febrile highly contagious viral disease,,oxford3000,flu,base
fly,noun,A2,single,two-winged insects characterized by active flight,,oxford3000,fly,base
fly,noun,A2,single,two-winged insects characterized by active flight,,oxford3000,flies,plural
fly,verb,A1,single,Move through the air using wings,,oxford3000,fly,base
fly,verb,A1,single,Move through the air using wings,,oxford3000,flies,third_person
fly,verb,A1,single,Move through the air using wings,,oxford3000,flew,past
fly,verb,A1,single,Move through the air using wings,,oxford3000,flied,past
fly,verb,A1,single,Move through the air using wings,,oxford3000,flown,past_participle
fly,verb,A1,single,Move through the air using wings,,oxford3000,flying,gerund
flying,adj,A2,single,moving swiftly,,oxford3000,flying,base
flying,noun,A2,single,an instance of traveling by air,,oxford3000,flying,base
focus,noun,A2,single,The center of interest or activity,,oxford3000,focus,base
focus,noun,A2,single,The center of interest or activity,,oxford3000,focuses,plural
focus,noun,A2,single,The center of interest or activity,,oxford3000,foci,plural
focus,verb,A2,single,direct one's attention on something,,oxford3000,focus,base
focus,verb,A2,single,direct one's attention on something,,oxford3000,focuses,third_person
focus,verb,A2,single,direct one's attention on something,,oxford3000,focusses,third_person
focus,verb,A2,single,direct one's attention on something,,oxford3000,focused,past
focus,verb,A2,single,direct one's attention on something,,oxford3000,focussed,past
focus,verb,A2,single,direct one's attention on something,,oxford3000,focusing,gerund
focus,verb,A2,single,direct one's attention on something,,oxford3000,focussing,gerund
fold,noun,B2,single,an angular or rounded shape made by folding,,oxford3000,fold,base
fold,noun,B2,single,an angular or rounded shape made by folding,,oxford3000,folds,plural
fold,verb,B1,single,Bend (something flexible and relatively flat) over on itself so that one part of it covers another,,oxford3000,fold,base
fold,verb,B1,single,Bend (something flexible and relatively flat) over on itself so that one part of it covers another,,oxford3000,folds,third_person
fold,verb,B1,single,Bend (something flexible and relatively flat) over on itself so that one part of it covers another,,oxford3000,folded,past
fold,verb,B1,single,Bend (something flexible and relatively flat) over on itself so that one part of it covers another,,oxford3000,folding,gerund
folding,adj,B2,single,capable of being folded up and stored,,oxford3000,folding,base
folk,adj,B1,single,,,oxford3000,folk,base
folk,noun,B1,single,people in general (often used in the plural),,oxford3000,folk,base
folk,noun,B1,single,people in general (often used in the plural),,oxford3000,folks,plural
follow,verb,A1,single,Move or travel behind,,oxford3000,follow,base
follow,verb,A1,single,Move or travel behind,,oxford3000,follows,third_person
follow,verb,A1,single,Move or travel behind,,oxford3000,followed,past
follow,verb,A1,single,Move or travel behind,,oxford3000,following,gerund
following,adj,A2,single,Coming after or as a result of,,oxford3000,following,base
following,noun,B1,single,a group of followers or enthusiasts,,oxford3000,following,base
following,noun,B1,single,a group of followers or enthusiasts,,oxford3000,followings,plural
following,prep,B2,single,Coming after or as a result of,,oxford3000,following,base
food,noun,A1,single,Any nutritious substance that people or animals eat or drink or that plants absorb in order to maintain life and growth,,oxford3000,food,base
food,noun,A1,single,Any nutritious substance that people or animals eat or drink or that plants absorb in order to maintain life and growth,,oxford3000,foods,plural
foot,noun,A1,single,"The lower extremity of the leg below the ankle, on which a person stands or walks",,oxford3000,foot,base
foot,noun,A1,single,"The lower extremity of the leg below the ankle, on which a person stands or walks",,oxford3000,feet,plural
football,noun,A1,single,"A form of team game played with a ball between two teams of eleven players, in which the ball may be advanced by kicking or by bouncing it off any part of the body but the arms and hands",,oxford3000,football,base
football,noun,A1,single,"A form of team game played with a ball between two teams of eleven players, in which the ball may be advanced by kicking or by bouncing it off any part of the body but the arms and hands",,oxford3000,footballs,plural
for,prep,A1,single,"Used to indicate the purpose, destination, recipient, or duration of something",,oxford3000,for,base
force,noun,B1,single,Strength or energy as an attribute of physical action or movement,,oxford3000,force,base
force,noun,B1,single,Strength or energy as an attribute of physical action or movement,,oxford3000,forces,plural
force,verb,B1,single,"to cause to do through pressure or necessity, by physical, moral or intellectual means :",,oxford3000,force,base
force,verb,B1,single,"to cause to do through pressure or necessity, by physical, moral or intellectual means :",,oxford3000,forces,third_person
force,verb,B1,single,"to cause to do through pressure or necessity, by physical, moral or intellectual means :",,oxford3000,forced,past
force,verb,B1,single,"to cause to do through pressure or necessity, by physical, moral or intellectual means :",,oxford3000,forcing,gerund
foreign,adj,A2,single,"Of, from, in, or characteristic of a country or language other than one's own",,oxford3000,foreign,base
forest,noun,A2,single,A large area covered chiefly with trees and undergrowth,,oxford3000,forest,base
forest,noun,A2,single,A large area covered chiefly with trees and undergrowth,,oxford3000,forests,plural
forever,adv,B1,single,For all future time; for always,,oxford3000,forever,base
forget,verb,A1,single,Fail to remember,,oxford3000,forget,base
forget,verb,A1,single,Fail to remember,,oxford3000,forgets,third_person
forget,verb,A1,single,Fail to remember,,oxford3000,forgot,past
forget,verb,A1,single,Fail to remember,,oxford3000,forgotten,past_participle
forget,verb,A1,single,Fail to remember,,oxford3000,forgetting,gerund
forgive,verb,B2,single,"Stop feeling angry or resentful towards (someone) for an offense, flaw, or mistake",,oxford3000,forgive,base
forgive,verb,B2,single,"Stop feeling angry or resentful towards (someone) for an offense, flaw, or mistake",,oxford3000,forgives,third_person
forgive,verb,B2,single,"Stop feeling angry or resentful towards (someone) for an offense, flaw, or mistake",,oxford3000,forgave,past
forgive,verb,B2,single,"Stop feeling angry or resentful towards (someone) for an offense, flaw, or mistake",,oxford3000,forgiven,past_participle
forgive,verb,B2,single,"Stop feeling angry or resentful towards (someone) for an offense, flaw, or mistake",,oxford3000,forgiving,gerund
fork,noun,A2,single,An implement with two or more prongs used for lifting food to the mouth or holding it when cutting,,oxford3000,fork,base
fork,noun,A2,single,An implement with two or more prongs used for lifting food to the mouth or holding it when cutting,,oxford3000,forks,plural
form,noun,A1,single,Bring together parts or combine to create (something),,oxford3000,form,base
form,noun,A1,single,Bring together parts or combine to create (something),,oxford3000,forms,plural
form,verb,A1,single,create (as an entity),,oxford3000,form,base
form,verb,A1,single,create (as an entity),,oxford3000,forms,third_person
form,verb,A1,single,create (as an entity),,oxford3000,formed,past
form,verb,A1,single,create (as an entity),,oxford3000,forming,gerund
formal,adj,A2,single,Done in accordance with rules of convention or etiquette; suitable for or constituting an official or important situation or occasion,,oxford3000,formal,base
former,adj,B2,single,referring to the first of two things or persons mentioned (or the earlier one or ones of several),,oxford3000,former,base
fortunately,adv,A2,single,by good fortune,,oxford3000,fortunately,base
fortune,noun,B2,single,"Chance or luck as an external, arbitrary force affecting human affairs",,oxford3000,fortune,base
fortune,noun,B2,single,"Chance or luck as an external, arbitrary force affecting human affairs",,oxford3000,fortunes,plural
forty,number,A1,single,,,oxford3000,forty,base
forward,adj,B2,single,In the direction that one is facing or traveling; towards the front,,oxford3000,forward,base
forward,adv,A2,single,at or to or toward the front; ; ; ; (`forrad' and `forrard' are dialectal variations),,oxford3000,forward,base
found,verb,B2,single,Establish or originate (an institution or organization),,oxford3000,found,base
found,verb,B2,single,Establish or originate (an institution or organization),,oxford3000,founds,third_person
found,verb,B2,single,Establish or originate (an institution or organization),,oxford3000,founded,past
found,verb,B2,single,Establish or originate (an institution or organization),,oxford3000,founding,gerund
four,number,A1,single,Equivalent to the sum of two and two; one more than three,,oxford3000,four,base
fourteen,number,A1,single,Equivalent to the product of seven and two; one more than thirteen,,oxford3000,fourteen,base
fourth,number,A1,single,Constituting number four in a sequence; 4th,,oxford3000,fourth,base
frame,noun,B1,single,the framework for a pair of eyeglasses,,oxford3000,frame,base
frame,noun,B1,single,the framework for a pair of eyeglasses,,oxford3000,frames,plural
frame,verb,B1,single,enclose in or as if in a frame,,oxford3000,frame,base
frame,verb,B1,single,enclose in or as if in a frame,,oxford3000,frames,third_person
frame,verb,B1,single,enclose in or as if in a frame,,oxford3000,framed,past
frame,verb,B1,single,enclose in or as if in a frame,,oxford3000,framing,gerund
free,adj,A1,single,Not under the control or in the power of another; able to act or be done as one wishes,,oxford3000,free,base
free,adj,A1,single,Not under the control or in the power of another; able to act or be done as one wishes,,oxford3000,freeer,comparative
free,adj,A1,single,Not under the control or in the power of another; able to act or be done as one wishes,,oxford3000,freeest,superlative
free,adv,A2,single,without restraint,,oxford3000,free,base
free,adv,A2,single,without restraint,,oxford3000,freeer,comparative
free,adv,A2,single,without restraint,,oxford3000,freeest,superlative
free,verb,B2,single,grant freedom to; free from confinement,,oxford3000,free,base
free,verb,B2,single,grant freedom to; free from confinement,,oxford3000,frees,third_person
free,verb,B2,single,grant freedom to; free from confinement,,oxford3000,freed,past
free,verb,B2,single,grant freedom to; free from confinement,,oxford3000,freeing,gerund
freedom,noun,B2,single,"The power or right to act, speak, or think as one wants without hindrance or restraint",,oxford3000,freedom,base
freedom,noun,B2,single,"The power or right to act, speak, or think as one wants without hindrance or restraint",,oxford3000,freedoms,plural
freeze,verb,B1,single,To become hard or stiffened because of cold or to turn to ice,,oxford3000,freeze,base
freeze,verb,B1,single,To become hard or stiffened because of cold or to turn to ice,,oxford3000,freezes,third_person
freeze,verb,B1,single,To become hard or stiffened because of cold or to turn to ice,,oxford3000,froze,past
freeze,verb,B1,single,To become hard or stiffened because of cold or to turn to ice,,oxford3000,frozen,past_participle
freeze,verb,B1,single,To become hard or stiffened because of cold or to turn to ice,,oxford3000,freezing,gerund
frequency,noun,B2,single,the number of occurrences within a given time period,,oxford3000,frequency,base
frequency,noun,B2,single,the number of occurrences within a given time period,,oxford3000,frequencies,plural
frequently,adv,B1,single,Regularly or habitually; often,,oxford3000,frequently,base
fresh,adj,A2,single,Not previously known or used; new or different,,oxford3000,fresh,base
fresh,adj,A2,single,Not previously known or used; new or different,,oxford3000,fresher,comparative
fresh,adj,A2,single,Not previously known or used; new or different,,oxford3000,freshest,superlative
friday,noun,A1,single,the sixth day of the week; the fifth working day,,oxford3000,friday,base
fridge,noun,A2,single,a refrigerator in which the coolant is pumped around by an electric motor,,oxford3000,fridge,base
friend,noun,A1,single,"A person whom one knows and with whom one has a bond of mutual affection, typically exclusive of sexual or family relations",,oxford3000,friend,base
friend,noun,A1,single,"A person whom one knows and with whom one has a bond of mutual affection, typically exclusive of sexual or family relations",,oxford3000,friends,plural
friendly,adj,A1,single,Kind and pleasant,,oxford3000,friendly,base
friendly,adj,A1,single,Kind and pleasant,,oxford3000,friendlier,comparative
friendly,adj,A1,single,Kind and pleasant,,oxford3000,friendliest,superlative
friendship,noun,B1,single,The emotions or conduct of friends; the state of being friends,,oxford3000,friendship,base
friendship,noun,B1,single,The emotions or conduct of friends; the state of being friends,,oxford3000,friendships,plural
frighten,verb,B1,single,Make (someone) afraid or anxious,,oxford3000,frighten,base
frighten,verb,B1,single,Make (someone) afraid or anxious,,oxford3000,frightens,third_person
frighten,verb,B1,single,Make (someone) afraid or anxious,,oxford3000,frightened,past
frighten,verb,B1,single,Make (someone) afraid or anxious,,oxford3000,frightening,gerund
frightened,adj,B1,single,Afraid or anxious,,oxford3000,frightened,base
frightening,adj,B1,single,Making someone afraid or anxious; terrifying,,oxford3000,frightening,base
frog,noun,A2,single,any of various tailless stout-bodied amphibians with long hind limbs for leaping; semiaquatic and terrestrial species,,oxford3000,frog,base
frog,noun,A2,single,any of various tailless stout-bodied amphibians with long hind limbs for leaping; semiaquatic and terrestrial species,,oxford3000,frogs,plural
from,prep,A1,single,"Indicating the point in space at which a journey, motion, or action starts",,oxford3000,from,base
front,adj,A1,single,relating to or located in the front,,oxford3000,front,base
front,noun,A1,single,The forward part or surface of an object,,oxford3000,front,base
front,noun,A1,single,The forward part or surface of an object,,oxford3000,fronts,plural
frozen,adj,B1,single,Turned into ice or another solid as a result of extreme cold,,oxford3000,frozen,base
fruit,noun,A1,single,The sweet and fleshy product of a tree or other plant that contains seed and can be eaten as food,,oxford3000,fruit,base
fruit,noun,A1,single,The sweet and fleshy product of a tree or other plant that contains seed and can be eaten as food,,oxford3000,fruits,plural
fry,verb,B1,single,be excessively hot,,oxford3000,fry,base
fry,verb,B1,single,be excessively hot,,oxford3000,fries,third_person
fry,verb,B1,single,be excessively hot,,oxford3000,fried,past
fry,verb,B1,single,be excessively hot,,oxford3000,frying,gerund
fuel,noun,B1,single,"Material such as coal, gas, or oil that is burned to produce heat or power",,oxford3000,fuel,base
fuel,noun,B1,single,"Material such as coal, gas, or oil that is burned to produce heat or power",,oxford3000,fuels,plural
fuel,verb,B2,single,provide with a combustible substance that provides energy,,oxford3000,fuel,base
fuel,verb,B2,single,provide with a combustible substance that provides energy,,oxford3000,fuels,third_person
fuel,verb,B2,single,provide with a combustible substance that provides energy,,oxford3000,fueled,past
fuel,verb,B2,single,provide with a combustible substance that provides energy,,oxford3000,fuelled,past
fuel,verb,B2,single,provide with a combustible substance that provides energy,,oxford3000,fueling,gerund
fuel,verb,B2,single,provide with a combustible substance that provides energy,,oxford3000,fuelling,gerund
full,adj,A1,single,Containing or holding as much or as many as possible; having no empty space,,oxford3000,full,base
full,adj,A1,single,Containing or holding as much or as many as possible; having no empty space,,oxford3000,fuller,comparative
full,adj,A1,single,Containing or holding as much or as many as possible; having no empty space,,oxford3000,fullest,superlative
fully,adv,B2,single,Completely or entirely; to the fullest extent,,oxford3000,fully,base
fun,adj,A2,single,"Enjoyment, amusement, or light-hearted pleasure",,oxford3000,fun,base
fun,noun,A1,single,"Enjoyment, amusement, or light-hearted pleasure",,oxford3000,fun,base
function,noun,B1,single,An activity or purpose natural to or intended for a person or thing,,oxford3000,function,base
function,noun,B1,single,An activity or purpose natural to or intended for a person or thing,,oxford3000,functions,plural
function,verb,B2,single,perform as expected when applied,,oxford3000,function,base
function,verb,B2,single,perform as expected when applied,,oxford3000,functions,third_person
function,verb,B2,single,perform as expected when applied,,oxford3000,functioned,past
function,verb,B2,single,perform as expected when applied,,oxford3000,functioning,gerund
fund,noun,B2,single,A sum of money saved or made available for a particular purpose,,oxford3000,fund,base
fund,noun,B2,single,A sum of money saved or made available for a particular purpose,,oxford3000,funds,plural
fund,verb,B2,single,convert (short-term floating debt) into long-term debt that bears fixed interest and is represented by bonds,,oxford3000,fund,base
fund,verb,B2,single,convert (short-term floating debt) into long-term debt that bears fixed interest and is represented by bonds,,oxford3000,funds,third_person
fund,verb,B2,single,convert (short-term floating debt) into long-term debt that bears fixed interest and is represented by bonds,,oxford3000,funded,past
fund,verb,B2,single,convert (short-term floating debt) into long-term debt that bears fixed interest and is represented by bonds,,oxford3000,funding,gerund
fundamental,adj,B2,single,Forming a necessary base or core; of central importance,,oxford3000,fundamental,base
funding,noun,B2,single,financial resources provided to make some project possible,,oxford3000,funding,base
funding,noun,B2,single,financial resources provided to make some project possible,,oxford3000,fundings,plural
funny,adj,A1,single,Causing laughter or amusement; humorous,,oxford3000,funny,base
funny,adj,A1,single,Causing laughter or amusement; humorous,,oxford3000,funnier,comparative
funny,adj,A1,single,Causing laughter or amusement; humorous,,oxford3000,funniest,superlative
fur,noun,B1,single,"The short, fine, soft hair of certain animals",,oxford3000,fur,base
fur,noun,B1,single,"The short, fine, soft hair of certain animals",,oxford3000,furs,plural
furniture,noun,A2,single,"Large movable equipment, such as tables and chairs, used to make a house, office, or other space suitable for living or working",,oxford3000,furniture,base
further,adj,A2,single,more distant in especially degree,,oxford3000,further,base
further,adv,B1,single,Over a greater expanse of space or time; for a longer way,,oxford3000,further,base
furthermore,adv,B2,single,in addition,,oxford3000,furthermore,base
future,adj,A2,single,yet to be or coming,,oxford3000,future,base
future,noun,A1,single,The time or period of time following the moment of speaking or writing; time regarded as still to come,,oxford3000,future,base
future,noun,A1,single,The time or period of time following the moment of speaking or writing; time regarded as still to come,,oxford3000,futures,plural
gain,noun,B2,single,a quantity that is added,,oxford3000,gain,base
gain,noun,B2,single,a quantity that is added,,oxford3000,gains,plural
gain,verb,B2,single,"Obtain or secure (something desired, favorable, or profitable)",,oxford3000,gain,base
gain,verb,B2,single,"Obtain or secure (something desired, favorable, or profitable)",,oxford3000,gains,third_person
gain,verb,B2,single,"Obtain or secure (something desired, favorable, or profitable)",,oxford3000,gained,past
gain,verb,B2,single,"Obtain or secure (something desired, favorable, or profitable)",,oxford3000,gaining,gerund
gallery,noun,A2,single,spectators at a golf or tennis match,,oxford3000,gallery,base
game,noun,A1,single,"A form of play or sport, especially a competitive one played according to rules and decided by skill, strength, or luck",,oxford3000,game,base
game,noun,A1,single,"A form of play or sport, especially a competitive one played according to rules and decided by skill, strength, or luck",,oxford3000,games,plural
gang,noun,B2,single,an association of criminals,,oxford3000,gang,base
gang,noun,B2,single,an association of criminals,,oxford3000,gangs,plural
gap,noun,A2,single,A break or hole in an object or between two objects,,oxford3000,gap,base
gap,noun,A2,single,A break or hole in an object or between two objects,,oxford3000,gaps,plural
garage,noun,B1,single,A building for housing a motor vehicle or vehicles,,oxford3000,garage,base
garage,noun,B1,single,A building for housing a motor vehicle or vehicles,,oxford3000,garages,plural
garden,noun,A1,single,"A piece of ground, often near a house, used for growing flowers, fruit, or vegetables",,oxford3000,garden,base
garden,noun,A1,single,"A piece of ground, often near a house, used for growing flowers, fruit, or vegetables",,oxford3000,gardens,plural
gas,noun,A2,single,"An air-like fluid substance which expands freely to fill any space available, irrespective of its quantity",,oxford3000,gas,base
gas,noun,A2,single,"An air-like fluid substance which expands freely to fill any space available, irrespective of its quantity",,oxford3000,gases,plural
gas,noun,A2,single,"An air-like fluid substance which expands freely to fill any space available, irrespective of its quantity",,oxford3000,gasses,plural
gate,noun,A2,single,"A hinged barrier used to close an opening in a wall, fence, or hedge",,oxford3000,gate,base
gate,noun,A2,single,"A hinged barrier used to close an opening in a wall, fence, or hedge",,oxford3000,gates,plural
gather,verb,B1,single,Come together; assemble or accumulate,,oxford3000,gather,base
gather,verb,B1,single,Come together; assemble or accumulate,,oxford3000,gathers,third_person
gather,verb,B1,single,Come together; assemble or accumulate,,oxford3000,gathered,past
gather,verb,B1,single,Come together; assemble or accumulate,,oxford3000,gathering,gerund
general,adj,A2,single,"Affecting or concerning all or most people, places, or things; widespread",,oxford3000,general,base
generally,adv,B1,single,In most cases; usually,,oxford3000,generally,base
generate,verb,B2,single,Produce or create,,oxford3000,generate,base
generate,verb,B2,single,Produce or create,,oxford3000,generates,third_person
generate,verb,B2,single,Produce or create,,oxford3000,generated,past
generate,verb,B2,single,Produce or create,,oxford3000,generating,gerund
generation,noun,B1,single,"All of the people born and living at about the same time, regarded collectively",,oxford3000,generation,base
generation,noun,B1,single,"All of the people born and living at about the same time, regarded collectively",,oxford3000,generations,plural
generous,adj,B1,single,"Showing a readiness to give more of something, especially money, than is strictly necessary or expected",,oxford3000,generous,base
genre,noun,B2,single,a kind of literary or artistic work,,oxford3000,genre,base
genre,noun,B2,single,a kind of literary or artistic work,,oxford3000,genres,plural
gentle,adj,B1,single,"Having or showing a mild, kind, or tender temperament or character",,oxford3000,gentle,base
gentle,adj,B1,single,"Having or showing a mild, kind, or tender temperament or character",,oxford3000,gentler,comparative
gentle,adj,B1,single,"Having or showing a mild, kind, or tender temperament or character",,oxford3000,gentlest,superlative
gentleman,noun,B1,single,"A chivalrous, courteous, or honorable man",,oxford3000,gentleman,base
gentleman,noun,B1,single,"A chivalrous, courteous, or honorable man",,oxford3000,gentlemen,plural
geography,noun,A1,single,"The study of the physical features of the earth and its atmosphere, and of human activity as it affects and is affected by these, including the distribution of populations and resources and political and economic activities",,oxford3000,geography,base
geography,noun,A1,single,"The study of the physical features of the earth and its atmosphere, and of human activity as it affects and is affected by these, including the distribution of populations and resources and political and economic activities",,oxford3000,geographies,plural
get,verb,A1,single,Come to have or hold (something); receive,,oxford3000,get,base
get,verb,A1,single,Come to have or hold (something); receive,,oxford3000,gets,third_person
get,verb,A1,single,Come to have or hold (something); receive,,oxford3000,got,past
get,verb,A1,single,Come to have or hold (something); receive,,oxford3000,gotten,past_participle
get,verb,A1,single,Come to have or hold (something); receive,,oxford3000,getting,gerund
ghost,noun,B1,single,a mental representation of some haunting experience,,oxford3000,ghost,base
ghost,noun,B1,single,a mental representation of some haunting experience,,oxford3000,ghosts,plural
giant,adj,B1,single,of great mass; huge and bulky,,oxford3000,giant,base
giant,noun,B1,single,An imaginary or mythical being of human form but superhuman size,,oxford3000,giant,base
giant,noun,B1,single,An imaginary or mythical being of human form but superhuman size,,oxford3000,giants,plural
gift,noun,A2,single,A thing given willingly to someone without payment; a present,,oxford3000,gift,base
gift,noun,A2,single,A thing given willingly to someone without payment; a present,,oxford3000,gifts,plural
girl,noun,A1,single,A female child,,oxford3000,girl,base
girl,noun,A1,single,A female child,,oxford3000,girls,plural
girlfriend,noun,A1,single,A regular female companion with whom a person has a romantic or sexual relationship,,oxford3000,girlfriend,base
girlfriend,noun,A1,single,A regular female companion with whom a person has a romantic or sexual relationship,,oxford3000,girlfriends,plural
give,verb,A1,single,Freely transfer the possession of (something) to (someone),,oxford3000,give,base
give,verb,A1,single,Freely transfer the possession of (something) to (someone),,oxford3000,gives,third_person
give,verb,A1,single,Freely transfer the possession of (something) to (someone),,oxford3000,gave,past
give,verb,A1,single,Freely transfer the possession of (something) to (someone),,oxford3000,given,past_participle
give,verb,A1,single,Freely transfer the possession of (something) to (someone),,oxford3000,giving,gerund
glad,adj,B1,single,Feeling pleasure or happiness,,oxford3000,glad,base
glad,adj,B1,single,Feeling pleasure or happiness,,oxford3000,gladder,comparative
glad,adj,B1,single,Feeling pleasure or happiness,,oxford3000,gladdest,superlative
glass,noun,A1,single,"A hard, brittle substance, typically transparent or translucent, made by fusing sand with soda, lime, and sometimes other ingredients and cooling rapidly",,oxford3000,glass,base
glass,noun,A1,single,"A hard, brittle substance, typically transparent or translucent, made by fusing sand with soda, lime, and sometimes other ingredients and cooling rapidly",,oxford3000,glasses,plural
global,adj,B1,single,Relating to the whole world; worldwide,,oxford3000,global,base
glove,noun,B1,single,A covering for the hand worn for protection against cold or dirt and typically having separate parts for each finger and the thumb,,oxford3000,glove,base
glove,noun,B1,single,A covering for the hand worn for protection against cold or dirt and typically having separate parts for each finger and the thumb,,oxford3000,gloves,plural
go,noun,B1,single,a time for working (after which you will be relieved by someone else),,oxford3000,go,base
go,noun,B1,single,a time for working (after which you will be relieved by someone else),,oxford3000,goes,plural
go,verb,A1,single,Move from one place to another; travel,,oxford3000,go,base
go,verb,A1,single,Move from one place to another; travel,,oxford3000,goes,third_person
go,verb,A1,single,Move from one place to another; travel,,oxford3000,went,past
go,verb,A1,single,Move from one place to another; travel,,oxford3000,gone,past_participle
go,verb,A1,single,Move from one place to another; travel,,oxford3000,going,gerund
goal,noun,A2,single,The object of a person's ambition or effort; an aim or desired result,,oxford3000,goal,base
goal,noun,A2,single,The object of a person's ambition or effort; an aim or desired result,,oxford3000,goals,plural
god,noun,A2,single,"The supreme being, creator, and principal object of faith in religions such as Christianity, Islam, and Judaism",,oxford3000,god,base
god,noun,A2,single,"The supreme being, creator, and principal object of faith in religions such as Christianity, Islam, and Judaism",,oxford3000,gods,plural
gold,adj,A2,single,made from or covered with gold,,oxford3000,gold,base
gold,noun,A2,single,"A yellow precious metal, the chemical element of atomic number 79, valued especially for use in jewelry and decoration, and to guarantee the value of currencies",,oxford3000,gold,base
gold,noun,A2,single,"A yellow precious metal, the chemical element of atomic number 79, valued especially for use in jewelry and decoration, and to guarantee the value of currencies",,oxford3000,golds,plural
golf,noun,A2,single,a game played on a large open course with 9 or 18 holes; the object is use as few strokes as possible in playing all the holes,,oxford3000,golf,base
good,adj,A1,single,To be desired or approved of,,oxford3000,good,base
good,adj,A1,single,To be desired or approved of,,oxford3000,better,comparative
good,adj,A1,single,To be desired or approved of,,oxford3000,best,superlative
good,noun,A2,single,benefit,,oxford3000,good,base
good,noun,A2,single,benefit,,oxford3000,goods,plural
goodbye,exclam,A1,single,An acknowledgment or expression of goodwill at parting,,oxford3000,goodbye,base
goodbye,noun,A1,single,An acknowledgment or expression of goodwill at parting,,oxford3000,goodbye,base
goodbye,noun,A1,single,An acknowledgment or expression of goodwill at parting,,oxford3000,goodbyes,plural
goods,noun,B1,single,Merchandise or possessions,,oxford3000,goods,base
govern,verb,B2,single,"Conduct the policy, actions, and affairs of (a state, organization, or people) with authority",,oxford3000,govern,base
govern,verb,B2,single,"Conduct the policy, actions, and affairs of (a state, organization, or people) with authority",,oxford3000,governs,third_person
govern,verb,B2,single,"Conduct the policy, actions, and affairs of (a state, organization, or people) with authority",,oxford3000,governed,past
govern,verb,B2,single,"Conduct the policy, actions, and affairs of (a state, organization, or people) with authority",,oxford3000,governing,gerund
government,noun,A2,single,"The governing body of a nation, state, or community",,oxford3000,government,base
government,noun,A2,single,"The governing body of a nation, state, or community",,oxford3000,governments,plural
grab,verb,B2,single,Grasp or seize suddenly and roughly,,oxford3000,grab,base
grab,verb,B2,single,Grasp or seize suddenly and roughly,,oxford3000,grabs,third_person
grab,verb,B2,single,Grasp or seize suddenly and roughly,,oxford3000,grabbed,past
grab,verb,B2,single,Grasp or seize suddenly and roughly,,oxford3000,grabbing,gerund
grade,noun,B1,single,"A particular level of rank, quality, proficiency, or value",,oxford3000,grade,base
grade,noun,B1,single,"A particular level of rank, quality, proficiency, or value",,oxford3000,grades,plural
grade,verb,B2,single,assign a rank or rating to,,oxford3000,grade,base
grade,verb,B2,single,assign a rank or rating to,,oxford3000,grades,third_person
grade,verb,B2,single,assign a rank or rating to,,oxford3000,graded,past
grade,verb,B2,single,assign a rank or rating to,,oxford3000,grading,gerund
gradually,adv,B2,single,In a gradual way; slowly; by degrees,,oxford3000,gradually,base
graduate,noun,B1,single,a person who has received a degree from a school (high school or college or university),,oxford3000,graduate,base
graduate,noun,B1,single,a person who has received a degree from a school (high school or college or university),,oxford3000,graduates,plural
graduate,verb,B1,single,receive an academic degree upon completion of one's studies,,oxford3000,graduate,base
graduate,verb,B1,single,receive an academic degree upon completion of one's studies,,oxford3000,graduates,third_person
graduate,verb,B1,single,receive an academic degree upon completion of one's studies,,oxford3000,graduated,past
graduate,verb,B1,single,receive an academic degree upon completion of one's studies,,oxford3000,graduating,gerund
grain,noun,B1,single,Wheat or any other cultivated cereal crop used as food,,oxford3000,grain,base
grain,noun,B1,single,Wheat or any other cultivated cereal crop used as food,,oxford3000,grains,plural
grand,adj,B2,single,"Magnificent and imposing in appearance, size, or style",,oxford3000,grand,base
grand,adj,B2,single,"Magnificent and imposing in appearance, size, or style",,oxford3000,grander,comparative
grand,adj,B2,single,"Magnificent and imposing in appearance, size, or style",,oxford3000,grandest,superlative
grandfather,noun,A1,single,The father of one's father or mother,,oxford3000,grandfather,base
grandfather,noun,A1,single,The father of one's father or mother,,oxford3000,grandfathers,plural
grandmother,noun,A1,single,The mother of one's father or mother,,oxford3000,grandmother,base
grandmother,noun,A1,single,The mother of one's father or mother,,oxford3000,grandmothers,plural
grandparent,noun,A1,single,A parent of one's father or mother; a grandmother or grandfather,,oxford3000,grandparent,base
grandparent,noun,A1,single,A parent of one's father or mother; a grandmother or grandfather,,oxford3000,grandparents,plural
grant,noun,B2,single,any monetary aid,,oxford3000,grant,base
grant,noun,B2,single,any monetary aid,,oxford3000,grants,plural
grant,verb,B2,single,Agree to give or allow (something requested) to,,oxford3000,grant,base
grant,verb,B2,single,Agree to give or allow (something requested) to,,oxford3000,grants,third_person
grant,verb,B2,single,Agree to give or allow (something requested) to,,oxford3000,granted,past
grant,verb,B2,single,Agree to give or allow (something requested) to,,oxford3000,granting,gerund
grass,noun,A2,single,"Vegetation consisting of typically short plants with long, narrow leaves, growing wild or cultivated on lawns and pasture, and as a fodder crop",,oxford3000,grass,base
grass,noun,A2,single,"Vegetation consisting of typically short plants with long, narrow leaves, growing wild or cultivated on lawns and pasture, and as a fodder crop",,oxford3000,grasses,plural
grateful,adj,B1,single,Feeling or showing an appreciation of kindness; thankful,,oxford3000,grateful,base
great,adj,A1,single,"Of an extent, amount, or intensity considerably above the normal or average",,oxford3000,great,base
great,adj,A1,single,"Of an extent, amount, or intensity considerably above the normal or average",,oxford3000,greater,comparative
great,adj,A1,single,"Of an extent, amount, or intensity considerably above the normal or average",,oxford3000,greatest,superlative
green,adj,A1,single,Of the color between blue and yellow in the spectrum; colored like grass or emeralds,,oxford3000,green,base
green,adj,A1,single,Of the color between blue and yellow in the spectrum; colored like grass or emeralds,,oxford3000,greener,comparative
green,adj,A1,single,Of the color between blue and yellow in the spectrum; colored like grass or emeralds,,oxford3000,greenest,superlative
green,noun,A1,single,green color or pigment; resembling the color of growing grass,,oxford3000,green,base
green,noun,A1,single,green color or pigment; resembling the color of growing grass,,oxford3000,greens,plural
greet,verb,A2,single,Give a polite word or sign of welcome or recognition to (someone) on meeting,,oxford3000,greet,base
greet,verb,A2,single,Give a polite word or sign of welcome or recognition to (someone) on meeting,,oxford3000,greets,third_person
greet,verb,A2,single,Give a polite word or sign of welcome or recognition to (someone) on meeting,,oxford3000,greeted,past
greet,verb,A2,single,Give a polite word or sign of welcome or recognition to (someone) on meeting,,oxford3000,greeting,gerund
grey,adj,A1,single,"Of a color intermediate between black and white, as of ashes or an overcast sky",,oxford3000,grey,base
grey,adj,A1,single,"Of a color intermediate between black and white, as of ashes or an overcast sky",,oxford3000,greyer,comparative
grey,adj,A1,single,"Of a color intermediate between black and white, as of ashes or an overcast sky",,oxford3000,greyest,superlative
grey,noun,A1,single,United States writer of western adventure novels (1875-1939),,oxford3000,grey,base
grey,noun,A1,single,United States writer of western adventure novels (1875-1939),,oxford3000,greys,plural
ground,noun,A2,single,The solid surface of the earth,,oxford3000,ground,base
ground,noun,A2,single,The solid surface of the earth,,oxford3000,grounds,plural
group,noun,A1,single,"A number of people or things that are located, gathered, or classed together",,oxford3000,group,base
group,noun,A1,single,"A number of people or things that are located, gathered, or classed together",,oxford3000,groups,plural
grow,verb,A1,single,Of a living thing) undergo natural development by increasing in size and changing physically; progress to maturity,,oxford3000,grow,base
grow,verb,A1,single,Of a living thing) undergo natural development by increasing in size and changing physically; progress to maturity,,oxford3000,grows,third_person
grow,verb,A1,single,Of a living thing) undergo natural development by increasing in size and changing physically; progress to maturity,,oxford3000,grew,past
grow,verb,A1,single,Of a living thing) undergo natural development by increasing in size and changing physically; progress to maturity,,oxford3000,grown,past_participle
grow,verb,A1,single,Of a living thing) undergo natural development by increasing in size and changing physically; progress to maturity,,oxford3000,growing,gerund
growth,noun,B1,single,The process of increasing in physical size,,oxford3000,growth,base
growth,noun,B1,single,The process of increasing in physical size,,oxford3000,growths,plural
guarantee,noun,B2,single,"A formal assurance (typically in writing) that certain conditions will be fulfilled, especially that a product will be repaired or replaced if not of a specified quality",,oxford3000,guarantee,base
guarantee,noun,B2,single,"A formal assurance (typically in writing) that certain conditions will be fulfilled, especially that a product will be repaired or replaced if not of a specified quality",,oxford3000,guarantees,plural
guarantee,verb,B2,single,give surety or assume responsibility,,oxford3000,guarantee,base
guarantee,verb,B2,single,give surety or assume responsibility,,oxford3000,guarantees,third_person
guarantee,verb,B2,single,give surety or assume responsibility,,oxford3000,guaranteed,past
guarantee,verb,B2,single,give surety or assume responsibility,,oxford3000,guaranteeing,gerund
guard,noun,B1,single,a person who keeps watch over something or someone,,oxford3000,guard,base
guard,noun,B1,single,a person who keeps watch over something or someone,,oxford3000,guards,plural
guard,verb,B1,single,Watch over in order to protect or control,,oxford3000,guard,base
guard,verb,B1,single,Watch over in order to protect or control,,oxford3000,guards,third_person
guard,verb,B1,single,Watch over in order to protect or control,,oxford3000,guarded,past
guard,verb,B1,single,Watch over in order to protect or control,,oxford3000,guarding,gerund
guess,noun,A1,single,a message expressing an opinion based on incomplete evidence,,oxford3000,guess,base
guess,noun,A1,single,a message expressing an opinion based on incomplete evidence,,oxford3000,guesses,plural
guess,verb,A1,single,Estimate or suppose (something) without sufficient information to be sure of being correct,,oxford3000,guess,base
guess,verb,A1,single,Estimate or suppose (something) without sufficient information to be sure of being correct,,oxford3000,guesses,third_person
guess,verb,A1,single,Estimate or suppose (something) without sufficient information to be sure of being correct,,oxford3000,guessed,past
guess,verb,A1,single,Estimate or suppose (something) without sufficient information to be sure of being correct,,oxford3000,guessing,gerund
guest,noun,A2,single,A person who is invited to visit someone's home or attend a particular social occasion,,oxford3000,guest,base
guest,noun,A2,single,A person who is invited to visit someone's home or attend a particular social occasion,,oxford3000,guests,plural
guide,noun,A2,single,A person who advises or shows the way to others,,oxford3000,guide,base
guide,noun,A2,single,A person who advises or shows the way to others,,oxford3000,guides,plural
guide,verb,A2,single,direct the course; determine the direction of travelling,,oxford3000,guide,base
guide,verb,A2,single,direct the course; determine the direction of travelling,,oxford3000,guides,third_person
guide,verb,A2,single,direct the course; determine the direction of travelling,,oxford3000,guided,past
guide,verb,A2,single,direct the course; determine the direction of travelling,,oxford3000,guiding,gerund
guilty,adj,B1,single,Culpable of or responsible for a specified wrongdoing,,oxford3000,guilty,base
guilty,adj,B1,single,Culpable of or responsible for a specified wrongdoing,,oxford3000,guiltier,comparative
guilty,adj,B1,single,Culpable of or responsible for a specified wrongdoing,,oxford3000,guiltiest,superlative
guitar,noun,A1,single,a stringed instrument usually having six strings; played by strumming or plucking,,oxford3000,guitar,base
guitar,noun,A1,single,a stringed instrument usually having six strings; played by strumming or plucking,,oxford3000,guitars,plural
gun,noun,A2,single,a weapon that discharges a missile at high velocity (especially from a metal tube or barrel),,oxford3000,gun,base
gun,noun,A2,single,a weapon that discharges a missile at high velocity (especially from a metal tube or barrel),,oxford3000,guns,plural
guy,noun,A2,single,an informal term for a youth or man,,oxford3000,guy,base
guy,noun,A2,single,an informal term for a youth or man,,oxford3000,guys,plural
gym,noun,A1,single,athletic facility equipped for sports or physical training,,oxford3000,gym,base
gym,noun,A1,single,athletic facility equipped for sports or physical training,,oxford3000,gyms,plural
habit,noun,A2,single,"A settled or regular tendency or practice, especially one that is hard to give up",,oxford3000,habit,base
habit,noun,A2,single,"A settled or regular tendency or practice, especially one that is hard to give up",,oxford3000,habits,plural
hair,noun,A1,single,"Any of the fine threadlike strands growing from the skin of humans, mammals, and some other animals",,oxford3000,hair,base
hair,noun,A1,single,"Any of the fine threadlike strands growing from the skin of humans, mammals, and some other animals",,oxford3000,hairs,plural
half,adv,A2,single,partially or to the extent of a half,,oxford3000,half,base
half,det,A1,single,Either of two equal or corresponding parts into which something is or can be divided,,oxford3000,half,base
half,noun,A1,single,Either of two equal or corresponding parts into which something is or can be divided,,oxford3000,half,base
half,noun,A1,single,Either of two equal or corresponding parts into which something is or can be divided,,oxford3000,halves,plural
half,noun,A1,single,Either of two equal or corresponding parts into which something is or can be divided,,oxford3000,halfs,plural
half,pron,A1,single,Either of two equal or corresponding parts into which something is or can be divided,,oxford3000,half,base
hall,noun,A2,single,The room or space just inside the front entrance of a house or apartment,,oxford3000,hall,base
hall,noun,A2,single,The room or space just inside the front entrance of a house or apartment,,oxford3000,halls,plural
hand,noun,A1,single,"The end part of a person's arm beyond the wrist, including the palm, fingers, and thumb",,oxford3000,hand,base
hand,noun,A1,single,"The end part of a person's arm beyond the wrist, including the palm, fingers, and thumb",,oxford3000,hands,plural
hand,verb,B1,single,place into the hands or custody of,,oxford3000,hand,base
hand,verb,B1,single,place into the hands or custody of,,oxford3000,hands,third_person
hand,verb,B1,single,place into the hands or custody of,,oxford3000,handed,past
hand,verb,B1,single,place into the hands or custody of,,oxford3000,handing,gerund
handle,noun,B2,single,"The part by which a thing is held, carried, or controlled",,oxford3000,handle,base
handle,noun,B2,single,"The part by which a thing is held, carried, or controlled",,oxford3000,handles,plural
handle,verb,B2,single,"be in charge of, act on, or dispose of",,oxford3000,handle,base
handle,verb,B2,single,"be in charge of, act on, or dispose of",,oxford3000,handles,third_person
handle,verb,B2,single,"be in charge of, act on, or dispose of",,oxford3000,handled,past
handle,verb,B2,single,"be in charge of, act on, or dispose of",,oxford3000,handling,gerund
hang,verb,B1,single,Suspend or be suspended from above with the lower part dangling free,,oxford3000,hang,base
hang,verb,B1,single,Suspend or be suspended from above with the lower part dangling free,,oxford3000,hangs,third_person
hang,verb,B1,single,Suspend or be suspended from above with the lower part dangling free,,oxford3000,hung,past
hang,verb,B1,single,Suspend or be suspended from above with the lower part dangling free,,oxford3000,hanged,past
hang,verb,B1,single,Suspend or be suspended from above with the lower part dangling free,,oxford3000,hanging,gerund
happen,verb,A1,single,Take place; occur,,oxford3000,happen,base
happen,verb,A1,single,Take place; occur,,oxford3000,happens,third_person
happen,verb,A1,single,Take place; occur,,oxford3000,happened,past
happen,verb,A1,single,Take place; occur,,oxford3000,happening,gerund
happily,adv,A2,single,in a joyous manner,,oxford3000,happily,base
happiness,noun,B1,single,The state of being happy,,oxford3000,happiness,base
happy,adj,A1,single,Feeling or showing pleasure or contentment,,oxford3000,happy,base
happy,adj,A1,single,Feeling or showing pleasure or contentment,,oxford3000,happier,comparative
happy,adj,A1,single,Feeling or showing pleasure or contentment,,oxford3000,happiest,superlative
hard,adj,A1,single,"Solid, firm, and resistant to pressure; not easily broken, bent, or pierced",,oxford3000,hard,base
hard,adj,A1,single,"Solid, firm, and resistant to pressure; not easily broken, bent, or pierced",,oxford3000,harder,comparative
hard,adj,A1,single,"Solid, firm, and resistant to pressure; not easily broken, bent, or pierced",,oxford3000,hardest,superlative
hard,adv,A1,single,with effort or force or vigor,,oxford3000,hard,base
hard,adv,A1,single,with effort or force or vigor,,oxford3000,harder,comparative
hard,adv,A1,single,with effort or force or vigor,,oxford3000,hardest,superlative
hardly,adv,B1,single,Scarcely (used to qualify a statement by saying that it is true to an insignificant degree),,oxford3000,hardly,base
harm,noun,B2,single,"Physical injury, especially that which is deliberately inflicted",,oxford3000,harm,base
harm,verb,B2,single,cause or do harm to,,oxford3000,harm,base
harm,verb,B2,single,cause or do harm to,,oxford3000,harms,third_person
harm,verb,B2,single,cause or do harm to,,oxford3000,harmed,past
harm,verb,B2,single,cause or do harm to,,oxford3000,harming,gerund
harmful,adj,B2,single,Causing or likely to cause harm,,oxford3000,harmful,base
hat,noun,A1,single,"A shaped covering for the head worn for warmth, as a fashion item, or as part of a uniform",,oxford3000,hat,base
hat,noun,A1,single,"A shaped covering for the head worn for warmth, as a fashion item, or as part of a uniform",,oxford3000,hats,plural
hate,noun,B1,single,the emotion of intense dislike; a feeling of dislike so strong that it demands action,,oxford3000,hate,base
hate,verb,A1,single,Intense dislike; feel antipathy or aversion towards,,oxford3000,hate,base
hate,verb,A1,single,Intense dislike; feel antipathy or aversion towards,,oxford3000,hates,third_person
hate,verb,A1,single,Intense dislike; feel antipathy or aversion towards,,oxford3000,hated,past
hate,verb,A1,single,Intense dislike; feel antipathy or aversion towards,,oxford3000,hating,gerund
have,verb,A1,single,"Possess, own, or hold",,oxford3000,have,base
have,verb,A1,single,"Possess, own, or hold",,oxford3000,has,third_person
have,verb,A1,single,"Possess, own, or hold",,oxford3000,had,past
have,verb,A1,single,"Possess, own, or hold",,oxford3000,having,gerund
have to,verb,A1,phrase,,,oxford3000,have to,base
he,pron,A1,single,"Used to refer to a man, boy, or male animal previously mentioned or easily identified",,oxford3000,he,base
head,noun,A1,single,"The upper part of the human body, or the front or upper part of an animal's body, typically separated from the rest of the body by a neck, and containing the brain, eyes, ears, nose, and mouth",,oxford3000,head,base
head,noun,A1,single,"The upper part of the human body, or the front or upper part of an animal's body, typically separated from the rest of the body by a neck, and containing the brain, eyes, ears, nose, and mouth",,oxford3000,heads,plural
head,verb,B1,single,to go or travel towards,,oxford3000,head,base
head,verb,B1,single,to go or travel towards,,oxford3000,heads,third_person
head,verb,B1,single,to go or travel towards,,oxford3000,headed,past
head,verb,B1,single,to go or travel towards,,oxford3000,heading,gerund
headache,noun,A2,single,something or someone that causes anxiety; a source of unhappiness,,oxford3000,headache,base
headache,noun,A2,single,something or someone that causes anxiety; a source of unhappiness,,oxford3000,headaches,plural
headline,noun,B1,single,A heading at the top of an article or page in a newspaper or magazine,,oxford3000,headline,base
headline,noun,B1,single,A heading at the top of an article or page in a newspaper or magazine,,oxford3000,headlines,plural
health,noun,A1,single,The state of being free from illness or injury,,oxford3000,health,base
healthy,adj,A1,single,In good health,,oxford3000,healthy,base
healthy,adj,A1,single,In good health,,oxford3000,healthier,comparative
healthy,adj,A1,single,In good health,,oxford3000,healthiest,superlative
hear,verb,A1,single,Perceive with the ear the sound made by (someone or something),,oxford3000,hear,base
hear,verb,A1,single,Perceive with the ear the sound made by (someone or something),,oxford3000,hears,third_person
hear,verb,A1,single,Perceive with the ear the sound made by (someone or something),,oxford3000,heard,past
hear,verb,A1,single,Perceive with the ear the sound made by (someone or something),,oxford3000,hearing,gerund
hearing,noun,B2,single,The faculty of perceiving sounds,,oxford3000,hearing,base
hearing,noun,B2,single,The faculty of perceiving sounds,,oxford3000,hearings,plural
heart,noun,A2,single,A hollow muscular organ that pumps the blood through the circulatory system by rhythmic contraction and dilation,,oxford3000,heart,base
heart,noun,A2,single,A hollow muscular organ that pumps the blood through the circulatory system by rhythmic contraction and dilation,,oxford3000,hearts,plural
heat,noun,A2,single,The quality of being hot; high temperature,,oxford3000,heat,base
heat,verb,A2,single,make hot or hotter,,oxford3000,heat,base
heat,verb,A2,single,make hot or hotter,,oxford3000,heats,third_person
heat,verb,A2,single,make hot or hotter,,oxford3000,heated,past
heat,verb,A2,single,make hot or hotter,,oxford3000,heating,gerund
heating,noun,B1,single,"Equipment or devices used to provide warmth, especially to a building",,oxford3000,heating,base
heating,noun,B1,single,"Equipment or devices used to provide warmth, especially to a building",,oxford3000,heatings,plural
heaven,noun,B2,single,"A place regarded in various religions as the abode of God (or the gods) and the angels, and of the good after death, often traditionally depicted as being above the sky",,oxford3000,heaven,base
heaven,noun,B2,single,"A place regarded in various religions as the abode of God (or the gods) and the angels, and of the good after death, often traditionally depicted as being above the sky",,oxford3000,heavens,plural
heavily,adv,B1,single,To a great degree; in large amounts,,oxford3000,heavily,base
heavy,adj,A2,single,Of great weight; difficult to lift or move,,oxford3000,heavy,base
heavy,adj,A2,single,Of great weight; difficult to lift or move,,oxford3000,heavier,comparative
heavy,adj,A2,single,Of great weight; difficult to lift or move,,oxford3000,heaviest,superlative
heel,noun,B2,single,The back part of the human foot below the ankle,,oxford3000,heel,base
heel,noun,B2,single,The back part of the human foot below the ankle,,oxford3000,heels,plural
height,noun,A2,single,The measurement from base to top or (of a standing person) from head to foot,,oxford3000,height,base
height,noun,A2,single,The measurement from base to top or (of a standing person) from head to foot,,oxford3000,heights,plural
helicopter,noun,B1,single,an aircraft without wings that obtains its lift from the rotation of overhead blades,,oxford3000,helicopter,base
helicopter,noun,B1,single,an aircraft without wings that obtains its lift from the rotation of overhead blades,,oxford3000,helicopters,plural
hell,noun,B2,single,"A place regarded in various religions as a spiritual realm of evil and suffering, often traditionally depicted as a place of perpetual fire beneath the earth, where the wicked are punished after death",,oxford3000,hell,base
hell,noun,B2,single,"A place regarded in various religions as a spiritual realm of evil and suffering, often traditionally depicted as a place of perpetual fire beneath the earth, where the wicked are punished after death",,oxford3000,hells,plural
hello,exclam,A1,single,Used as a greeting or to begin a telephone conversation,,oxford3000,hello,base
hello,noun,A1,single,an expression of greeting,,oxford3000,hello,base
hello,noun,A1,single,an expression of greeting,,oxford3000,hellos,plural
help,noun,A1,single,the activity of contributing to the fulfillment of a need or furtherance of an effort or purpose,,oxford3000,help,base
help,noun,A1,single,the activity of contributing to the fulfillment of a need or furtherance of an effort or purpose,,oxford3000,helps,plural
help,verb,A1,single,Make it easier for (someone) to do something by offering one's services or resources,,oxford3000,help,base
help,verb,A1,single,Make it easier for (someone) to do something by offering one's services or resources,,oxford3000,helps,third_person
help,verb,A1,single,Make it easier for (someone) to do something by offering one's services or resources,,oxford3000,helped,past
help,verb,A1,single,Make it easier for (someone) to do something by offering one's services or resources,,oxford3000,helping,gerund
helpful,adj,A2,single,Giving or ready to give help,,oxford3000,helpful,base
her,det,A1,single,Belonging to or associated with a female person or animal previously mentioned or easily identified,,oxford3000,her,base
her,pron,A1,single,Belonging to or associated with a female person or animal previously mentioned or easily identified,,oxford3000,her,base
here,adv,A1,single,in or at this place; where the speaker or writer is,,oxford3000,here,base
hero,noun,A2,single,"A person who is admired for their courage, outstanding achievements, or noble qualities",,oxford3000,hero,base
hero,noun,A2,single,"A person who is admired for their courage, outstanding achievements, or noble qualities",,oxford3000,heroes,plural
hers,pron,A2,single,Belonging to or associated with a female person previously mentioned,,oxford3000,hers,base
herself,pron,A2,single,"Used to refer to a female person or animal previously mentioned as the object of a verb or preposition, when she is also the subject of the clause",,oxford3000,herself,base
hesitate,verb,B2,single,"Pause before saying or doing something, especially through uncertainty",,oxford3000,hesitate,base
hesitate,verb,B2,single,"Pause before saying or doing something, especially through uncertainty",,oxford3000,hesitates,third_person
hesitate,verb,B2,single,"Pause before saying or doing something, especially through uncertainty",,oxford3000,hesitated,past
hesitate,verb,B2,single,"Pause before saying or doing something, especially through uncertainty",,oxford3000,hesitating,gerund
hey,exclam,A1,single,,,oxford3000,hey,base
hi,exclam,A1,single,Used as an informal greeting,,oxford3000,hi,base
hide,verb,A2,single,Put or keep out of sight,,oxford3000,hide,base
hide,verb,A2,single,Put or keep out of sight,,oxford3000,hides,third_person
hide,verb,A2,single,Put or keep out of sight,,oxford3000,hid,past
hide,verb,A2,single,Put or keep out of sight,,oxford3000,hidden,past_participle
hide,verb,A2,single,Put or keep out of sight,,oxford3000,hiding,gerund
high,adj,A1,single,Of great vertical extent,,oxford3000,high,base
high,adj,A1,single,Of great vertical extent,,oxford3000,higher,comparative
high,adj,A1,single,Of great vertical extent,,oxford3000,highest,superlative
high,adv,A2,single,at a great altitude,,oxford3000,high,base
high,adv,A2,single,at a great altitude,,oxford3000,higher,comparative
high,adv,A2,single,at a great altitude,,oxford3000,highest,superlative
high,noun,B2,single,a lofty level or position or degree,,oxford3000,high,base
high,noun,B2,single,a lofty level or position or degree,,oxford3000,highs,plural
highlight,noun,B1,single,the most interesting or memorable part,,oxford3000,highlight,base
highlight,noun,B1,single,the most interesting or memorable part,,oxford3000,highlights,plural
highlight,verb,B1,single,An outstanding part of an event or period of time,,oxford3000,highlight,base
highlight,verb,B1,single,An outstanding part of an event or period of time,,oxford3000,highlights,third_person
highlight,verb,B1,single,An outstanding part of an event or period of time,,oxford3000,highlighted,past
highlight,verb,B1,single,An outstanding part of an event or period of time,,oxford3000,highlighting,gerund
highly,adv,B1,single,To a high degree or level,,oxford3000,highly,base
hill,noun,A2,single,"A naturally raised area of land, not as high or craggy as a mountain",,oxford3000,hill,base
hill,noun,A2,single,"A naturally raised area of land, not as high or craggy as a mountain",,oxford3000,hills,plural
him,pron,A1,single,Used to refer to a male person or animal previously mentioned or easily identified,,oxford3000,him,base
himself,pron,A2,single,"Used to refer to a male person or animal previously mentioned as the object of a verb or preposition, when he is also the subject of the clause",,oxford3000,himself,base
hire,noun,B2,single,a newly hired employee,,oxford3000,hire,base
hire,noun,B2,single,a newly hired employee,,oxford3000,hires,plural
hire,verb,B1,single,Obtain the temporary use of (something) for an agreed payment,,oxford3000,hire,base
hire,verb,B1,single,Obtain the temporary use of (something) for an agreed payment,,oxford3000,hires,third_person
hire,verb,B1,single,Obtain the temporary use of (something) for an agreed payment,,oxford3000,hired,past
hire,verb,B1,single,Obtain the temporary use of (something) for an agreed payment,,oxford3000,hiring,gerund
his,det,A1,single,Belonging to or associated with a male person or animal previously mentioned or easily identified,,oxford3000,his,base
his,pron,A2,single,Belonging to or associated with a male person or animal previously mentioned or easily identified,,oxford3000,his,base
historic,adj,B1,single,belonging to the past; of what is important or famous in the past,,oxford3000,historic,base
historical,adj,B1,single,of or relating to the study of history,,oxford3000,historical,base
history,noun,A1,single,"The study of past events, particularly in human affairs",,oxford3000,history,base
history,noun,A1,single,"The study of past events, particularly in human affairs",,oxford3000,histories,plural
hit,noun,A2,single,(baseball) a successful stroke in an athletic contest (especially in baseball),,oxford3000,hit,base
hit,noun,A2,single,(baseball) a successful stroke in an athletic contest (especially in baseball),,oxford3000,hits,plural
hit,verb,A2,single,Bring one's hand or a tool or weapon into contact with (someone or something) quickly and forcefully,,oxford3000,hit,base
hit,verb,A2,single,Bring one's hand or a tool or weapon into contact with (someone or something) quickly and forcefully,,oxford3000,hits,third_person
hit,verb,A2,single,Bring one's hand or a tool or weapon into contact with (someone or something) quickly and forcefully,,oxford3000,hitting,gerund
hobby,noun,A1,single,An activity done regularly in one's leisure time for pleasure,,oxford3000,hobby,base
hobby,noun,A1,single,An activity done regularly in one's leisure time for pleasure,,oxford3000,hobbies,plural
hockey,noun,A2,single,a game resembling ice hockey that is played on an open field; two opposing teams use curved sticks try to drive a ball into the opponents' net,,oxford3000,hockey,base
hold,noun,B2,single,the act of grasping,,oxford3000,hold,base
hold,noun,B2,single,the act of grasping,,oxford3000,holds,plural
hold,verb,A2,single,"Grasp, carry, or support with one's hands",,oxford3000,hold,base
hold,verb,A2,single,"Grasp, carry, or support with one's hands",,oxford3000,holds,third_person
hold,verb,A2,single,"Grasp, carry, or support with one's hands",,oxford3000,held,past
hold,verb,A2,single,"Grasp, carry, or support with one's hands",,oxford3000,holding,gerund
hole,noun,A2,single,A hollow place in a solid body or surface,,oxford3000,hole,base
hole,noun,A2,single,A hollow place in a solid body or surface,,oxford3000,holes,plural
holiday,noun,A1,single,"An extended period of leisure and recreation, especially one spent away from home or traveling",,oxford3000,holiday,base
holiday,noun,A1,single,"An extended period of leisure and recreation, especially one spent away from home or traveling",,oxford3000,holidays,plural
hollow,adj,B2,single,Having a hole or empty space inside,,oxford3000,hollow,base
hollow,adj,B2,single,Having a hole or empty space inside,,oxford3000,hollower,comparative
hollow,adj,B2,single,Having a hole or empty space inside,,oxford3000,hollowest,superlative
holy,adj,B2,single,belonging to or derived from or associated with a divine power,,oxford3000,holy,base
holy,adj,B2,single,belonging to or derived from or associated with a divine power,,oxford3000,holier,comparative
holy,adj,B2,single,belonging to or derived from or associated with a divine power,,oxford3000,holiest,superlative
home,adj,A2,single,used of your own ground,,oxford3000,home,base
home,adv,A1,single,at or to or in the direction of one's home or family,,oxford3000,home,base
home,noun,A1,single,"The place where one lives permanently, especially as a member of a family or household",,oxford3000,home,base
home,noun,A1,single,"The place where one lives permanently, especially as a member of a family or household",,oxford3000,homes,plural
homework,noun,A1,single,preparatory school work done outside school (especially at home),,oxford3000,homework,base
honest,adj,B1,single,Free of deceit and untruthfulness; sincere,,oxford3000,honest,base
honour,noun,B2,single,the state of being honored,,oxford3000,honour,base
honour,noun,B2,single,the state of being honored,,oxford3000,honours,plural
honour,verb,B2,single,bestow honor or rewards upon,,oxford3000,honour,base
honour,verb,B2,single,bestow honor or rewards upon,,oxford3000,honours,third_person
honour,verb,B2,single,bestow honor or rewards upon,,oxford3000,honoured,past
honour,verb,B2,single,bestow honor or rewards upon,,oxford3000,honouring,gerund
hope,noun,A2,single,A feeling of expectation and desire for a certain thing to happen,,oxford3000,hope,base
hope,noun,A2,single,A feeling of expectation and desire for a certain thing to happen,,oxford3000,hopes,plural
hope,verb,A1,single,expect and wish,,oxford3000,hope,base
hope,verb,A1,single,expect and wish,,oxford3000,hopes,third_person
hope,verb,A1,single,expect and wish,,oxford3000,hoped,past
hope,verb,A1,single,expect and wish,,oxford3000,hoping,gerund
horrible,adj,B1,single,provoking horror; ; ; ; - Winston Churchill,,oxford3000,horrible,base
horror,noun,B1,single,"An intense feeling of fear, shock, or disgust",,oxford3000,horror,base
horror,noun,B1,single,"An intense feeling of fear, shock, or disgust",,oxford3000,horrors,plural
horse,noun,A1,single,A large plant-eating domesticated mammal with solid hoofs and a flowing mane and tail,,oxford3000,horse,base
horse,noun,A1,single,A large plant-eating domesticated mammal with solid hoofs and a flowing mane and tail,,oxford3000,horses,plural
hospital,noun,A1,single,An institution providing medical and surgical treatment and nursing care for sick or injured people,,oxford3000,hospital,base
hospital,noun,A1,single,An institution providing medical and surgical treatment and nursing care for sick or injured people,,oxford3000,hospitals,plural
host,noun,B1,single,A person who receives or entertains other people as guests,,oxford3000,host,base
host,noun,B1,single,A person who receives or entertains other people as guests,,oxford3000,hosts,plural
host,verb,B2,single,be the host of or for,,oxford3000,host,base
host,verb,B2,single,be the host of or for,,oxford3000,hosts,third_person
host,verb,B2,single,be the host of or for,,oxford3000,hosted,past
host,verb,B2,single,be the host of or for,,oxford3000,hosting,gerund
hot,adj,A1,single,Having a high degree of heat or a high temperature,,oxford3000,hot,base
hot,adj,A1,single,Having a high degree of heat or a high temperature,,oxford3000,hotter,comparative
hot,adj,A1,single,Having a high degree of heat or a high temperature,,oxford3000,hottest,superlative
hotel,noun,A1,single,"An establishment providing accommodations, meals, and other services for travelers and tourists",,oxford3000,hotel,base
hotel,noun,A1,single,"An establishment providing accommodations, meals, and other services for travelers and tourists",,oxford3000,hotels,plural
hour,noun,A1,single,A period of time equal to a twenty-fourth part of a day and night and divided into 60 minutes,,oxford3000,hour,base
hour,noun,A1,single,A period of time equal to a twenty-fourth part of a day and night and divided into 60 minutes,,oxford3000,hours,plural
house,noun,A1,single,"A building for human habitation, especially one that is lived in by a family or small group of people",,oxford3000,house,base
house,noun,A1,single,"A building for human habitation, especially one that is lived in by a family or small group of people",,oxford3000,houses,plural
house,verb,B2,single,contain or cover,,oxford3000,house,base
house,verb,B2,single,contain or cover,,oxford3000,houses,third_person
house,verb,B2,single,contain or cover,,oxford3000,housed,past
house,verb,B2,single,contain or cover,,oxford3000,housing,gerund
household,noun,B2,single,A house and its occupants regarded as a unit,,oxford3000,household,base
household,noun,B2,single,A house and its occupants regarded as a unit,,oxford3000,households,plural
housing,noun,B2,single,Houses and apartments considered collectively,,oxford3000,housing,base
housing,noun,B2,single,Houses and apartments considered collectively,,oxford3000,housings,plural
how,adv,A1,single,In what way or manner; by what means,,oxford3000,how,base
however,adv,A1,single,despite anything to the contrary (usually following a concession),,oxford3000,however,base
huge,adj,A2,single,Extremely large,,oxford3000,huge,base
huge,adj,A2,single,Extremely large,,oxford3000,huger,comparative
huge,adj,A2,single,Extremely large,,oxford3000,hugest,superlative
human,adj,A2,single,Relating to or characteristic of people or human beings,,oxford3000,human,base
human,noun,A2,single,"any living or extinct member of the family Hominidae characterized by superior intelligence, articulate speech, and erect carriage",,oxford3000,human,base
human,noun,A2,single,"any living or extinct member of the family Hominidae characterized by superior intelligence, articulate speech, and erect carriage",,oxford3000,humans,plural
humorous,adj,B2,single,Causing lighthearted laughter and amusement; comic,,oxford3000,humorous,base
humour,noun,B2,single,"The quality of being amusing or comic, especially as expressed in literature or speech",,oxford3000,humour,base
humour,noun,B2,single,"The quality of being amusing or comic, especially as expressed in literature or speech",,oxford3000,humours,plural
hundred,number,A1,single,The number equivalent to the product of ten and ten; 100,,oxford3000,hundred,base
hungry,adj,A1,single,Feeling or displaying the need for food,,oxford3000,hungry,base
hungry,adj,A1,single,Feeling or displaying the need for food,,oxford3000,hungrier,comparative
hungry,adj,A1,single,Feeling or displaying the need for food,,oxford3000,hungriest,superlative
hunt,noun,B2,single,Englishman and Pre-Raphaelite painter (1827-1910),,oxford3000,hunt,base
hunt,noun,B2,single,Englishman and Pre-Raphaelite painter (1827-1910),,oxford3000,hunts,plural
hunt,verb,B1,single,Pursue and kill (a wild animal) for sport or food,,oxford3000,hunt,base
hunt,verb,B1,single,Pursue and kill (a wild animal) for sport or food,,oxford3000,hunts,third_person
hunt,verb,B1,single,Pursue and kill (a wild animal) for sport or food,,oxford3000,hunted,past
hunt,verb,B1,single,Pursue and kill (a wild animal) for sport or food,,oxford3000,hunting,gerund
hunting,noun,B2,single,the pursuit and killing or capture of wild animals regarded as a sport,,oxford3000,hunting,base
hurricane,noun,B1,single,a severe tropical cyclone usually with heavy rains and winds moving a 73-136 knots (12 on the Beaufort scale),,oxford3000,hurricane,base
hurricane,noun,B1,single,a severe tropical cyclone usually with heavy rains and winds moving a 73-136 knots (12 on the Beaufort scale),,oxford3000,hurricanes,plural
hurry,noun,B1,single,a condition of urgency making it necessary to hurry,,oxford3000,hurry,base
hurry,verb,B1,single,Move or act with haste; rush,,oxford3000,hurry,base
hurry,verb,B1,single,Move or act with haste; rush,,oxford3000,hurries,third_person
hurry,verb,B1,single,Move or act with haste; rush,,oxford3000,hurried,past
hurry,verb,B1,single,Move or act with haste; rush,,oxford3000,hurrying,gerund
hurt,adj,A2,single,suffering from physical injury especially that suffered in battle,,oxford3000,hurt,base
hurt,noun,B2,single,any physical damage to the body caused by violence or accident or fracture etc.,,oxford3000,hurt,base
hurt,verb,A2,single,Cause physical pain or injury to,,oxford3000,hurt,base
hurt,verb,A2,single,Cause physical pain or injury to,,oxford3000,hurts,third_person
hurt,verb,A2,single,Cause physical pain or injury to,,oxford3000,hurting,gerund
husband,noun,A1,single,A married man considered in relation to his spouse,,oxford3000,husband,base
husband,noun,A1,single,A married man considered in relation to his spouse,,oxford3000,husbands,plural
i,pron,A1,single,Used by a speaker to refer to himself or herself,,oxford3000,i,base
ice,noun,A1,single,"Frozen water, a brittle, transparent crystalline solid",,oxford3000,ice,base
ice,noun,A1,single,"Frozen water, a brittle, transparent crystalline solid",,oxford3000,ices,plural
ice cream,noun,A1,phrase,A soft frozen food made with sweetened and flavored milk fat,,oxford3000,ice cream,base
idea,noun,A1,single,A thought or suggestion as to a possible course of action,,oxford3000,idea,base
idea,noun,A1,single,A thought or suggestion as to a possible course of action,,oxford3000,ideas,plural
ideal,adj,A2,single,Satisfying one's conception of what is perfect; most suitable,,oxford3000,ideal,base
ideal,noun,B2,single,the idea of something that is perfect; something that one hopes to attain,,oxford3000,ideal,base
ideal,noun,B2,single,the idea of something that is perfect; something that one hopes to attain,,oxford3000,ideals,plural
identify,verb,A2,single,Establish or indicate who or what (someone or something) is,,oxford3000,identify,base
identify,verb,A2,single,Establish or indicate who or what (someone or something) is,,oxford3000,identifies,third_person
identify,verb,A2,single,Establish or indicate who or what (someone or something) is,,oxford3000,identified,past
identify,verb,A2,single,Establish or indicate who or what (someone or something) is,,oxford3000,identifying,gerund
identity,noun,B1,single,The fact of being who or what a person or thing is,,oxford3000,identity,base
identity,noun,B1,single,The fact of being who or what a person or thing is,,oxford3000,identities,plural
if,conj,A1,single,Introducing a conditional clause,,oxford3000,if,base
ignore,verb,B1,single,Refuse to take notice of or acknowledge; disregard intentionally,,oxford3000,ignore,base
ignore,verb,B1,single,Refuse to take notice of or acknowledge; disregard intentionally,,oxford3000,ignores,third_person
ignore,verb,B1,single,Refuse to take notice of or acknowledge; disregard intentionally,,oxford3000,ignored,past
ignore,verb,B1,single,Refuse to take notice of or acknowledge; disregard intentionally,,oxford3000,ignoring,gerund
ill,adj,A2,single,Not in full health; sick,,oxford3000,ill,base
ill,adj,A2,single,Not in full health; sick,,oxford3000,worse,comparative
ill,adj,A2,single,Not in full health; sick,,oxford3000,iller,comparative
ill,adj,A2,single,Not in full health; sick,,oxford3000,worst,superlative
ill,adj,A2,single,Not in full health; sick,,oxford3000,illest,superlative
illegal,adj,B1,single,"Contrary to or forbidden by law, especially criminal law",,oxford3000,illegal,base
illness,noun,A2,single,A disease or period of sickness affecting the body or mind,,oxford3000,illness,base
illness,noun,A2,single,A disease or period of sickness affecting the body or mind,,oxford3000,illnesses,plural
illustrate,verb,B2,single,"Explain or make (something) clear by using examples, charts, pictures, etc.",,oxford3000,illustrate,base
illustrate,verb,B2,single,"Explain or make (something) clear by using examples, charts, pictures, etc.",,oxford3000,illustrates,third_person
illustrate,verb,B2,single,"Explain or make (something) clear by using examples, charts, pictures, etc.",,oxford3000,illustrated,past
illustrate,verb,B2,single,"Explain or make (something) clear by using examples, charts, pictures, etc.",,oxford3000,illustrating,gerund
illustration,noun,B2,single,artwork that helps make something clear or attractive,,oxford3000,illustration,base
illustration,noun,B2,single,artwork that helps make something clear or attractive,,oxford3000,illustrations,plural
image,noun,A2,single,A representation of the external form of a person or thing in art,,oxford3000,image,base
image,noun,A2,single,A representation of the external form of a person or thing in art,,oxford3000,images,plural
imaginary,adj,B1,single,not based on fact; unreal; - F.D.Roosevelt,,oxford3000,imaginary,base
imagination,noun,B2,single,the formation of a mental image of something that is not perceived as real and is not present to the senses,,oxford3000,imagination,base
imagination,noun,B2,single,the formation of a mental image of something that is not perceived as real and is not present to the senses,,oxford3000,imaginations,plural
imagine,verb,A1,single,Form a mental image or concept of,,oxford3000,imagine,base
imagine,verb,A1,single,Form a mental image or concept of,,oxford3000,imagines,third_person
imagine,verb,A1,single,Form a mental image or concept of,,oxford3000,imagined,past
imagine,verb,A1,single,Form a mental image or concept of,,oxford3000,imagining,gerund
immediate,adj,B1,single,Occurring or done at once; instant,,oxford3000,immediate,base
immediately,adv,A2,single,At once; instantly,,oxford3000,immediately,base
immigrant,noun,B1,single,a person who comes to a country where they were not born in order to settle there,,oxford3000,immigrant,base
immigrant,noun,B1,single,a person who comes to a country where they were not born in order to settle there,,oxford3000,immigrants,plural
impact,noun,B1,single,The action of one object coming forcibly into contact with another,,oxford3000,impact,base
impact,noun,B1,single,The action of one object coming forcibly into contact with another,,oxford3000,impacts,plural
impact,verb,B1,single,press or wedge together; pack together,,oxford3000,impact,base
impact,verb,B1,single,press or wedge together; pack together,,oxford3000,impacts,third_person
impact,verb,B1,single,press or wedge together; pack together,,oxford3000,impacted,past
impact,verb,B1,single,press or wedge together; pack together,,oxford3000,impacting,gerund
impatient,adj,B2,single,restless or short-tempered under delay or opposition,,oxford3000,impatient,base
imply,verb,B2,single,express or state indirectly,,oxford3000,imply,base
imply,verb,B2,single,express or state indirectly,,oxford3000,implies,third_person
imply,verb,B2,single,express or state indirectly,,oxford3000,implied,past
imply,verb,B2,single,express or state indirectly,,oxford3000,implying,gerund
import,noun,B1,single,commodities (goods or services) bought from a foreign country,,oxford3000,import,base
import,noun,B1,single,commodities (goods or services) bought from a foreign country,,oxford3000,imports,plural
import,verb,B1,single,bring in from abroad,,oxford3000,import,base
import,verb,B1,single,bring in from abroad,,oxford3000,imports,third_person
import,verb,B1,single,bring in from abroad,,oxford3000,imported,past
import,verb,B1,single,bring in from abroad,,oxford3000,importing,gerund
importance,noun,B1,single,The state or fact of being of great significance or value,,oxford3000,importance,base
importance,noun,B1,single,The state or fact of being of great significance or value,,oxford3000,importances,plural
important,adj,A1,single,Of great significance or value,,oxford3000,important,base
impose,verb,B2,single,compel to behave in a certain way,,oxford3000,impose,base
impose,verb,B2,single,compel to behave in a certain way,,oxford3000,imposes,third_person
impose,verb,B2,single,compel to behave in a certain way,,oxford3000,imposed,past
impose,verb,B2,single,compel to behave in a certain way,,oxford3000,imposing,gerund
impossible,adj,A2,single,"Not able to occur, exist, or be done",,oxford3000,impossible,base
impress,verb,B2,single,Make (someone) feel admiration and respect,,oxford3000,impress,base
impress,verb,B2,single,Make (someone) feel admiration and respect,,oxford3000,impresses,third_person
impress,verb,B2,single,Make (someone) feel admiration and respect,,oxford3000,impressed,past
impress,verb,B2,single,Make (someone) feel admiration and respect,,oxford3000,impressing,gerund
impressed,adj,B2,single,Feeling or showing admiration or respect for someone or something,,oxford3000,impressed,base
impression,noun,B1,single,"An idea, feeling, or opinion about something or someone, especially one formed without conscious thought or on the basis of little evidence",,oxford3000,impression,base
impression,noun,B1,single,"An idea, feeling, or opinion about something or someone, especially one formed without conscious thought or on the basis of little evidence",,oxford3000,impressions,plural
impressive,adj,B1,single,"Evoking admiration through size, quality, or skill: grand, imposing, or awesome",,oxford3000,impressive,base
improve,verb,A1,single,Make or become better,,oxford3000,improve,base
improve,verb,A1,single,Make or become better,,oxford3000,improves,third_person
improve,verb,A1,single,Make or become better,,oxford3000,improved,past
improve,verb,A1,single,Make or become better,,oxford3000,improving,gerund
improvement,noun,B1,single,An example or instance of improving or being improved,,oxford3000,improvement,base
improvement,noun,B1,single,An example or instance of improving or being improved,,oxford3000,improvements,plural
in,adv,A1,single,to or toward the inside of,,oxford3000,in,base
in,prep,A1,single,Expressing the situation of something that is or appears to be enclosed or surrounded by something else,,oxford3000,in,base
inch,noun,B2,single,A unit of linear measure equal to one twelfth of a foot (2.54 cm),,oxford3000,inch,base
inch,noun,B2,single,A unit of linear measure equal to one twelfth of a foot (2.54 cm),,oxford3000,inches,plural
incident,noun,B2,single,An event or occurrence,,oxford3000,incident,base
incident,noun,B2,single,An event or occurrence,,oxford3000,incidents,plural
include,verb,A1,single,Comprise or contain as part of a whole,,oxford3000,include,base
include,verb,A1,single,Comprise or contain as part of a whole,,oxford3000,includes,third_person
include,verb,A1,single,Comprise or contain as part of a whole,,oxford3000,included,past
include,verb,A1,single,Comprise or contain as part of a whole,,oxford3000,including,gerund
included,adj,A2,single,enclosed in the same envelope or package,,oxford3000,included,base
including,prep,A2,single,Containing (someone or something) as part of the whole being considered,,oxford3000,including,base
income,noun,B2,single,"Money received, especially on a regular basis, for work or through investments",,oxford3000,income,base
income,noun,B2,single,"Money received, especially on a regular basis, for work or through investments",,oxford3000,incomes,plural
increase,noun,A2,single,a quantity that is added,,oxford3000,increase,base
increase,noun,A2,single,a quantity that is added,,oxford3000,increases,plural
increase,verb,A2,single,"Become or make greater in size, amount, intensity, or degree",,oxford3000,increase,base
increase,verb,A2,single,"Become or make greater in size, amount, intensity, or degree",,oxford3000,increases,third_person
increase,verb,A2,single,"Become or make greater in size, amount, intensity, or degree",,oxford3000,increased,past
increase,verb,A2,single,"Become or make greater in size, amount, intensity, or degree",,oxford3000,increasing,gerund
increasingly,adv,B2,single,To an increasing extent; more and more,,oxford3000,increasingly,base
incredible,adj,A2,single,beyond belief or understanding,,oxford3000,incredible,base
incredibly,adv,B1,single,not easy to believe,,oxford3000,incredibly,base
indeed,adv,B1,single,Used to emphasize a statement or response confirming something already suggested,,oxford3000,indeed,base
independent,adj,A2,single,Free from outside control; not depending on another's authority,,oxford3000,independent,base
indicate,verb,B1,single,Point out; show,,oxford3000,indicate,base
indicate,verb,B1,single,Point out; show,,oxford3000,indicates,third_person
indicate,verb,B1,single,Point out; show,,oxford3000,indicated,past
indicate,verb,B1,single,Point out; show,,oxford3000,indicating,gerund
indirect,adj,B1,single,Not directly caused by or resulting from something,,oxford3000,indirect,base
individual,adj,A2,single,being or characteristic of a single thing or person,,oxford3000,individual,base
individual,noun,A2,single,"A single human being as distinct from a group, class, or family",,oxford3000,individual,base
individual,noun,A2,single,"A single human being as distinct from a group, class, or family",,oxford3000,individuals,plural
indoor,adj,B1,single,"located, suited for, or taking place within a building",,oxford3000,indoor,base
indoors,adv,B1,single,Inside a building,,oxford3000,indoors,base
industrial,adj,B2,single,Relating to or characterized by industry,,oxford3000,industrial,base
industry,noun,A2,single,Economic activity concerned with the processing of raw materials and manufacture of goods in factories,,oxford3000,industry,base
industry,noun,A2,single,Economic activity concerned with the processing of raw materials and manufacture of goods in factories,,oxford3000,industries,plural
infection,noun,B2,single,The process of infecting or the state of being infected,,oxford3000,infection,base
infection,noun,B2,single,The process of infecting or the state of being infected,,oxford3000,infections,plural
influence,noun,B1,single,"The capacity to have an effect on the character, development, or behavior of someone or something, or the effect itself",,oxford3000,influence,base
influence,noun,B1,single,"The capacity to have an effect on the character, development, or behavior of someone or something, or the effect itself",,oxford3000,influences,plural
influence,verb,B1,single,have and exert influence or effect,,oxford3000,influence,base
influence,verb,B1,single,have and exert influence or effect,,oxford3000,influences,third_person
influence,verb,B1,single,have and exert influence or effect,,oxford3000,influenced,past
influence,verb,B1,single,have and exert influence or effect,,oxford3000,influencing,gerund
inform,verb,B2,single,Give (someone) facts or information; tell,,oxford3000,inform,base
inform,verb,B2,single,Give (someone) facts or information; tell,,oxford3000,informs,third_person
inform,verb,B2,single,Give (someone) facts or information; tell,,oxford3000,informed,past
inform,verb,B2,single,Give (someone) facts or information; tell,,oxford3000,informing,gerund
informal,adj,A2,single,"Having a relaxed, friendly, or unofficial style, manner, or nature",,oxford3000,informal,base
information,noun,A1,single,Facts provided or learned about something or someone,,oxford3000,information,base
information,noun,A1,single,Facts provided or learned about something or someone,,oxford3000,informations,plural
ingredient,noun,B1,single,Any of the foods or substances that are combined to make a particular dish,,oxford3000,ingredient,base
ingredient,noun,B1,single,Any of the foods or substances that are combined to make a particular dish,,oxford3000,ingredients,plural
initial,adj,B2,single,Existing or occurring at the beginning,,oxford3000,initial,base
initially,adv,B2,single,At first,,oxford3000,initially,base
initiative,noun,B2,single,The ability to assess and initiate things independently,,oxford3000,initiative,base
initiative,noun,B2,single,The ability to assess and initiate things independently,,oxford3000,initiatives,plural
injure,verb,B1,single,Do physical harm or damage to (someone),,oxford3000,injure,base
injure,verb,B1,single,Do physical harm or damage to (someone),,oxford3000,injures,third_person
injure,verb,B1,single,Do physical harm or damage to (someone),,oxford3000,injured,past
injure,verb,B1,single,Do physical harm or damage to (someone),,oxford3000,injuring,gerund
injured,adj,B1,single,"Harmed, damaged, or impaired",,oxford3000,injured,base
injury,noun,A2,single,An instance of being injured,,oxford3000,injury,base
injury,noun,A2,single,An instance of being injured,,oxford3000,injuries,plural
inner,adj,B2,single,Situated inside or further in; internal,,oxford3000,inner,base
innocent,adj,B1,single,Not guilty of a crime or offense,,oxford3000,innocent,base
insect,noun,A2,single,A small arthropod animal that has six legs and generally one or two pairs of wings,,oxford3000,insect,base
insect,noun,A2,single,A small arthropod animal that has six legs and generally one or two pairs of wings,,oxford3000,insects,plural
inside,adj,A2,single,Situated or occurring within; interior,,oxford3000,inside,base
inside,adv,A2,single,within a building,,oxford3000,inside,base
inside,noun,A2,single,the region that is inside of something,,oxford3000,inside,base
inside,noun,A2,single,the region that is inside of something,,oxford3000,insides,plural
inside,prep,A2,single,Situated or occurring within; interior,,oxford3000,inside,base
insight,noun,B2,single,clear or deep perception of a situation,,oxford3000,insight,base
insight,noun,B2,single,clear or deep perception of a situation,,oxford3000,insights,plural
insist,verb,B2,single,"Demand something forcefully, not accepting refusal",,oxford3000,insist,base
insist,verb,B2,single,"Demand something forcefully, not accepting refusal",,oxford3000,insists,third_person
insist,verb,B2,single,"Demand something forcefully, not accepting refusal",,oxford3000,insisted,past
insist,verb,B2,single,"Demand something forcefully, not accepting refusal",,oxford3000,insisting,gerund
inspire,verb,B2,single,heighten or intensify,,oxford3000,inspire,base
inspire,verb,B2,single,heighten or intensify,,oxford3000,inspires,third_person
inspire,verb,B2,single,heighten or intensify,,oxford3000,inspired,past
inspire,verb,B2,single,heighten or intensify,,oxford3000,inspiring,gerund
install,verb,B2,single,Place or fix (equipment or machinery) in position ready for use,,oxford3000,install,base
install,verb,B2,single,Place or fix (equipment or machinery) in position ready for use,,oxford3000,installs,third_person
install,verb,B2,single,Place or fix (equipment or machinery) in position ready for use,,oxford3000,instals,third_person
install,verb,B2,single,Place or fix (equipment or machinery) in position ready for use,,oxford3000,installed,past
install,verb,B2,single,Place or fix (equipment or machinery) in position ready for use,,oxford3000,installing,gerund
instance,noun,B2,single,An example or single occurrence of something,,oxford3000,instance,base
instance,noun,B2,single,An example or single occurrence of something,,oxford3000,instances,plural
instead,adv,A2,single,As an alternative or substitute,,oxford3000,instead,base
institute,noun,B2,single,"A society or organization having a particular object or common factor, especially a scientific, educational, or social one",,oxford3000,institute,base
institute,noun,B2,single,"A society or organization having a particular object or common factor, especially a scientific, educational, or social one",,oxford3000,institutes,plural
institution,noun,B2,single,"An organization founded for a religious, educational, professional, or social purpose",,oxford3000,institution,base
institution,noun,B2,single,"An organization founded for a religious, educational, professional, or social purpose",,oxford3000,institutions,plural
instruction,noun,A2,single,A direction or order,,oxford3000,instruction,base
instruction,noun,A2,single,A direction or order,,oxford3000,instructions,plural
instructor,noun,A2,single,a person whose occupation is teaching,,oxford3000,instructor,base
instructor,noun,A2,single,a person whose occupation is teaching,,oxford3000,instructors,plural
instrument,noun,A2,single,"A tool or implement, especially one for precision work",,oxford3000,instrument,base
instrument,noun,A2,single,"A tool or implement, especially one for precision work",,oxford3000,instruments,plural
insurance,noun,B2,single,"A practice or arrangement by which a company or government agency provides a guarantee of compensation for specified loss, damage, illness, or death in return for payment of a premium",,oxford3000,insurance,base
insurance,noun,B2,single,"A practice or arrangement by which a company or government agency provides a guarantee of compensation for specified loss, damage, illness, or death in return for payment of a premium",,oxford3000,insurances,plural
intelligence,noun,B1,single,The ability to acquire and apply knowledge and skills,,oxford3000,intelligence,base
intelligent,adj,A2,single,"Having or showing intelligence, especially of a high level",,oxford3000,intelligent,base
intend,verb,B1,single,Have (a course of action) as one's purpose or objective; plan,,oxford3000,intend,base
intend,verb,B1,single,Have (a course of action) as one's purpose or objective; plan,,oxford3000,intends,third_person
intend,verb,B1,single,Have (a course of action) as one's purpose or objective; plan,,oxford3000,intended,past
intend,verb,B1,single,Have (a course of action) as one's purpose or objective; plan,,oxford3000,intending,gerund
intended,adj,B2,single,Planned or meant,,oxford3000,intended,base
intense,adj,B2,single,possessing or displaying a distinctive feature to a heightened degree,,oxford3000,intense,base
intense,adj,B2,single,possessing or displaying a distinctive feature to a heightened degree,,oxford3000,intenser,comparative
intense,adj,B2,single,possessing or displaying a distinctive feature to a heightened degree,,oxford3000,intensest,superlative
intention,noun,B1,single,A thing intended; an aim or plan,,oxford3000,intention,base
intention,noun,B1,single,A thing intended; an aim or plan,,oxford3000,intentions,plural
interest,noun,A1,single,The feeling of wanting to know or learn about something or someone,,oxford3000,interest,base
interest,noun,A1,single,The feeling of wanting to know or learn about something or someone,,oxford3000,interests,plural
interest,verb,A1,single,excite the curiosity of; engage the interest of,,oxford3000,interest,base
interest,verb,A1,single,excite the curiosity of; engage the interest of,,oxford3000,interests,third_person
interest,verb,A1,single,excite the curiosity of; engage the interest of,,oxford3000,interested,past
interest,verb,A1,single,excite the curiosity of; engage the interest of,,oxford3000,interesting,gerund
interested,adj,A1,single,Showing curiosity or concern about something or someone; having a feeling of interest,,oxford3000,interested,base
interesting,adj,A1,single,Arousing curiosity or interest; holding or catching the attention,,oxford3000,interesting,base
internal,adj,B2,single,Of or situated on the inside,,oxford3000,internal,base
international,adj,A2,single,"Existing, occurring, or carried on between two or more nations",,oxford3000,international,base
internet,noun,A1,single,A global computer network providing a variety of information and communication facilities,,oxford3000,internet,base
internet,noun,A1,single,A global computer network providing a variety of information and communication facilities,,oxford3000,internets,plural
interpret,verb,B2,single,"Explain the meaning of (information, words, or actions)",,oxford3000,interpret,base
interpret,verb,B2,single,"Explain the meaning of (information, words, or actions)",,oxford3000,interprets,third_person
interpret,verb,B2,single,"Explain the meaning of (information, words, or actions)",,oxford3000,interpreted,past
interpret,verb,B2,single,"Explain the meaning of (information, words, or actions)",,oxford3000,interpreting,gerund
interrupt,verb,B2,single,Stop the continuous progress of (an activity or process),,oxford3000,interrupt,base
interrupt,verb,B2,single,Stop the continuous progress of (an activity or process),,oxford3000,interrupts,third_person
interrupt,verb,B2,single,Stop the continuous progress of (an activity or process),,oxford3000,interrupted,past
interrupt,verb,B2,single,Stop the continuous progress of (an activity or process),,oxford3000,interrupting,gerund
interview,noun,A1,single,"A meeting of people face to face, especially for consultation",,oxford3000,interview,base
interview,noun,A1,single,"A meeting of people face to face, especially for consultation",,oxford3000,interviews,plural
interview,verb,A1,single,"conduct an interview in television, newspaper, and radio reporting",,oxford3000,interview,base
interview,verb,A1,single,"conduct an interview in television, newspaper, and radio reporting",,oxford3000,interviews,third_person
interview,verb,A1,single,"conduct an interview in television, newspaper, and radio reporting",,oxford3000,interviewed,past
interview,verb,A1,single,"conduct an interview in television, newspaper, and radio reporting",,oxford3000,interviewing,gerund
into,prep,A1,single,Expressing movement or action with the result that someone or something becomes enclosed or surrounded by something else,,oxford3000,into,base
introduce,verb,A1,single,"Bring (something, especially a product, measure, or concept) into use or operation for the first time",,oxford3000,introduce,base
introduce,verb,A1,single,"Bring (something, especially a product, measure, or concept) into use or operation for the first time",,oxford3000,introduces,third_person
introduce,verb,A1,single,"Bring (something, especially a product, measure, or concept) into use or operation for the first time",,oxford3000,introduced,past
introduce,verb,A1,single,"Bring (something, especially a product, measure, or concept) into use or operation for the first time",,oxford3000,introducing,gerund
introduction,noun,A2,single,The action of introducing something,,oxford3000,introduction,base
introduction,noun,A2,single,The action of introducing something,,oxford3000,introductions,plural
invent,verb,A2,single,Create or design (something that has not existed before); be the originator of,,oxford3000,invent,base
invent,verb,A2,single,Create or design (something that has not existed before); be the originator of,,oxford3000,invents,third_person
invent,verb,A2,single,Create or design (something that has not existed before); be the originator of,,oxford3000,invented,past
invent,verb,A2,single,Create or design (something that has not existed before); be the originator of,,oxford3000,inventing,gerund
invention,noun,A2,single,"The action of inventing something, typically a process or device",,oxford3000,invention,base
invention,noun,A2,single,"The action of inventing something, typically a process or device",,oxford3000,inventions,plural
invest,verb,B1,single,"Expend money with the expectation of achieving a profit or material result by putting it into financial schemes, shares, or property, or by using it to develop a commercial venture",,oxford3000,invest,base
invest,verb,B1,single,"Expend money with the expectation of achieving a profit or material result by putting it into financial schemes, shares, or property, or by using it to develop a commercial venture",,oxford3000,invests,third_person
invest,verb,B1,single,"Expend money with the expectation of achieving a profit or material result by putting it into financial schemes, shares, or property, or by using it to develop a commercial venture",,oxford3000,invested,past
invest,verb,B1,single,"Expend money with the expectation of achieving a profit or material result by putting it into financial schemes, shares, or property, or by using it to develop a commercial venture",,oxford3000,investing,gerund
investigate,verb,B1,single,"Carry out a systematic or formal inquiry to discover and examine the facts of (an incident, allegation, etc.) so as to establish the truth",,oxford3000,investigate,base
investigate,verb,B1,single,"Carry out a systematic or formal inquiry to discover and examine the facts of (an incident, allegation, etc.) so as to establish the truth",,oxford3000,investigates,third_person
investigate,verb,B1,single,"Carry out a systematic or formal inquiry to discover and examine the facts of (an incident, allegation, etc.) so as to establish the truth",,oxford3000,investigated,past
investigate,verb,B1,single,"Carry out a systematic or formal inquiry to discover and examine the facts of (an incident, allegation, etc.) so as to establish the truth",,oxford3000,investigating,gerund
investigation,noun,B2,single,an inquiry into unfamiliar or questionable activities,,oxford3000,investigation,base
investigation,noun,B2,single,an inquiry into unfamiliar or questionable activities,,oxford3000,investigations,plural
investment,noun,B2,single,The action or process of investing money for profit,,oxford3000,investment,base
investment,noun,B2,single,The action or process of investing money for profit,,oxford3000,investments,plural
invitation,noun,A2,single,a request (spoken or written) to participate or be present or take part in something,,oxford3000,invitation,base
invitation,noun,A2,single,a request (spoken or written) to participate or be present or take part in something,,oxford3000,invitations,plural
invite,verb,A2,single,"Make a polite, formal, or friendly request to (someone) to go somewhere or to do something",,oxford3000,invite,base
invite,verb,A2,single,"Make a polite, formal, or friendly request to (someone) to go somewhere or to do something",,oxford3000,invites,third_person
invite,verb,A2,single,"Make a polite, formal, or friendly request to (someone) to go somewhere or to do something",,oxford3000,invited,past
invite,verb,A2,single,"Make a polite, formal, or friendly request to (someone) to go somewhere or to do something",,oxford3000,inviting,gerund
involve,verb,A2,single,Include (something) as a necessary part or result,,oxford3000,involve,base
involve,verb,A2,single,Include (something) as a necessary part or result,,oxford3000,involves,third_person
involve,verb,A2,single,Include (something) as a necessary part or result,,oxford3000,involved,past
involve,verb,A2,single,Include (something) as a necessary part or result,,oxford3000,involving,gerund
involved,adj,B1,single,Difficult to comprehend; complicated,,oxford3000,involved,base
iron,noun,B1,single,"A strong, hard magnetic silvery-gray metal, the chemical element of atomic number 26",,oxford3000,iron,base
iron,noun,B1,single,"A strong, hard magnetic silvery-gray metal, the chemical element of atomic number 26",,oxford3000,irons,plural
iron,verb,B1,single,press and smooth with a heated iron,,oxford3000,iron,base
iron,verb,B1,single,press and smooth with a heated iron,,oxford3000,irons,third_person
iron,verb,B1,single,press and smooth with a heated iron,,oxford3000,ironed,past
iron,verb,B1,single,press and smooth with a heated iron,,oxford3000,ironing,gerund
island,noun,A1,single,A piece of land surrounded by water,,oxford3000,island,base
island,noun,A1,single,A piece of land surrounded by water,,oxford3000,islands,plural
issue,noun,B1,single,An important topic or problem for debate or discussion,,oxford3000,issue,base
issue,noun,B1,single,An important topic or problem for debate or discussion,,oxford3000,issues,plural
issue,verb,B2,single,prepare and issue for public distribution or sale,,oxford3000,issue,base
issue,verb,B2,single,prepare and issue for public distribution or sale,,oxford3000,issues,third_person
issue,verb,B2,single,prepare and issue for public distribution or sale,,oxford3000,issued,past
issue,verb,B2,single,prepare and issue for public distribution or sale,,oxford3000,issuing,gerund
it,noun,B1,single,the branch of engineering that deals with the use of computers and telecommunications to retrieve and store and transmit information,,oxford3000,it,base
it,pron,A1,single,Used to refer to a thing previously mentioned or easily identified,,oxford3000,it,base
item,noun,A2,single,"An individual article or unit, especially one that is part of a list, collection, or set",,oxford3000,item,base
item,noun,A2,single,"An individual article or unit, especially one that is part of a list, collection, or set",,oxford3000,items,plural
its,det,A1,single,,,oxford3000,its,base
itself,pron,A2,single,Used to emphasize a particular thing or animal mentioned,,oxford3000,itself,base
jacket,noun,A1,single,A short coat,,oxford3000,jacket,base
jacket,noun,A1,single,A short coat,,oxford3000,jackets,plural
jam,noun,A2,single,A sweet spread or preserve made from fruit and sugar boiled to a thick consistency,,oxford3000,jam,base
jam,noun,A2,single,A sweet spread or preserve made from fruit and sugar boiled to a thick consistency,,oxford3000,jams,plural
january,noun,A1,single,"The first month of the year, in the northern hemisphere usually considered the second month of winter",,oxford3000,january,base
jazz,noun,A2,single,empty rhetoric or insincere or exaggerated talk,,oxford3000,jazz,base
jeans,noun,A1,single,Hard-wearing trousers made of denim or other cotton fabric,,oxford3000,jeans,base
jewellery,noun,A2,single,an adornment (as a bracelet or ring or necklace) made of precious metals and set with gems (or imitation gems),,oxford3000,jewellery,base
job,noun,A1,single,A paid position of regular employment,,oxford3000,job,base
job,noun,A1,single,A paid position of regular employment,,oxford3000,jobs,plural
join,verb,A1,single,Link or connect (something) together,,oxford3000,join,base
join,verb,A1,single,Link or connect (something) together,,oxford3000,joins,third_person
join,verb,A1,single,Link or connect (something) together,,oxford3000,joined,past
join,verb,A1,single,Link or connect (something) together,,oxford3000,joining,gerund
joke,noun,A2,single,"A thing that someone says to cause amusement or laughter, especially a story with a funny punchline",,oxford3000,joke,base
joke,noun,A2,single,"A thing that someone says to cause amusement or laughter, especially a story with a funny punchline",,oxford3000,jokes,plural
joke,verb,A2,single,tell a joke; speak humorously,,oxford3000,joke,base
joke,verb,A2,single,tell a joke; speak humorously,,oxford3000,jokes,third_person
joke,verb,A2,single,tell a joke; speak humorously,,oxford3000,joked,past
joke,verb,A2,single,tell a joke; speak humorously,,oxford3000,joking,gerund
journal,noun,B1,single,a daily written record of (usually personal) experiences and observations,,oxford3000,journal,base
journal,noun,B1,single,a daily written record of (usually personal) experiences and observations,,oxford3000,journals,plural
journalist,noun,A2,single,"A person who writes for newspapers, magazines, or news websites or prepares news to be broadcast",,oxford3000,journalist,base
journalist,noun,A2,single,"A person who writes for newspapers, magazines, or news websites or prepares news to be broadcast",,oxford3000,journalists,plural
journey,noun,A1,single,An act of traveling from one place to another,,oxford3000,journey,base
journey,noun,A1,single,An act of traveling from one place to another,,oxford3000,journeys,plural
joy,noun,B2,single,A feeling of great pleasure and happiness,,oxford3000,joy,base
joy,noun,B2,single,A feeling of great pleasure and happiness,,oxford3000,joys,plural
judge,noun,B1,single,A public official appointed to decide cases in a court of law,,oxford3000,judge,base
judge,noun,B1,single,A public official appointed to decide cases in a court of law,,oxford3000,judges,plural
judge,verb,B1,single,determine the result of (a competition),,oxford3000,judge,base
judge,verb,B1,single,determine the result of (a competition),,oxford3000,judges,third_person
judge,verb,B1,single,determine the result of (a competition),,oxford3000,judged,past
judge,verb,B1,single,determine the result of (a competition),,oxford3000,judging,gerund
judgement,noun,B2,single,The ability to make considered decisions or come to sensible conclusions,,oxford3000,judgement,base
judgement,noun,B2,single,The ability to make considered decisions or come to sensible conclusions,,oxford3000,judgements,plural
juice,noun,A1,single,The liquid obtained from or present in fruit or vegetables,,oxford3000,juice,base
juice,noun,A1,single,The liquid obtained from or present in fruit or vegetables,,oxford3000,juices,plural
july,noun,A1,single,"The seventh month of the year, in the northern hemisphere usually considered the second month of summer",,oxford3000,july,base
jump,noun,A2,single,a sudden and decisive increase,,oxford3000,jump,base
jump,noun,A2,single,a sudden and decisive increase,,oxford3000,jumps,plural
jump,verb,A2,single,Push oneself off a surface and into the air by using the muscles in one's legs and feet,,oxford3000,jump,base
jump,verb,A2,single,Push oneself off a surface and into the air by using the muscles in one's legs and feet,,oxford3000,jumps,third_person
jump,verb,A2,single,Push oneself off a surface and into the air by using the muscles in one's legs and feet,,oxford3000,jumped,past
jump,verb,A2,single,Push oneself off a surface and into the air by using the muscles in one's legs and feet,,oxford3000,jumping,gerund
june,noun,A1,single,"The sixth month of the year, in the northern hemisphere usually considered the first month of summer",,oxford3000,june,base
junior,adj,B2,single,"Of, for, or denoting young or younger people",,oxford3000,junior,base
just,adv,A1,single,and nothing more,,oxford3000,just,base
justice,noun,B2,single,Just behavior or treatment,,oxford3000,justice,base
justice,noun,B2,single,Just behavior or treatment,,oxford3000,justices,plural
justify,verb,B2,single,Show or prove to be right or reasonable,,oxford3000,justify,base
justify,verb,B2,single,Show or prove to be right or reasonable,,oxford3000,justifies,third_person
justify,verb,B2,single,Show or prove to be right or reasonable,,oxford3000,justified,past
justify,verb,B2,single,Show or prove to be right or reasonable,,oxford3000,justifying,gerund
keen,adj,B1,single,Having or showing eagerness or enthusiasm,,oxford3000,keen,base
keen,adj,B1,single,Having or showing eagerness or enthusiasm,,oxford3000,keener,comparative
keen,adj,B1,single,Having or showing eagerness or enthusiasm,,oxford3000,keenest,superlative
keep,verb,A1,single,Have or retain possession of,,oxford3000,keep,base
keep,verb,A1,single,Have or retain possession of,,oxford3000,keeps,third_person
keep,verb,A1,single,Have or retain possession of,,oxford3000,kept,past
keep,verb,A1,single,Have or retain possession of,,oxford3000,keeping,gerund
key,adj,A1,single,serving as an essential component,,oxford3000,key,base
key,noun,A1,single,A small piece of shaped metal with incisions cut to fit the wards of a particular lock and operate it,,oxford3000,key,base
key,noun,A1,single,A small piece of shaped metal with incisions cut to fit the wards of a particular lock and operate it,,oxford3000,keys,plural
key,verb,B1,single,"identify as in botany or biology, for example",,oxford3000,key,base
key,verb,B1,single,"identify as in botany or biology, for example",,oxford3000,keys,third_person
key,verb,B1,single,"identify as in botany or biology, for example",,oxford3000,keyed,past
key,verb,B1,single,"identify as in botany or biology, for example",,oxford3000,keying,gerund
keyboard,noun,B1,single,A panel of keys that operate a computer or typewriter,,oxford3000,keyboard,base
keyboard,noun,B1,single,A panel of keys that operate a computer or typewriter,,oxford3000,keyboards,plural
kick,noun,B1,single,the act of delivering a blow with the foot,,oxford3000,kick,base
kick,noun,B1,single,the act of delivering a blow with the foot,,oxford3000,kicks,plural
kick,verb,B1,single,Strike or propel forcibly with the foot,,oxford3000,kick,base
kick,verb,B1,single,Strike or propel forcibly with the foot,,oxford3000,kicks,third_person
kick,verb,B1,single,Strike or propel forcibly with the foot,,oxford3000,kicked,past
kick,verb,B1,single,Strike or propel forcibly with the foot,,oxford3000,kicking,gerund
kid,noun,A2,single,A child or young person,,oxford3000,kid,base
kid,noun,A2,single,A child or young person,,oxford3000,kids,plural
kill,verb,A2,single,"Cause the death of (a person, animal, or other living thing)",,oxford3000,kill,base
kill,verb,A2,single,"Cause the death of (a person, animal, or other living thing)",,oxford3000,kills,third_person
kill,verb,A2,single,"Cause the death of (a person, animal, or other living thing)",,oxford3000,killed,past
kill,verb,A2,single,"Cause the death of (a person, animal, or other living thing)",,oxford3000,killing,gerund
killing,noun,B1,single,an event that causes someone to die,,oxford3000,killing,base
killing,noun,B1,single,an event that causes someone to die,,oxford3000,killings,plural
kilometre,noun,A1,single,a metric unit of length equal to 1000 meters (or 0.621371 miles),,oxford3000,kilometre,base
kilometre,noun,A1,single,a metric unit of length equal to 1000 meters (or 0.621371 miles),,oxford3000,kilometres,plural
kind,adj,B1,single,having or showing a tender and considerate and helpful nature; used especially of persons and their behavior,,oxford3000,kind,base
kind,adj,B1,single,having or showing a tender and considerate and helpful nature; used especially of persons and their behavior,,oxford3000,kinder,comparative
kind,adj,B1,single,having or showing a tender and considerate and helpful nature; used especially of persons and their behavior,,oxford3000,kindest,superlative
kind,noun,A1,single,A group of people or things having similar characteristics,,oxford3000,kind,base
kind,noun,A1,single,A group of people or things having similar characteristics,,oxford3000,kinds,plural
king,noun,A2,single,"The male ruler of an independent state, especially one who inherits the position by right of birth",,oxford3000,king,base
king,noun,A2,single,"The male ruler of an independent state, especially one who inherits the position by right of birth",,oxford3000,kings,plural
kiss,noun,B1,single,the act of caressing with the lips (or an instance thereof),,oxford3000,kiss,base
kiss,noun,B1,single,the act of caressing with the lips (or an instance thereof),,oxford3000,kisses,plural
kiss,verb,B1,single,"Touch with the lips as a sign of love, sexual desire, reverence, or greeting",,oxford3000,kiss,base
kiss,verb,B1,single,"Touch with the lips as a sign of love, sexual desire, reverence, or greeting",,oxford3000,kisses,third_person
kiss,verb,B1,single,"Touch with the lips as a sign of love, sexual desire, reverence, or greeting",,oxford3000,kissed,past
kiss,verb,B1,single,"Touch with the lips as a sign of love, sexual desire, reverence, or greeting",,oxford3000,kissing,gerund
kitchen,noun,A1,single,A room or area where food is prepared and cooked,,oxford3000,kitchen,base
kitchen,noun,A1,single,A room or area where food is prepared and cooked,,oxford3000,kitchens,plural
knee,noun,A2,single,The joint between the thigh and the lower leg,,oxford3000,knee,base
knee,noun,A2,single,The joint between the thigh and the lower leg,,oxford3000,knees,plural
knife,noun,A2,single,"An instrument composed of a blade fixed into a handle, used for cutting or as a weapon",,oxford3000,knife,base
knife,noun,A2,single,"An instrument composed of a blade fixed into a handle, used for cutting or as a weapon",,oxford3000,knives,plural
knock,noun,B1,single,the sound of knocking (as on a door or in an engine or bearing),,oxford3000,knock,base
knock,noun,B1,single,the sound of knocking (as on a door or in an engine or bearing),,oxford3000,knocks,plural
knock,verb,A2,single,"Strike a surface noisily to attract attention, especially when waiting to be let in through a door",,oxford3000,knock,base
knock,verb,A2,single,"Strike a surface noisily to attract attention, especially when waiting to be let in through a door",,oxford3000,knocks,third_person
knock,verb,A2,single,"Strike a surface noisily to attract attention, especially when waiting to be let in through a door",,oxford3000,knocked,past
knock,verb,A2,single,"Strike a surface noisily to attract attention, especially when waiting to be let in through a door",,oxford3000,knocking,gerund
know,verb,A1,single,"Be aware of through observation, inquiry, or information",,oxford3000,know,base
know,verb,A1,single,"Be aware of through observation, inquiry, or information",,oxford3000,knows,third_person
know,verb,A1,single,"Be aware of through observation, inquiry, or information",,oxford3000,knew,past
know,verb,A1,single,"Be aware of through observation, inquiry, or information",,oxford3000,known,past_participle
know,verb,A1,single,"Be aware of through observation, inquiry, or information",,oxford3000,knowing,gerund
knowledge,noun,A2,single,"Facts, information, and skills acquired through experience or education; the theoretical or practical understanding of a subject",,oxford3000,knowledge,base
knowledge,noun,A2,single,"Facts, information, and skills acquired through experience or education; the theoretical or practical understanding of a subject",,oxford3000,knowledges,plural
lab,noun,A2,single,a workplace for the conduct of scientific research,,oxford3000,lab,base
label,noun,B1,single,"A small piece of paper, fabric, plastic, or similar material attached to an object and giving information about it",,oxford3000,label,base
label,noun,B1,single,"A small piece of paper, fabric, plastic, or similar material attached to an object and giving information about it",,oxford3000,labels,plural
label,verb,B1,single,assign a label to; designate with a label,,oxford3000,label,base
label,verb,B1,single,assign a label to; designate with a label,,oxford3000,labels,third_person
label,verb,B1,single,assign a label to; designate with a label,,oxford3000,labeled,past
label,verb,B1,single,assign a label to; designate with a label,,oxford3000,labelled,past
label,verb,B1,single,assign a label to; designate with a label,,oxford3000,labeling,gerund
label,verb,B1,single,assign a label to; designate with a label,,oxford3000,labelling,gerund
laboratory,noun,B1,single,"A room or building equipped for scientific experiments, research, or teaching, or for the manufacture of drugs or chemicals",,oxford3000,laboratory,base
laboratory,noun,B1,single,"A room or building equipped for scientific experiments, research, or teaching, or for the manufacture of drugs or chemicals",,oxford3000,laboratories,plural
labour,noun,B2,single,a social class comprising those who do manual labor or work for wages,,oxford3000,labour,base
labour,noun,B2,single,a social class comprising those who do manual labor or work for wages,,oxford3000,labours,plural
lack,noun,B1,single,The state of being without or not having enough of something,,oxford3000,lack,base
lack,verb,B1,single,be without,,oxford3000,lack,base
lack,verb,B1,single,be without,,oxford3000,lacks,third_person
lack,verb,B1,single,be without,,oxford3000,lacked,past
lack,verb,B1,single,be without,,oxford3000,lacking,gerund
lady,noun,A2,single,A woman (used as a polite or old-fashioned form of reference),,oxford3000,lady,base
lady,noun,A2,single,A woman (used as a polite or old-fashioned form of reference),,oxford3000,ladies,plural
lake,noun,A2,single,A large body of water surrounded by land,,oxford3000,lake,base
lake,noun,A2,single,A large body of water surrounded by land,,oxford3000,lakes,plural
lamp,noun,A2,single,"A device for giving light, either one consisting of an electric bulb together with its holder and shade or cover",,oxford3000,lamp,base
lamp,noun,A2,single,"A device for giving light, either one consisting of an electric bulb together with its holder and shade or cover",,oxford3000,lamps,plural
land,noun,A1,single,"The part of the earth's surface that is not covered by water, as opposed to the sea or the air",,oxford3000,land,base
land,noun,A1,single,"The part of the earth's surface that is not covered by water, as opposed to the sea or the air",,oxford3000,lands,plural
land,verb,A2,single,reach or come to rest,,oxford3000,land,base
land,verb,A2,single,reach or come to rest,,oxford3000,lands,third_person
land,verb,A2,single,reach or come to rest,,oxford3000,landed,past
land,verb,A2,single,reach or come to rest,,oxford3000,landing,gerund
landscape,noun,B2,single,"All the visible features of an area of countryside or land, often considered in terms of their aesthetic appeal",,oxford3000,landscape,base
landscape,noun,B2,single,"All the visible features of an area of countryside or land, often considered in terms of their aesthetic appeal",,oxford3000,landscapes,plural
language,noun,A1,single,"The method of human communication, either spoken or written, consisting of the use of words in a structured and conventional way",,oxford3000,language,base
language,noun,A1,single,"The method of human communication, either spoken or written, consisting of the use of words in a structured and conventional way",,oxford3000,languages,plural
laptop,noun,A2,single,a portable computer small enough to use in your lap,,oxford3000,laptop,base
laptop,noun,A2,single,a portable computer small enough to use in your lap,,oxford3000,laptops,plural
large,adj,A1,single,"Of considerable or relatively great size, extent, or capacity",,oxford3000,large,base
large,adj,A1,single,"Of considerable or relatively great size, extent, or capacity",,oxford3000,larger,comparative
large,adj,A1,single,"Of considerable or relatively great size, extent, or capacity",,oxford3000,largest,superlative
largely,adv,B2,single,To a great extent; mostly,,oxford3000,largely,base
last,adv,A1,single,most_recently,,oxford3000,last,base
last,det,A1,single,Coming after all others in time or order; final,,oxford3000,last,base
last,noun,A2,single,the temporal end; the concluding time,,oxford3000,last,base
last,noun,A2,single,the temporal end; the concluding time,,oxford3000,lasts,plural
last,verb,A2,single,persist for a specified period of time,,oxford3000,last,base
last,verb,A2,single,persist for a specified period of time,,oxford3000,lasts,third_person
last,verb,A2,single,persist for a specified period of time,,oxford3000,lasted,past
last,verb,A2,single,persist for a specified period of time,,oxford3000,lasting,gerund
late,adj,A1,single,"Doing something or taking place after the expected, proper, or usual time",,oxford3000,late,base
late,adj,A1,single,"Doing something or taking place after the expected, proper, or usual time",,oxford3000,later,comparative
late,adj,A1,single,"Doing something or taking place after the expected, proper, or usual time",,oxford3000,latest,superlative
late,adv,A1,single,later than usual or than expected,,oxford3000,late,base
later,adj,A2,single,coming at a subsequent time or stage,,oxford3000,later,base
later,adv,A1,single,At a time subsequent to a reference time,,oxford3000,later,base
latest,adj,B1,single,The most recent or current,,oxford3000,latest,base
latest,noun,B2,single,the most recent news or development,,oxford3000,latest,base
laugh,noun,A1,single,the sound of laughing,,oxford3000,laugh,base
laugh,noun,A1,single,the sound of laughing,,oxford3000,laughs,plural
laugh,verb,A1,single,Make the spontaneous sounds and movements of the face and body that are the instinctive expressions of lively amusement and sometimes also of contempt or derision,,oxford3000,laugh,base
laugh,verb,A1,single,Make the spontaneous sounds and movements of the face and body that are the instinctive expressions of lively amusement and sometimes also of contempt or derision,,oxford3000,laughs,third_person
laugh,verb,A1,single,Make the spontaneous sounds and movements of the face and body that are the instinctive expressions of lively amusement and sometimes also of contempt or derision,,oxford3000,laughed,past
laugh,verb,A1,single,Make the spontaneous sounds and movements of the face and body that are the instinctive expressions of lively amusement and sometimes also of contempt or derision,,oxford3000,laughing,gerund
laughter,noun,A2,single,the sound of laughing,,oxford3000,laughter,base
laughter,noun,A2,single,the sound of laughing,,oxford3000,laughters,plural
launch,noun,B2,single,a motorboat with an open deck or a half deck,,oxford3000,launch,base
launch,noun,B2,single,a motorboat with an open deck or a half deck,,oxford3000,launches,plural
launch,verb,B2,single,Set (a boat) in motion by pushing it or allowing it to roll into the water,,oxford3000,launch,base
launch,verb,B2,single,Set (a boat) in motion by pushing it or allowing it to roll into the water,,oxford3000,launches,third_person
launch,verb,B2,single,Set (a boat) in motion by pushing it or allowing it to roll into the water,,oxford3000,launched,past
launch,verb,B2,single,Set (a boat) in motion by pushing it or allowing it to roll into the water,,oxford3000,launching,gerund
law,noun,A2,single,The system of rules which a particular country or community recognizes as regulating the actions of its members and which it may enforce by the imposition of penalties,,oxford3000,law,base
law,noun,A2,single,The system of rules which a particular country or community recognizes as regulating the actions of its members and which it may enforce by the imposition of penalties,,oxford3000,laws,plural
lawyer,noun,A2,single,A person who practices or studies law; an attorney or a counselor,,oxford3000,lawyer,base
lawyer,noun,A2,single,A person who practices or studies law; an attorney or a counselor,,oxford3000,lawyers,plural
lay,verb,B1,single,"Put down, especially gently or carefully",,oxford3000,lay,base
lay,verb,B1,single,"Put down, especially gently or carefully",,oxford3000,lays,third_person
lay,verb,B1,single,"Put down, especially gently or carefully",,oxford3000,laid,past
lay,verb,B1,single,"Put down, especially gently or carefully",,oxford3000,laying,gerund
layer,noun,B1,single,"A sheet, quantity, or thickness of material, typically one of several, covering a surface or body",,oxford3000,layer,base
layer,noun,B1,single,"A sheet, quantity, or thickness of material, typically one of several, covering a surface or body",,oxford3000,layers,plural
lazy,adj,A2,single,Unwilling to work or use energy,,oxford3000,lazy,base
lazy,adj,A2,single,Unwilling to work or use energy,,oxford3000,lazier,comparative
lazy,adj,A2,single,Unwilling to work or use energy,,oxford3000,laziest,superlative
lead,noun,B1,single,an advantage held by a competitor in a race,,oxford3000,lead,base
lead,noun,B1,single,an advantage held by a competitor in a race,,oxford3000,leads,plural
lead,verb,A2,single,"Cause (a person or animal) to go with one by holding them by the hand, a halter, a rope, etc. while moving forward",,oxford3000,lead,base
lead,verb,A2,single,"Cause (a person or animal) to go with one by holding them by the hand, a halter, a rope, etc. while moving forward",,oxford3000,leads,third_person
lead,verb,A2,single,"Cause (a person or animal) to go with one by holding them by the hand, a halter, a rope, etc. while moving forward",,oxford3000,led,past
lead,verb,A2,single,"Cause (a person or animal) to go with one by holding them by the hand, a halter, a rope, etc. while moving forward",,oxford3000,leading,gerund
leader,noun,A2,single,"The person who leads or commands a group, organization, or country",,oxford3000,leader,base
leader,noun,A2,single,"The person who leads or commands a group, organization, or country",,oxford3000,leaders,plural
leadership,noun,B2,single,the activity of leading,,oxford3000,leadership,base
leadership,noun,B2,single,the activity of leading,,oxford3000,leaderships,plural
leading,adj,B1,single,Most important,,oxford3000,leading,base
leaf,noun,B1,single,"A flattened structure of a higher plant, typically green and bladelike, that is attached to a stem directly or via a stalk",,oxford3000,leaf,base
leaf,noun,B1,single,"A flattened structure of a higher plant, typically green and bladelike, that is attached to a stem directly or via a stalk",,oxford3000,leaves,plural
leaf,noun,B1,single,"A flattened structure of a higher plant, typically green and bladelike, that is attached to a stem directly or via a stalk",,oxford3000,leafs,plural
league,noun,B2,single,"A collection of people, countries, or groups that combine for a particular purpose, typically mutual protection or cooperation",,oxford3000,league,base
league,noun,B2,single,"A collection of people, countries, or groups that combine for a particular purpose, typically mutual protection or cooperation",,oxford3000,leagues,plural
lean,verb,B2,single,Be in or move into a sloping position,,oxford3000,lean,base
lean,verb,B2,single,Be in or move into a sloping position,,oxford3000,leans,third_person
lean,verb,B2,single,Be in or move into a sloping position,,oxford3000,leaned,past
lean,verb,B2,single,Be in or move into a sloping position,,oxford3000,leant,past
lean,verb,B2,single,Be in or move into a sloping position,,oxford3000,leaning,gerund
learn,verb,A1,single,"Gain or acquire knowledge of or skill in (something) by study, experience, or being taught",,oxford3000,learn,base
learn,verb,A1,single,"Gain or acquire knowledge of or skill in (something) by study, experience, or being taught",,oxford3000,learns,third_person
learn,verb,A1,single,"Gain or acquire knowledge of or skill in (something) by study, experience, or being taught",,oxford3000,learned,past
learn,verb,A1,single,"Gain or acquire knowledge of or skill in (something) by study, experience, or being taught",,oxford3000,learnt,past
learn,verb,A1,single,"Gain or acquire knowledge of or skill in (something) by study, experience, or being taught",,oxford3000,learning,gerund
learning,noun,A2,single,the cognitive process of acquiring skill or knowledge,,oxford3000,learning,base
learning,noun,A2,single,the cognitive process of acquiring skill or knowledge,,oxford3000,learnings,plural
least,adv,A2,single,used to form the superlative,,oxford3000,least,base
least,det,A2,single,"Smallest in amount, extent, or significance",,oxford3000,least,base
least,pron,A2,single,"Smallest in amount, extent, or significance",,oxford3000,least,base
leather,noun,B1,single,A material made from the skin of an animal by tanning or a similar process,,oxford3000,leather,base
leave,noun,B2,single,the period of time during which you are absent from work or duty,,oxford3000,leave,base
leave,noun,B2,single,the period of time during which you are absent from work or duty,,oxford3000,leaves,plural
leave,verb,A1,single,Go away from,,oxford3000,leave,base
leave,verb,A1,single,Go away from,,oxford3000,leaves,third_person
leave,verb,A1,single,Go away from,,oxford3000,left,past
leave,verb,A1,single,Go away from,,oxford3000,leaving,gerund
lecture,noun,A2,single,"An educational talk to an audience, especially one of students in a university",,oxford3000,lecture,base
lecture,noun,A2,single,"An educational talk to an audience, especially one of students in a university",,oxford3000,lectures,plural
lecture,verb,A2,single,deliver a lecture or talk,,oxford3000,lecture,base
lecture,verb,A2,single,deliver a lecture or talk,,oxford3000,lectures,third_person
lecture,verb,A2,single,deliver a lecture or talk,,oxford3000,lectured,past
lecture,verb,A2,single,deliver a lecture or talk,,oxford3000,lecturing,gerund
left,adj,A1,single,"On, towards, or relating to the side of a human body or of a thing that is to the west when the person or thing is facing north",,oxford3000,left,base
left,adv,A1,single,toward or on the left; also used figuratively,,oxford3000,left,base
left,noun,A1,single,location near or direction toward the left side; i.e. the side to the north when a person or object faces east,,oxford3000,left,base
left,noun,A1,single,location near or direction toward the left side; i.e. the side to the north when a person or object faces east,,oxford3000,lefts,plural
leg,noun,A1,single,Each of the limbs on which a person or animal walks and stands,,oxford3000,leg,base
leg,noun,A1,single,Each of the limbs on which a person or animal walks and stands,,oxford3000,legs,plural
legal,adj,B1,single,"Of, based on, or concerned with the law",,oxford3000,legal,base
leisure,noun,B1,single,time available for ease and relaxation,,oxford3000,leisure,base
leisure,noun,B1,single,time available for ease and relaxation,,oxford3000,leisures,plural
lemon,noun,A2,single,"A yellow citrus fruit with a bitter, acidic juice",,oxford3000,lemon,base
lemon,noun,A2,single,"A yellow citrus fruit with a bitter, acidic juice",,oxford3000,lemons,plural
lend,verb,A2,single,Grant to (someone) the use of (something) on the understanding that it will be returned,,oxford3000,lend,base
lend,verb,A2,single,Grant to (someone) the use of (something) on the understanding that it will be returned,,oxford3000,lends,third_person
lend,verb,A2,single,Grant to (someone) the use of (something) on the understanding that it will be returned,,oxford3000,lent,past
lend,verb,A2,single,Grant to (someone) the use of (something) on the understanding that it will be returned,,oxford3000,lending,gerund
length,noun,B1,single,The measurement or extent of something from end to end,,oxford3000,length,base
length,noun,B1,single,The measurement or extent of something from end to end,,oxford3000,lengths,plural
less,adv,A2,single,used to form the comparative of some adjectives and adverbs,,oxford3000,less,base
less,adv,A2,single,used to form the comparative of some adjectives and adverbs,,oxford3000,least,superlative
less,det,A2,single,To a smaller extent; not as much,,oxford3000,less,base
less,pron,A2,single,To a smaller extent; not as much,,oxford3000,less,base
lesson,noun,A1,single,An amount of teaching given at one time; a period of learning or teaching,,oxford3000,lesson,base
lesson,noun,A1,single,An amount of teaching given at one time; a period of learning or teaching,,oxford3000,lessons,plural
let,verb,A1,single,Allow someone to have or do something,,oxford3000,let,base
let,verb,A1,single,Allow someone to have or do something,,oxford3000,lets,third_person
let,verb,A1,single,Allow someone to have or do something,,oxford3000,letting,gerund
letter,noun,A1,single,"A written, typed, or printed communication, especially one sent in an envelope by mail or messenger",,oxford3000,letter,base
letter,noun,A1,single,"A written, typed, or printed communication, especially one sent in an envelope by mail or messenger",,oxford3000,letters,plural
level,adj,B1,single,"having a surface without slope, tilt in which no part is higher or lower than another",,oxford3000,level,base
level,noun,A2,single,"A position on a real or imaginary scale of amount, quantity, extent, or quality",,oxford3000,level,base
level,noun,A2,single,"A position on a real or imaginary scale of amount, quantity, extent, or quality",,oxford3000,levels,plural
level,verb,B2,single,aim at,,oxford3000,level,base
level,verb,B2,single,aim at,,oxford3000,levels,third_person
level,verb,B2,single,aim at,,oxford3000,leveled,past
level,verb,B2,single,aim at,,oxford3000,levelled,past
level,verb,B2,single,aim at,,oxford3000,leveling,gerund
level,verb,B2,single,aim at,,oxford3000,levelling,gerund
library,noun,A1,single,"A building or room containing collections of books, periodicals, and sometimes films and recorded music for people to read, borrow, or refer to",,oxford3000,library,base
library,noun,A1,single,"A building or room containing collections of books, periodicals, and sometimes films and recorded music for people to read, borrow, or refer to",,oxford3000,libraries,plural
licence,noun,B2,single,excessive freedom; lack of due restraint; - Will Durant; - Edmund Burke,,oxford3000,licence,base
licence,noun,B2,single,excessive freedom; lack of due restraint; - Will Durant; - Edmund Burke,,oxford3000,licences,plural
lie,noun,B1,single,a statement that deviates from or perverts the truth,,oxford3000,lie,base
lie,noun,B1,single,a statement that deviates from or perverts the truth,,oxford3000,lies,plural
lie,verb,A1,single,Be in or assume a horizontal or resting position on a supporting surface,,oxford3000,lie,base
lie,verb,A1,single,Be in or assume a horizontal or resting position on a supporting surface,,oxford3000,lies,third_person
lie,verb,A1,single,Be in or assume a horizontal or resting position on a supporting surface,,oxford3000,lay,past
lie,verb,A1,single,Be in or assume a horizontal or resting position on a supporting surface,,oxford3000,lied,past
lie,verb,A1,single,Be in or assume a horizontal or resting position on a supporting surface,,oxford3000,lying,gerund
life,noun,A1,single,The existence of an individual human being or animal,,oxford3000,life,base
life,noun,A1,single,The existence of an individual human being or animal,,oxford3000,lives,plural
lifestyle,noun,A2,single,a manner of living that reflects the person's values and attitudes,,oxford3000,lifestyle,base
lifestyle,noun,A2,single,a manner of living that reflects the person's values and attitudes,,oxford3000,lifestyles,plural
lift,noun,A2,single,the act of giving temporary assistance,,oxford3000,lift,base
lift,noun,A2,single,the act of giving temporary assistance,,oxford3000,lifts,plural
lift,verb,A2,single,Raise to a higher position or level,,oxford3000,lift,base
lift,verb,A2,single,Raise to a higher position or level,,oxford3000,lifts,third_person
lift,verb,A2,single,Raise to a higher position or level,,oxford3000,lifted,past
lift,verb,A2,single,Raise to a higher position or level,,oxford3000,lifting,gerund
light,adj,A2,single,of comparatively little physical weight or density,,oxford3000,light,base
light,adj,A2,single,of comparatively little physical weight or density,,oxford3000,lighter,comparative
light,adj,A2,single,of comparatively little physical weight or density,,oxford3000,lightest,superlative
light,noun,A1,single,The natural agent that stimulates sight and makes things visible,,oxford3000,light,base
light,noun,A1,single,The natural agent that stimulates sight and makes things visible,,oxford3000,lights,plural
like,prep,A1,single,Having the same characteristics or qualities as; similar to,,oxford3000,like,base
like,verb,A1,single,prefer or wish to do something,,oxford3000,like,base
like,verb,A1,single,prefer or wish to do something,,oxford3000,likes,third_person
like,verb,A1,single,prefer or wish to do something,,oxford3000,liked,past
like,verb,A1,single,prefer or wish to do something,,oxford3000,liking,gerund
likely,adj,A2,single,Such as well might happen or be true; probable,,oxford3000,likely,base
likely,adj,A2,single,Such as well might happen or be true; probable,,oxford3000,likelier,comparative
likely,adj,A2,single,Such as well might happen or be true; probable,,oxford3000,likeliest,superlative
limit,noun,B1,single,A point or level beyond which something does not or may not extend or pass,,oxford3000,limit,base
limit,noun,B1,single,A point or level beyond which something does not or may not extend or pass,,oxford3000,limits,plural
limit,verb,B1,single,place limits on (extent or access),,oxford3000,limit,base
limit,verb,B1,single,place limits on (extent or access),,oxford3000,limits,third_person
limit,verb,B1,single,place limits on (extent or access),,oxford3000,limited,past
limit,verb,B1,single,place limits on (extent or access),,oxford3000,limiting,gerund
limited,adj,B2,single,"Restricted in size, amount, or extent; few, small, or short",,oxford3000,limited,base
line,noun,A1,single,"A long, narrow mark or band",,oxford3000,line,base
line,noun,A1,single,"A long, narrow mark or band",,oxford3000,lines,plural
line,verb,B2,single,be in line with; form a line along,,oxford3000,line,base
line,verb,B2,single,be in line with; form a line along,,oxford3000,lines,third_person
line,verb,B2,single,be in line with; form a line along,,oxford3000,lined,past
line,verb,B2,single,be in line with; form a line along,,oxford3000,lining,gerund
link,noun,A2,single,"A relationship between two things or situations, especially where one thing affects the other",,oxford3000,link,base
link,noun,A2,single,"A relationship between two things or situations, especially where one thing affects the other",,oxford3000,links,plural
link,verb,A2,single,make a logical or causal connection,,oxford3000,link,base
link,verb,A2,single,make a logical or causal connection,,oxford3000,links,third_person
link,verb,A2,single,make a logical or causal connection,,oxford3000,linked,past
link,verb,A2,single,make a logical or causal connection,,oxford3000,linking,gerund
lion,noun,A1,single,large gregarious predatory feline of Africa and India having a tawny coat with a shaggy mane in the male,,oxford3000,lion,base
lion,noun,A1,single,large gregarious predatory feline of Africa and India having a tawny coat with a shaggy mane in the male,,oxford3000,lions,plural
lip,noun,B1,single,Either of the two fleshy parts that form the upper and lower edges of the opening of the mouth,,oxford3000,lip,base
lip,noun,B1,single,Either of the two fleshy parts that form the upper and lower edges of the opening of the mouth,,oxford3000,lips,plural
liquid,adj,B1,single,existing as or having characteristics of a liquid; especially tending to flow,,oxford3000,liquid,base
liquid,noun,B1,single,"A substance that flows freely but is of constant volume, having a consistency like that of water or oil",,oxford3000,liquid,base
liquid,noun,B1,single,"A substance that flows freely but is of constant volume, having a consistency like that of water or oil",,oxford3000,liquids,plural
list,noun,A1,single,"A number of connected items or names written or printed consecutively, typically one below the other",,oxford3000,list,base
list,noun,A1,single,"A number of connected items or names written or printed consecutively, typically one below the other",,oxford3000,lists,plural
list,verb,A1,single,give or make a list of; name individually; give the names of,,oxford3000,list,base
list,verb,A1,single,give or make a list of; name individually; give the names of,,oxford3000,lists,third_person
list,verb,A1,single,give or make a list of; name individually; give the names of,,oxford3000,listed,past
list,verb,A1,single,give or make a list of; name individually; give the names of,,oxford3000,listing,gerund
listen,verb,A1,single,Give one's attention to a sound,,oxford3000,listen,base
listen,verb,A1,single,Give one's attention to a sound,,oxford3000,listens,third_person
listen,verb,A1,single,Give one's attention to a sound,,oxford3000,listened,past
listen,verb,A1,single,Give one's attention to a sound,,oxford3000,listening,gerund
listener,noun,A2,single,someone who listens attentively,,oxford3000,listener,base
listener,noun,A2,single,someone who listens attentively,,oxford3000,listeners,plural
literature,noun,B1,single,"Written works, especially those considered of superior or lasting artistic merit",,oxford3000,literature,base
literature,noun,B1,single,"Written works, especially those considered of superior or lasting artistic merit",,oxford3000,literatures,plural
little,adj,A1,single,"Small in size, amount, or degree",,oxford3000,little,base
little,adj,A1,single,"Small in size, amount, or degree",,oxford3000,littler,comparative
little,adj,A1,single,"Small in size, amount, or degree",,oxford3000,littlest,superlative
little,adv,A2,single,not much,,oxford3000,little,base
little,det,A1,single,"Small in size, amount, or degree",,oxford3000,little,base
little,pron,A1,single,"Small in size, amount, or degree",,oxford3000,little,base
live,adj,B1,single,actually being performed at the time of hearing or viewing,,oxford3000,live,base
live,adv,B1,single,not recorded,,oxford3000,live,base
live,verb,A1,single,Remain alive,,oxford3000,live,base
live,verb,A1,single,Remain alive,,oxford3000,lives,third_person
live,verb,A1,single,Remain alive,,oxford3000,lived,past
live,verb,A1,single,Remain alive,,oxford3000,living,gerund
lively,adj,B2,single,full of life and energy,,oxford3000,lively,base
lively,adj,B2,single,full of life and energy,,oxford3000,livelier,comparative
lively,adj,B2,single,full of life and energy,,oxford3000,liveliest,superlative
living,adj,B1,single,pertaining to living persons,,oxford3000,living,base
living,noun,B1,single,An income sufficient to live on or the means of earning it,,oxford3000,living,base
living,noun,B1,single,An income sufficient to live on or the means of earning it,,oxford3000,livings,plural
load,noun,B2,single,A heavy or bulky thing that is being carried or is about to be carried,,oxford3000,load,base
load,noun,B2,single,A heavy or bulky thing that is being carried or is about to be carried,,oxford3000,loads,plural
load,verb,B2,single,fill or place a load on,,oxford3000,load,base
load,verb,B2,single,fill or place a load on,,oxford3000,loads,third_person
load,verb,B2,single,fill or place a load on,,oxford3000,loaded,past
load,verb,B2,single,fill or place a load on,,oxford3000,loading,gerund
loan,noun,B2,single,"A thing that is borrowed, especially a sum of money that is expected to be paid back with interest",,oxford3000,loan,base
loan,noun,B2,single,"A thing that is borrowed, especially a sum of money that is expected to be paid back with interest",,oxford3000,loans,plural
local,adj,A1,single,Relating or restricted to a particular area or one's neighborhood,,oxford3000,local,base
local,noun,B1,single,public transport consisting of a bus or train that stops at all stations or stops,,oxford3000,local,base
local,noun,B1,single,public transport consisting of a bus or train that stops at all stations or stops,,oxford3000,locals,plural
locate,verb,B1,single,Discover the exact place or position of,,oxford3000,locate,base
locate,verb,B1,single,Discover the exact place or position of,,oxford3000,locates,third_person
locate,verb,B1,single,Discover the exact place or position of,,oxford3000,located,past
locate,verb,B1,single,Discover the exact place or position of,,oxford3000,locating,gerund
located,adj,B1,single,situated in a particular spot or position,,oxford3000,located,base
location,noun,B1,single,A particular place or position,,oxford3000,location,base
location,noun,B1,single,A particular place or position,,oxford3000,locations,plural
lock,noun,A2,single,"A device for securing a door, gate, lid, or drawer in position when closed, typically operated by a key",,oxford3000,lock,base
lock,noun,A2,single,"A device for securing a door, gate, lid, or drawer in position when closed, typically operated by a key",,oxford3000,locks,plural
lock,verb,A2,single,fasten with a lock,,oxford3000,lock,base
lock,verb,A2,single,fasten with a lock,,oxford3000,locks,third_person
lock,verb,A2,single,fasten with a lock,,oxford3000,locked,past
lock,verb,A2,single,fasten with a lock,,oxford3000,locking,gerund
logical,adj,B2,single,Of or according to the rules of logic or formal argument,,oxford3000,logical,base
lonely,adj,B1,single,Sad because one has no friends or company,,oxford3000,lonely,base
lonely,adj,B1,single,Sad because one has no friends or company,,oxford3000,lonelier,comparative
lonely,adj,B1,single,Sad because one has no friends or company,,oxford3000,loneliest,superlative
long,adj,A1,single,Measuring a great distance from end to end,,oxford3000,long,base
long,adj,A1,single,Measuring a great distance from end to end,,oxford3000,longer,comparative
long,adj,A1,single,Measuring a great distance from end to end,,oxford3000,longest,superlative
long,adv,A1,single,for an extended time or at a distant time,,oxford3000,long,base
long,adv,A1,single,for an extended time or at a distant time,,oxford3000,longer,comparative
long,adv,A1,single,for an extended time or at a distant time,,oxford3000,longest,superlative
long-term,adj,B2,single,relating to or extending over a relatively long time,,oxford3000,long-term,base
long-term,adv,B2,single,,,oxford3000,long-term,base
look,noun,A2,single,the feelings expressed on a person's face,,oxford3000,look,base
look,noun,A2,single,the feelings expressed on a person's face,,oxford3000,looks,plural
look,verb,A1,single,Direct one's gaze toward someone or something or in a specified direction,,oxford3000,look,base
look,verb,A1,single,Direct one's gaze toward someone or something or in a specified direction,,oxford3000,looks,third_person
look,verb,A1,single,Direct one's gaze toward someone or something or in a specified direction,,oxford3000,looked,past
look,verb,A1,single,Direct one's gaze toward someone or something or in a specified direction,,oxford3000,looking,gerund
loose,adj,B2,single,Not firmly or tightly fixed in place; detached or able to be detached,,oxford3000,loose,base
loose,adj,B2,single,Not firmly or tightly fixed in place; detached or able to be detached,,oxford3000,looser,comparative
loose,adj,B2,single,Not firmly or tightly fixed in place; detached or able to be detached,,oxford3000,loosest,superlative
lord,noun,B2,single,"Someone or something having power, authority, or influence; a master or ruler",,oxford3000,lord,base
lord,noun,B2,single,"Someone or something having power, authority, or influence; a master or ruler",,oxford3000,lords,plural
lorry,noun,A2,single,a large low horse-drawn wagon without sides,,oxford3000,lorry,base
lorry,noun,A2,single,a large low horse-drawn wagon without sides,,oxford3000,lorries,plural
lose,verb,A1,single,Be deprived of or cease to have or retain (something),,oxford3000,lose,base
lose,verb,A1,single,Be deprived of or cease to have or retain (something),,oxford3000,loses,third_person
lose,verb,A1,single,Be deprived of or cease to have or retain (something),,oxford3000,lost,past
lose,verb,A1,single,Be deprived of or cease to have or retain (something),,oxford3000,losing,gerund
loss,noun,B1,single,The fact or process of losing something or someone,,oxford3000,loss,base
loss,noun,B1,single,The fact or process of losing something or someone,,oxford3000,losses,plural
lost,adj,A2,single,Unable to find one's way; not knowing one's whereabouts,,oxford3000,lost,base
lot,adv,A1,single,"A particular group, collection, or set of people or things",,oxford3000,lot,base
lot,det,A1,single,"A particular group, collection, or set of people or things",,oxford3000,lot,base
lot,pron,A1,single,"A particular group, collection, or set of people or things",,oxford3000,lot,base
loud,adj,A2,single,Producing or capable of producing much noise,,oxford3000,loud,base
loud,adj,A2,single,Producing or capable of producing much noise,,oxford3000,louder,comparative
loud,adj,A2,single,Producing or capable of producing much noise,,oxford3000,loudest,superlative
loud,adv,A2,single,with relatively high volume,,oxford3000,loud,base
loud,adv,A2,single,with relatively high volume,,oxford3000,louder,comparative
loud,adv,A2,single,with relatively high volume,,oxford3000,loudest,superlative
loudly,adv,A2,single,In a way that produces much noise,,oxford3000,loudly,base
love,noun,A1,single,An intense feeling of deep affection,,oxford3000,love,base
love,noun,A1,single,An intense feeling of deep affection,,oxford3000,loves,plural
love,verb,A1,single,have a great affection or liking for,,oxford3000,love,base
love,verb,A1,single,have a great affection or liking for,,oxford3000,loves,third_person
love,verb,A1,single,have a great affection or liking for,,oxford3000,loved,past
love,verb,A1,single,have a great affection or liking for,,oxford3000,loving,gerund
lovely,adj,A2,single,Exquisitely beautiful,,oxford3000,lovely,base
lovely,adj,A2,single,Exquisitely beautiful,,oxford3000,lovelier,comparative
lovely,adj,A2,single,Exquisitely beautiful,,oxford3000,loveliest,superlative
low,adj,A2,single,Of less than average height from top to bottom or to the top from the ground,,oxford3000,low,base
low,adj,A2,single,Of less than average height from top to bottom or to the top from the ground,,oxford3000,lower,comparative
low,adj,A2,single,Of less than average height from top to bottom or to the top from the ground,,oxford3000,lowest,superlative
low,adv,A2,single,in a low position; near the ground,,oxford3000,low,base
low,adv,A2,single,in a low position; near the ground,,oxford3000,lower,comparative
low,adv,A2,single,in a low position; near the ground,,oxford3000,lowest,superlative
low,noun,B2,single,an air mass of lower pressure; often brings precipitation,,oxford3000,low,base
low,noun,B2,single,an air mass of lower pressure; often brings precipitation,,oxford3000,lows,plural
lower,verb,B2,single,Move (someone or something) in a downward direction,,oxford3000,lower,base
lower,verb,B2,single,Move (someone or something) in a downward direction,,oxford3000,lowers,third_person
lower,verb,B2,single,Move (someone or something) in a downward direction,,oxford3000,lowered,past
lower,verb,B2,single,Move (someone or something) in a downward direction,,oxford3000,lowering,gerund
luck,noun,A2,single,Success or failure apparently brought by chance rather than through one's own actions,,oxford3000,luck,base
lucky,adj,A2,single,"Having, bringing, or resulting from good luck",,oxford3000,lucky,base
lucky,adj,A2,single,"Having, bringing, or resulting from good luck",,oxford3000,luckier,comparative
lucky,adj,A2,single,"Having, bringing, or resulting from good luck",,oxford3000,luckiest,superlative
lunch,noun,A1,single,"A meal eaten in the middle of the day, typically one that is lighter or less formal than an evening meal",,oxford3000,lunch,base
lunch,noun,A1,single,"A meal eaten in the middle of the day, typically one that is lighter or less formal than an evening meal",,oxford3000,lunches,plural
lung,noun,B2,single,"Each of the pair of organs situated within the ribcage, responsible for breathing",,oxford3000,lung,base
lung,noun,B2,single,"Each of the pair of organs situated within the ribcage, responsible for breathing",,oxford3000,lungs,plural
luxury,noun,B1,single,something that is an indulgence rather than a necessity,,oxford3000,luxury,base
luxury,noun,B1,single,something that is an indulgence rather than a necessity,,oxford3000,luxuries,plural
machine,noun,A1,single,"An apparatus using or applying mechanical power and having several parts, each with a definite function and together performing a particular task",,oxford3000,machine,base
machine,noun,A1,single,"An apparatus using or applying mechanical power and having several parts, each with a definite function and together performing a particular task",,oxford3000,machines,plural
mad,adj,B1,single,Very angry,,oxford3000,mad,base
mad,adj,B1,single,Very angry,,oxford3000,madder,comparative
mad,adj,B1,single,Very angry,,oxford3000,maddest,superlative
magazine,noun,A1,single,"A periodical publication containing articles and illustrations, typically covering a particular subject or area of interest",,oxford3000,magazine,base
magazine,noun,A1,single,"A periodical publication containing articles and illustrations, typically covering a particular subject or area of interest",,oxford3000,magazines,plural
magic,adj,B1,single,possessing or using or characteristic of or appropriate to supernatural powers; ; ; ; - Shakespeare,,oxford3000,magic,base
magic,noun,B1,single,The power of apparently influencing events by using mysterious or supernatural forces,,oxford3000,magic,base
magic,noun,B1,single,The power of apparently influencing events by using mysterious or supernatural forces,,oxford3000,magics,plural
mail,noun,A2,single,Letters and packages conveyed by the postal system,,oxford3000,mail,base
mail,noun,A2,single,Letters and packages conveyed by the postal system,,oxford3000,mails,plural
mail,verb,A2,single,send via the postal service,,oxford3000,mail,base
mail,verb,A2,single,send via the postal service,,oxford3000,mails,third_person
mail,verb,A2,single,send via the postal service,,oxford3000,mailed,past
mail,verb,A2,single,send via the postal service,,oxford3000,mailing,gerund
main,adj,A1,single,Chief in size or importance,,oxford3000,main,base
mainly,adv,B1,single,For the most part; chiefly,,oxford3000,mainly,base
maintain,verb,B2,single,Cause or enable (a condition or situation) to continue,,oxford3000,maintain,base
maintain,verb,B2,single,Cause or enable (a condition or situation) to continue,,oxford3000,maintains,third_person
maintain,verb,B2,single,Cause or enable (a condition or situation) to continue,,oxford3000,maintained,past
maintain,verb,B2,single,Cause or enable (a condition or situation) to continue,,oxford3000,maintaining,gerund
major,adj,A2,single,"Important, serious, or significant",,oxford3000,major,base
majority,noun,B2,single,The greater number,,oxford3000,majority,base
majority,noun,B2,single,The greater number,,oxford3000,majorities,plural
make,noun,B2,single,a recognizable kind,,oxford3000,make,base
make,noun,B2,single,a recognizable kind,,oxford3000,makes,plural
make,verb,A1,single,Form (something) by putting parts together or combining substances; construct; create,,oxford3000,make,base
make,verb,A1,single,Form (something) by putting parts together or combining substances; construct; create,,oxford3000,makes,third_person
make,verb,A1,single,Form (something) by putting parts together or combining substances; construct; create,,oxford3000,made,past
make,verb,A1,single,Form (something) by putting parts together or combining substances; construct; create,,oxford3000,making,gerund
male,adj,A2,single,Relating to men or boys,,oxford3000,male,base
male,noun,A2,single,an animal that produces gametes (spermatozoa) that can fertilize female gametes (ova),,oxford3000,male,base
male,noun,A2,single,an animal that produces gametes (spermatozoa) that can fertilize female gametes (ova),,oxford3000,males,plural
mall,noun,B1,single,A large enclosed shopping area from which traffic is excluded,,oxford3000,mall,base
mall,noun,B1,single,A large enclosed shopping area from which traffic is excluded,,oxford3000,malls,plural
man,noun,A1,single,An adult human male,,oxford3000,man,base
man,noun,A1,single,An adult human male,,oxford3000,men,plural
manage,verb,A2,single,"Be in charge of (a company, establishment, or undertaking); administer; run",,oxford3000,manage,base
manage,verb,A2,single,"Be in charge of (a company, establishment, or undertaking); administer; run",,oxford3000,manages,third_person
manage,verb,A2,single,"Be in charge of (a company, establishment, or undertaking); administer; run",,oxford3000,managed,past
manage,verb,A2,single,"Be in charge of (a company, establishment, or undertaking); administer; run",,oxford3000,managing,gerund
management,noun,B1,single,The process of dealing with or controlling things or people,,oxford3000,management,base
management,noun,B1,single,The process of dealing with or controlling things or people,,oxford3000,managements,plural
manager,noun,A2,single,A person responsible for controlling or administering an organization or group of staff,,oxford3000,manager,base
manager,noun,A2,single,A person responsible for controlling or administering an organization or group of staff,,oxford3000,managers,plural
manner,noun,A2,single,A way in which a thing is done or happens,,oxford3000,manner,base
manner,noun,A2,single,A way in which a thing is done or happens,,oxford3000,manners,plural
many,det,A1,single,A large number of,,oxford3000,many,base
many,pron,A1,single,A large number of,,oxford3000,many,base
map,noun,A1,single,"A diagrammatic representation of an area of land or sea showing physical features, cities, roads, etc.",,oxford3000,map,base
map,noun,A1,single,"A diagrammatic representation of an area of land or sea showing physical features, cities, roads, etc.",,oxford3000,maps,plural
map,verb,B2,single,make a map of; show or establish the features of details of,,oxford3000,map,base
map,verb,B2,single,make a map of; show or establish the features of details of,,oxford3000,maps,third_person
map,verb,B2,single,make a map of; show or establish the features of details of,,oxford3000,mapped,past
map,verb,B2,single,make a map of; show or establish the features of details of,,oxford3000,mapping,gerund
march,noun,A1,single,"The third month of the year, in the northern hemisphere usually considered the first month of spring",,oxford3000,march,base
march,noun,A1,single,"The third month of the year, in the northern hemisphere usually considered the first month of spring",,oxford3000,marches,plural
mark,noun,A2,single,Make a visible impression or stain on,,oxford3000,mark,base
mark,noun,A2,single,Make a visible impression or stain on,,oxford3000,marks,plural
mark,verb,A2,single,attach a tag or label to,,oxford3000,mark,base
mark,verb,A2,single,attach a tag or label to,,oxford3000,marks,third_person
mark,verb,A2,single,attach a tag or label to,,oxford3000,marked,past
mark,verb,A2,single,attach a tag or label to,,oxford3000,marking,gerund
market,noun,A1,single,"A regular gathering of people for the purchase and sale of provisions, livestock, and other commodities",,oxford3000,market,base
market,noun,A1,single,"A regular gathering of people for the purchase and sale of provisions, livestock, and other commodities",,oxford3000,markets,plural
market,verb,B1,single,"engage in the commercial promotion, sale, or distribution of",,oxford3000,market,base
market,verb,B1,single,"engage in the commercial promotion, sale, or distribution of",,oxford3000,markets,third_person
market,verb,B1,single,"engage in the commercial promotion, sale, or distribution of",,oxford3000,marketed,past
market,verb,B1,single,"engage in the commercial promotion, sale, or distribution of",,oxford3000,marketing,gerund
marketing,noun,B1,single,"The action or business of promoting and selling products or services, including market research and advertising",,oxford3000,marketing,base
marketing,noun,B1,single,"The action or business of promoting and selling products or services, including market research and advertising",,oxford3000,marketings,plural
marriage,noun,B1,single,The legally or formally recognized union of two people as partners in a personal relationship,,oxford3000,marriage,base
marriage,noun,B1,single,The legally or formally recognized union of two people as partners in a personal relationship,,oxford3000,marriages,plural
married,adj,A1,single,Having a spouse,,oxford3000,married,base
marry,verb,A2,single,Join in marriage,,oxford3000,marry,base
marry,verb,A2,single,Join in marriage,,oxford3000,marries,third_person
marry,verb,A2,single,Join in marriage,,oxford3000,married,past
marry,verb,A2,single,Join in marriage,,oxford3000,marrying,gerund
mass,adj,B2,single,formed of separate units gathered into a mass or whole,,oxford3000,mass,base
mass,noun,B2,single,A large body of matter with no definite shape,,oxford3000,mass,base
mass,noun,B2,single,A large body of matter with no definite shape,,oxford3000,masses,plural
massive,adj,B2,single,Large and heavy or solid,,oxford3000,massive,base
master,noun,B2,single,Having or showing very great skill or proficiency,,oxford3000,master,base
master,noun,B2,single,Having or showing very great skill or proficiency,,oxford3000,masters,plural
master,verb,B2,single,be or become completely proficient or skilled in,,oxford3000,master,base
master,verb,B2,single,be or become completely proficient or skilled in,,oxford3000,masters,third_person
master,verb,B2,single,be or become completely proficient or skilled in,,oxford3000,mastered,past
master,verb,B2,single,be or become completely proficient or skilled in,,oxford3000,mastering,gerund
match,noun,A1,single,A person or thing that is equal to another in quality or strength,,oxford3000,match,base
match,noun,A1,single,A person or thing that is equal to another in quality or strength,,oxford3000,matches,plural
matching,adj,B2,single,"Corresponding in pattern, color, or design; complementary",,oxford3000,matching,base
material,adj,B2,single,concerned with worldly rather than spiritual interests,,oxford3000,material,base
material,noun,A2,single,The matter from which a thing is or can be made,,oxford3000,material,base
material,noun,A2,single,The matter from which a thing is or can be made,,oxford3000,materials,plural
mathematics,noun,A2,single,"The abstract science of number, quantity, and space",,oxford3000,mathematics,base
maths,noun,A2,single,a science (or group of related sciences) dealing with the logic of quantity and shape and arrangement,,oxford3000,maths,base
matter,noun,A2,single,The substance or substances of which any physical object consists or is composed,,oxford3000,matter,base
matter,noun,A2,single,The substance or substances of which any physical object consists or is composed,,oxford3000,matters,plural
matter,verb,A2,single,"have weight; have import, carry weight",,oxford3000,matter,base
matter,verb,A2,single,"have weight; have import, carry weight",,oxford3000,matters,third_person
matter,verb,A2,single,"have weight; have import, carry weight",,oxford3000,mattered,past
matter,verb,A2,single,"have weight; have import, carry weight",,oxford3000,mattering,gerund
maximum,adj,B2,single,the greatest or most complete or best possible,,oxford3000,maximum,base
maximum,noun,B2,single,"As great, high, or intense as possible or permitted",,oxford3000,maximum,base
maximum,noun,B2,single,"As great, high, or intense as possible or permitted",,oxford3000,maximums,plural
maximum,noun,B2,single,"As great, high, or intense as possible or permitted",,oxford3000,maxima,plural
may,noun,A1,single,the month following April and preceding June,,oxford3000,may,base
may,verb,A2,single,Expressing possibility,,oxford3000,may,base
may,verb,A2,single,Expressing possibility,,oxford3000,might,past
maybe,adv,A1,single,Perhaps; possibly,,oxford3000,maybe,base
me,pron,A1,single,Used by a speaker to refer to himself or herself as the object of a verb or preposition,,oxford3000,me,base
meal,noun,A1,single,"An occasion when food is eaten, or the food that is eaten on such an occasion",,oxford3000,meal,base
meal,noun,A1,single,"An occasion when food is eaten, or the food that is eaten on such an occasion",,oxford3000,meals,plural
mean,verb,A1,single,"Intend to convey, indicate, or refer to (a particular thing or notion); signify",,oxford3000,mean,base
mean,verb,A1,single,"Intend to convey, indicate, or refer to (a particular thing or notion); signify",,oxford3000,means,third_person
mean,verb,A1,single,"Intend to convey, indicate, or refer to (a particular thing or notion); signify",,oxford3000,meant,past
mean,verb,A1,single,"Intend to convey, indicate, or refer to (a particular thing or notion); signify",,oxford3000,meaning,gerund
meaning,noun,A1,single,"What is meant by a word, text, concept, or action",,oxford3000,meaning,base
meaning,noun,A1,single,"What is meant by a word, text, concept, or action",,oxford3000,meanings,plural
means,noun,B2,single,An action or system by which a result is achieved; a method,,oxford3000,means,base
meanwhile,adv,B1,single,In the intervening period of time,,oxford3000,meanwhile,base
measure,noun,B1,single,any maneuver made as part of progress toward a goal,,oxford3000,measure,base
measure,noun,B1,single,any maneuver made as part of progress toward a goal,,oxford3000,measures,plural
measure,verb,B1,single,"Ascertain the size, amount, or degree of (something) by using an instrument or device marked in standard units",,oxford3000,measure,base
measure,verb,B1,single,"Ascertain the size, amount, or degree of (something) by using an instrument or device marked in standard units",,oxford3000,measures,third_person
measure,verb,B1,single,"Ascertain the size, amount, or degree of (something) by using an instrument or device marked in standard units",,oxford3000,measured,past
measure,verb,B1,single,"Ascertain the size, amount, or degree of (something) by using an instrument or device marked in standard units",,oxford3000,measuring,gerund
measurement,noun,B2,single,The action of measuring something,,oxford3000,measurement,base
measurement,noun,B2,single,The action of measuring something,,oxford3000,measurements,plural
meat,noun,A1,single,The flesh of an animal (especially a mammal) as food,,oxford3000,meat,base
meat,noun,A1,single,The flesh of an animal (especially a mammal) as food,,oxford3000,meats,plural
media,noun,A2,single,"The main means of mass communication (broadcasting, publishing, and the internet) regarded collectively",,oxford3000,media,base
medical,adj,A2,single,"Relating to the science of medicine, or to the treatment of illness and injuries",,oxford3000,medical,base
medicine,noun,A2,single,"The science or practice of the diagnosis, treatment, and prevention of disease (in technical use often taken to exclude surgery)",,oxford3000,medicine,base
medicine,noun,A2,single,"The science or practice of the diagnosis, treatment, and prevention of disease (in technical use often taken to exclude surgery)",,oxford3000,medicines,plural
medium,adj,B1,single,around the middle of a scale of evaluation,,oxford3000,medium,base
medium,noun,B2,single,An agency or means of doing something,,oxford3000,medium,base
medium,noun,B2,single,An agency or means of doing something,,oxford3000,media,plural
medium,noun,B2,single,An agency or means of doing something,,oxford3000,mediums,plural
meet,verb,A1,single,Come into the presence or company of (someone) by chance or arrangement,,oxford3000,meet,base
meet,verb,A1,single,Come into the presence or company of (someone) by chance or arrangement,,oxford3000,meets,third_person
meet,verb,A1,single,Come into the presence or company of (someone) by chance or arrangement,,oxford3000,met,past
meet,verb,A1,single,Come into the presence or company of (someone) by chance or arrangement,,oxford3000,meeting,gerund
meeting,noun,A1,single,"An assembly of people for a particular purpose, especially for formal discussion",,oxford3000,meeting,base
meeting,noun,A1,single,"An assembly of people for a particular purpose, especially for formal discussion",,oxford3000,meetings,plural
melt,verb,B2,single,Make or become liquefied by heat,,oxford3000,melt,base
melt,verb,B2,single,Make or become liquefied by heat,,oxford3000,melts,third_person
melt,verb,B2,single,Make or become liquefied by heat,,oxford3000,melted,past
melt,verb,B2,single,Make or become liquefied by heat,,oxford3000,melting,gerund
member,noun,A1,single,An individual belonging to a group such as a society or team,,oxford3000,member,base
member,noun,A1,single,An individual belonging to a group such as a society or team,,oxford3000,members,plural
memory,noun,A2,single,The faculty by which the mind stores and remembers information,,oxford3000,memory,base
memory,noun,A2,single,The faculty by which the mind stores and remembers information,,oxford3000,memories,plural
mental,adj,B1,single,Relating to the mind,,oxford3000,mental,base
mention,noun,B1,single,a remark that calls attention to something or someone,,oxford3000,mention,base
mention,noun,B1,single,a remark that calls attention to something or someone,,oxford3000,mentions,plural
mention,verb,A2,single,Refer to something briefly and without going into detail,,oxford3000,mention,base
mention,verb,A2,single,Refer to something briefly and without going into detail,,oxford3000,mentions,third_person
mention,verb,A2,single,Refer to something briefly and without going into detail,,oxford3000,mentioned,past
mention,verb,A2,single,Refer to something briefly and without going into detail,,oxford3000,mentioning,gerund
menu,noun,A1,single,A list of dishes available in a restaurant,,oxford3000,menu,base
menu,noun,A1,single,A list of dishes available in a restaurant,,oxford3000,menus,plural
mess,noun,B1,single,A dirty or untidy state of things or of a place,,oxford3000,mess,base
mess,noun,B1,single,A dirty or untidy state of things or of a place,,oxford3000,messes,plural
mess,verb,B1,single,eat in a mess hall,,oxford3000,mess,base
mess,verb,B1,single,eat in a mess hall,,oxford3000,messes,third_person
mess,verb,B1,single,eat in a mess hall,,oxford3000,messed,past
mess,verb,B1,single,eat in a mess hall,,oxford3000,messing,gerund
message,noun,A1,single,"A verbal, written, or recorded communication sent to or left for a recipient who cannot be contacted directly",,oxford3000,message,base
message,noun,A1,single,"A verbal, written, or recorded communication sent to or left for a recipient who cannot be contacted directly",,oxford3000,messages,plural
metal,noun,A2,single,"A solid material that is typically hard, shiny, malleable, fusible, and ductile, with good electrical and thermal conductivity",,oxford3000,metal,base
metal,noun,A2,single,"A solid material that is typically hard, shiny, malleable, fusible, and ductile, with good electrical and thermal conductivity",,oxford3000,metals,plural
method,noun,A2,single,"A particular form of procedure for accomplishing or approaching something, especially a systematic or established one",,oxford3000,method,base
method,noun,A2,single,"A particular form of procedure for accomplishing or approaching something, especially a systematic or established one",,oxford3000,methods,plural
metre,noun,A1,single,the basic unit of length adopted under the Systeme International d'Unites (approximately 1.094 yards),,oxford3000,metre,base
metre,noun,A1,single,the basic unit of length adopted under the Systeme International d'Unites (approximately 1.094 yards),,oxford3000,metres,plural
middle,adj,A2,single,being neither at the beginning nor at the end in a series,,oxford3000,middle,base
middle,noun,A2,single,"The point or position at an equal distance from the sides, edges, or ends of something",,oxford3000,middle,base
middle,noun,A2,single,"The point or position at an equal distance from the sides, edges, or ends of something",,oxford3000,middles,plural
midnight,noun,A1,single,Twelve o'clock at night,,oxford3000,midnight,base
might,verb,A2,single,Past tense of may; used to express possibility or make a suggestion,,oxford3000,might,base
mild,adj,B1,single,"Not severe, serious, or harsh",,oxford3000,mild,base
mild,adj,B1,single,"Not severe, serious, or harsh",,oxford3000,milder,comparative
mild,adj,B1,single,"Not severe, serious, or harsh",,oxford3000,mildest,superlative
mile,noun,A1,single,"A unit of linear measure equal to 1,760 yards (approximately 1.609 kilometers)",,oxford3000,mile,base
mile,noun,A1,single,"A unit of linear measure equal to 1,760 yards (approximately 1.609 kilometers)",,oxford3000,miles,plural
military,adj,B2,single,Relating to or characteristic of soldiers or armed forces,,oxford3000,military,base
military,noun,B2,single,the military forces of a nation,,oxford3000,military,base
military,noun,B2,single,the military forces of a nation,,oxford3000,militaries,plural
milk,noun,A1,single,"An opaque white fluid rich in fat and protein, secreted by female mammals for the nourishment of their young",,oxford3000,milk,base
milk,noun,A1,single,"An opaque white fluid rich in fat and protein, secreted by female mammals for the nourishment of their young",,oxford3000,milks,plural
million,number,A1,single,"The number equivalent to the product of a thousand and a thousand; 1,000,000",,oxford3000,million,base
mind,noun,A2,single,"The element of a person that enables them to be aware of the world and their experiences, to think, and to feel; the faculty of consciousness and thought",,oxford3000,mind,base
mind,noun,A2,single,"The element of a person that enables them to be aware of the world and their experiences, to think, and to feel; the faculty of consciousness and thought",,oxford3000,minds,plural
mind,verb,A2,single,"be offended or bothered by; take offense with, be bothered by",,oxford3000,mind,base
mind,verb,A2,single,"be offended or bothered by; take offense with, be bothered by",,oxford3000,minds,third_person
mind,verb,A2,single,"be offended or bothered by; take offense with, be bothered by",,oxford3000,minded,past
mind,verb,A2,single,"be offended or bothered by; take offense with, be bothered by",,oxford3000,minding,gerund
mine,noun,B1,single,excavation in the earth from which ores and minerals are extracted,,oxford3000,mine,base
mine,noun,B1,single,excavation in the earth from which ores and minerals are extracted,,oxford3000,mines,plural
mine,pron,A2,single,Belonging to or associated with the speaker,,oxford3000,mine,base
mineral,noun,B2,single,"A solid, naturally occurring inorganic substance",,oxford3000,mineral,base
mineral,noun,B2,single,"A solid, naturally occurring inorganic substance",,oxford3000,minerals,plural
minimum,adj,B2,single,the least possible,,oxford3000,minimum,base
minimum,noun,B2,single,"The least or smallest amount or quantity possible, attainable, or required",,oxford3000,minimum,base
minimum,noun,B2,single,"The least or smallest amount or quantity possible, attainable, or required",,oxford3000,minimums,plural
minimum,noun,B2,single,"The least or smallest amount or quantity possible, attainable, or required",,oxford3000,minima,plural
minister,noun,B2,single,"A member of the clergy, especially in Protestant churches",,oxford3000,minister,base
minister,noun,B2,single,"A member of the clergy, especially in Protestant churches",,oxford3000,ministers,plural
minor,adj,B2,single,"Lesser in importance, seriousness, or significance",,oxford3000,minor,base
minority,noun,B2,single,a group of people who differ racially or politically from a larger group of which it is a part,,oxford3000,minority,base
minority,noun,B2,single,a group of people who differ racially or politically from a larger group of which it is a part,,oxford3000,minorities,plural
minute,noun,A1,single,A period of time equal to sixty seconds or a sixtieth of an hour,,oxford3000,minute,base
minute,noun,A1,single,A period of time equal to sixty seconds or a sixtieth of an hour,,oxford3000,minutes,plural
mirror,noun,A2,single,"A reflective surface, now typically of glass coated with a metal amalgam, that reflects a clear image",,oxford3000,mirror,base
mirror,noun,A2,single,"A reflective surface, now typically of glass coated with a metal amalgam, that reflects a clear image",,oxford3000,mirrors,plural
miss,verb,A1,single,"Fail to hit, reach, or come into contact with (something aimed at)",,oxford3000,miss,base
miss,verb,A1,single,"Fail to hit, reach, or come into contact with (something aimed at)",,oxford3000,misses,third_person
miss,verb,A1,single,"Fail to hit, reach, or come into contact with (something aimed at)",,oxford3000,missed,past
miss,verb,A1,single,"Fail to hit, reach, or come into contact with (something aimed at)",,oxford3000,missing,gerund
missing,adj,A2,single,Not able to be found; absent,,oxford3000,missing,base
mission,noun,B2,single,"An important assignment carried out for political, religious, or commercial purposes, typically involving travel",,oxford3000,mission,base
mission,noun,B2,single,"An important assignment carried out for political, religious, or commercial purposes, typically involving travel",,oxford3000,missions,plural
mistake,noun,A1,single,An action or judgment that is misguided or wrong,,oxford3000,mistake,base
mistake,noun,A1,single,An action or judgment that is misguided or wrong,,oxford3000,mistakes,plural
mistake,verb,B2,single,identify incorrectly,,oxford3000,mistake,base
mistake,verb,B2,single,identify incorrectly,,oxford3000,mistakes,third_person
mistake,verb,B2,single,identify incorrectly,,oxford3000,mistook,past
mistake,verb,B2,single,identify incorrectly,,oxford3000,mistaken,past_participle
mistake,verb,B2,single,identify incorrectly,,oxford3000,mistaking,gerund
mix,noun,B1,single,a commercially prepared mixture of dry ingredients,,oxford3000,mix,base
mix,noun,B1,single,a commercially prepared mixture of dry ingredients,,oxford3000,mixes,plural
mix,verb,B1,single,Combine or put together to form one substance or mass,,oxford3000,mix,base
mix,verb,B1,single,Combine or put together to form one substance or mass,,oxford3000,mixes,third_person
mix,verb,B1,single,Combine or put together to form one substance or mass,,oxford3000,mixed,past
mix,verb,B1,single,Combine or put together to form one substance or mass,,oxford3000,mixing,gerund
mixed,adj,B2,single,Consisting of different qualities or elements,,oxford3000,mixed,base
mixture,noun,B1,single,A substance made by mixing other substances together,,oxford3000,mixture,base
mixture,noun,B1,single,A substance made by mixing other substances together,,oxford3000,mixtures,plural
mobile,adj,A2,single,Able to move or be moved freely or easily,,oxford3000,mobile,base
mobile,noun,A2,single,a river in southwestern Alabama; flows into Mobile Bay,,oxford3000,mobile,base
mobile,noun,A2,single,a river in southwestern Alabama; flows into Mobile Bay,,oxford3000,mobiles,plural
model,noun,A1,single,"A three-dimensional representation of a person or thing or of a proposed structure, typically on a smaller scale than the original",,oxford3000,model,base
model,noun,A1,single,"A three-dimensional representation of a person or thing or of a proposed structure, typically on a smaller scale than the original",,oxford3000,models,plural
model,verb,B2,single,plan or create according to a model or models,,oxford3000,model,base
model,verb,B2,single,plan or create according to a model or models,,oxford3000,models,third_person
model,verb,B2,single,plan or create according to a model or models,,oxford3000,modeled,past
model,verb,B2,single,plan or create according to a model or models,,oxford3000,modelled,past
model,verb,B2,single,plan or create according to a model or models,,oxford3000,modeling,gerund
model,verb,B2,single,plan or create according to a model or models,,oxford3000,modelling,gerund
modern,adj,A1,single,Relating to the present or recent times as opposed to the remote past,,oxford3000,modern,base
modern,adj,A1,single,Relating to the present or recent times as opposed to the remote past,,oxford3000,moderner,comparative
modern,adj,A1,single,Relating to the present or recent times as opposed to the remote past,,oxford3000,modernest,superlative
modify,verb,B2,single,make less severe or harsh or extreme,,oxford3000,modify,base
modify,verb,B2,single,make less severe or harsh or extreme,,oxford3000,modifies,third_person
modify,verb,B2,single,make less severe or harsh or extreme,,oxford3000,modified,past
modify,verb,B2,single,make less severe or harsh or extreme,,oxford3000,modifying,gerund
moment,noun,A1,single,A very brief period of time,,oxford3000,moment,base
moment,noun,A1,single,A very brief period of time,,oxford3000,moments,plural
monday,noun,A1,single,The day of the week before Tuesday and following Sunday,,oxford3000,monday,base
money,noun,A1,single,A current medium of exchange in the form of coins and banknotes; coins and banknotes collectively,,oxford3000,money,base
money,noun,A1,single,A current medium of exchange in the form of coins and banknotes; coins and banknotes collectively,,oxford3000,moneys,plural
money,noun,A1,single,A current medium of exchange in the form of coins and banknotes; coins and banknotes collectively,,oxford3000,monies,plural
monitor,noun,B2,single,"An instrument or device used for observing, checking, or keeping a continuous record of a process or quantity",,oxford3000,monitor,base
monitor,noun,B2,single,"An instrument or device used for observing, checking, or keeping a continuous record of a process or quantity",,oxford3000,monitors,plural
monitor,verb,B2,single,keep tabs on; keep an eye on; keep under surveillance,,oxford3000,monitor,base
monitor,verb,B2,single,keep tabs on; keep an eye on; keep under surveillance,,oxford3000,monitors,third_person
monitor,verb,B2,single,keep tabs on; keep an eye on; keep under surveillance,,oxford3000,monitored,past
monitor,verb,B2,single,keep tabs on; keep an eye on; keep under surveillance,,oxford3000,monitoring,gerund
monkey,noun,A2,single,any of various long-tailed primates (excluding the prosimians),,oxford3000,monkey,base
monkey,noun,A2,single,any of various long-tailed primates (excluding the prosimians),,oxford3000,monkeys,plural
month,noun,A1,single,Each of the twelve named periods into which a year is divided,,oxford3000,month,base
month,noun,A1,single,Each of the twelve named periods into which a year is divided,,oxford3000,months,plural
mood,noun,B1,single,A temporary state of mind or feeling,,oxford3000,mood,base
mood,noun,B1,single,A temporary state of mind or feeling,,oxford3000,moods,plural
moon,noun,A2,single,"The natural satellite of the earth, visible (chiefly at night) by reflected light from the sun",,oxford3000,moon,base
moon,noun,A2,single,"The natural satellite of the earth, visible (chiefly at night) by reflected light from the sun",,oxford3000,moons,plural
moral,adj,B2,single,Concerned with the principles of right and wrong behavior,,oxford3000,moral,base
moral,noun,B2,single,the significance of a story or event,,oxford3000,moral,base
moral,noun,B2,single,the significance of a story or event,,oxford3000,morals,plural
more,adv,A1,single,used to form the comparative of some adjectives and adverbs,,oxford3000,more,base
more,det,A1,single,A greater or additional amount or degree,,oxford3000,more,base
more,pron,A1,single,A greater or additional amount or degree,,oxford3000,more,base
morning,noun,A1,single,"The period of time between midnight and noon, especially from sunrise to noon",,oxford3000,morning,base
morning,noun,A1,single,"The period of time between midnight and noon, especially from sunrise to noon",,oxford3000,mornings,plural
most,adv,A1,single,used to form the superlative,,oxford3000,most,base
most,det,A1,single,"Greatest in amount, quantity, or degree",,oxford3000,most,base
most,pron,A1,single,"Greatest in amount, quantity, or degree",,oxford3000,most,base
mostly,adv,A2,single,Mainly; for the most part,,oxford3000,mostly,base
mother,noun,A1,single,A woman in relation to her child or children,,oxford3000,mother,base
mother,noun,A1,single,A woman in relation to her child or children,,oxford3000,mothers,plural
motor,adj,B2,single,conveying information to the muscles from the CNS,,oxford3000,motor,base
motor,noun,B2,single,"A machine, especially one powered by electricity or internal combustion, that supplies motive power for a vehicle or for another device with moving parts",,oxford3000,motor,base
motor,noun,B2,single,"A machine, especially one powered by electricity or internal combustion, that supplies motive power for a vehicle or for another device with moving parts",,oxford3000,motors,plural
motorcycle,noun,A2,single,a motor vehicle with two wheels and a strong frame,,oxford3000,motorcycle,base
motorcycle,noun,A2,single,a motor vehicle with two wheels and a strong frame,,oxford3000,motorcycles,plural
mount,verb,B2,single,"Climb up (stairs, a hill, or other rising surface)",,oxford3000,mount,base
mount,verb,B2,single,"Climb up (stairs, a hill, or other rising surface)",,oxford3000,mounts,third_person
mount,verb,B2,single,"Climb up (stairs, a hill, or other rising surface)",,oxford3000,mounted,past
mount,verb,B2,single,"Climb up (stairs, a hill, or other rising surface)",,oxford3000,mounting,gerund
mountain,noun,A1,single,A large natural elevation of the earth's surface rising abruptly from the surrounding level; a large steep hill,,oxford3000,mountain,base
mountain,noun,A1,single,A large natural elevation of the earth's surface rising abruptly from the surrounding level; a large steep hill,,oxford3000,mountains,plural
mouse,noun,A1,single,"A small rodent that typically has a pointed snout, relatively large ears and eyes, and a long tail",,oxford3000,mouse,base
mouse,noun,A1,single,"A small rodent that typically has a pointed snout, relatively large ears and eyes, and a long tail",,oxford3000,mice,plural
mouth,noun,A1,single,"The opening and cavity in the lower part of the human face, surrounded by the lips, through which food is taken in and vocal sounds are emitted",,oxford3000,mouth,base
mouth,noun,A1,single,"The opening and cavity in the lower part of the human face, surrounded by the lips, through which food is taken in and vocal sounds are emitted",,oxford3000,mouths,plural
move,noun,B1,single,the act of deciding to do something,,oxford3000,move,base
move,noun,B1,single,the act of deciding to do something,,oxford3000,moves,plural
move,verb,A1,single,Go in a specified direction or manner; change position,,oxford3000,move,base
move,verb,A1,single,Go in a specified direction or manner; change position,,oxford3000,moves,third_person
move,verb,A1,single,Go in a specified direction or manner; change position,,oxford3000,moved,past
move,verb,A1,single,Go in a specified direction or manner; change position,,oxford3000,moving,gerund
movement,noun,A2,single,An act of changing physical location or position or of having this changed,,oxford3000,movement,base
movement,noun,A2,single,An act of changing physical location or position or of having this changed,,oxford3000,movements,plural
movie,noun,A1,single,A story or event recorded by a camera as a set of moving images and shown in a theater or on television; a motion picture,,oxford3000,movie,base
movie,noun,A1,single,A story or event recorded by a camera as a set of moving images and shown in a theater or on television; a motion picture,,oxford3000,movies,plural
much,adv,A1,single,to a great degree or extent,,oxford3000,much,base
much,adv,A1,single,to a great degree or extent,,oxford3000,more,comparative
much,adv,A1,single,to a great degree or extent,,oxford3000,most,superlative
much,det,A1,single,A large amount,,oxford3000,much,base
much,pron,A1,single,A large amount,,oxford3000,much,base
mud,noun,B1,single,"Soft, sticky matter resulting from the mixing of earth and water",,oxford3000,mud,base
multiple,adj,B2,single,having or involving or consisting of more than one part or entity or individual,,oxford3000,multiple,base
multiply,verb,B2,single,Obtain from (a number) another that contains the first number a specified number of times,,oxford3000,multiply,base
multiply,verb,B2,single,Obtain from (a number) another that contains the first number a specified number of times,,oxford3000,multiplies,third_person
multiply,verb,B2,single,Obtain from (a number) another that contains the first number a specified number of times,,oxford3000,multiplied,past
multiply,verb,B2,single,Obtain from (a number) another that contains the first number a specified number of times,,oxford3000,multiplying,gerund
mum,noun,A1,single,Mother,,oxford3000,mum,base
mum,noun,A1,single,Mother,,oxford3000,mums,plural
murder,noun,B1,single,The unlawful premeditated killing of one human being by another,,oxford3000,murder,base
murder,noun,B1,single,The unlawful premeditated killing of one human being by another,,oxford3000,murders,plural
murder,verb,B1,single,kill intentionally and with premeditation,,oxford3000,murder,base
murder,verb,B1,single,kill intentionally and with premeditation,,oxford3000,murders,third_person
murder,verb,B1,single,kill intentionally and with premeditation,,oxford3000,murdered,past
murder,verb,B1,single,kill intentionally and with premeditation,,oxford3000,murdering,gerund
muscle,noun,B1,single,"A band or bundle of fibrous tissue in a human or animal body that has the ability to contract, producing movement in or maintaining the position of parts of the body",,oxford3000,muscle,base
muscle,noun,B1,single,"A band or bundle of fibrous tissue in a human or animal body that has the ability to contract, producing movement in or maintaining the position of parts of the body",,oxford3000,muscles,plural
museum,noun,A1,single,"A building in which objects of historical, scientific, artistic, or cultural interest are stored and exhibited",,oxford3000,museum,base
museum,noun,A1,single,"A building in which objects of historical, scientific, artistic, or cultural interest are stored and exhibited",,oxford3000,museums,plural
music,noun,A1,single,"Vocal or instrumental sounds (or both) combined in such a way as to produce beauty of form, harmony, and expression of emotion",,oxford3000,music,base
musical,adj,A2,single,Relating to music; having the qualities of music,,oxford3000,musical,base
musical,noun,B1,single,a play or film whose action and dialogue is interspersed with singing and dancing,,oxford3000,musical,base
musical,noun,B1,single,a play or film whose action and dialogue is interspersed with singing and dancing,,oxford3000,musicals,plural
musician,noun,A2,single,"A person who plays a musical instrument, especially as a profession, or is musically talented",,oxford3000,musician,base
musician,noun,A2,single,"A person who plays a musical instrument, especially as a profession, or is musically talented",,oxford3000,musicians,plural
must,verb,A1,single,Be obliged to; should (expressing necessity),,oxford3000,must,base
my,det,A1,single,Belonging to or associated with the speaker,,oxford3000,my,base
myself,pron,A2,single,Used by a speaker to refer to himself or herself as the object of a verb or preposition,,oxford3000,myself,base
mysterious,adj,B2,single,"Difficult or impossible to understand, explain, or identify",,oxford3000,mysterious,base
mystery,noun,B1,single,Something that is difficult or impossible to understand or explain,,oxford3000,mystery,base
mystery,noun,B1,single,Something that is difficult or impossible to understand or explain,,oxford3000,mysteries,plural
nail,noun,B1,single,"A small metal spike with a broadened flat head, driven into wood to join things together or to serve as a hook",,oxford3000,nail,base
nail,noun,B1,single,"A small metal spike with a broadened flat head, driven into wood to join things together or to serve as a hook",,oxford3000,nails,plural
name,noun,A1,single,"A word or set of words by which a person or thing is known, addressed, or referred to",,oxford3000,name,base
name,noun,A1,single,"A word or set of words by which a person or thing is known, addressed, or referred to",,oxford3000,names,plural
name,verb,A1,single,assign a specified (usually proper) proper name to,,oxford3000,name,base
name,verb,A1,single,assign a specified (usually proper) proper name to,,oxford3000,names,third_person
name,verb,A1,single,assign a specified (usually proper) proper name to,,oxford3000,named,past
name,verb,A1,single,assign a specified (usually proper) proper name to,,oxford3000,naming,gerund
narrative,adj,B1,single,consisting of or characterized by the telling of a story,,oxford3000,narrative,base
narrative,noun,B1,single,a message that tells the particulars of an act or occurrence or course of events; presented in writing or drama or cinema or as a radio or television program,,oxford3000,narrative,base
narrative,noun,B1,single,a message that tells the particulars of an act or occurrence or course of events; presented in writing or drama or cinema or as a radio or television program,,oxford3000,narratives,plural
narrow,adj,A2,single,Of small width in relation to length,,oxford3000,narrow,base
narrow,adj,A2,single,Of small width in relation to length,,oxford3000,narrower,comparative
narrow,adj,A2,single,Of small width in relation to length,,oxford3000,narrowest,superlative
narrow,verb,B2,single,make or become more narrow or restricted,,oxford3000,narrow,base
narrow,verb,B2,single,make or become more narrow or restricted,,oxford3000,narrows,third_person
narrow,verb,B2,single,make or become more narrow or restricted,,oxford3000,narrowed,past
narrow,verb,B2,single,make or become more narrow or restricted,,oxford3000,narrowing,gerund
nation,noun,B1,single,"A large body of people united by common descent, history, culture, or language, inhabiting a particular state or territory",,oxford3000,nation,base
nation,noun,B1,single,"A large body of people united by common descent, history, culture, or language, inhabiting a particular state or territory",,oxford3000,nations,plural
national,adj,A2,single,Relating to or characteristic of a nation; common to a whole nation,,oxford3000,national,base
national,noun,B2,single,a person who owes allegiance to that nation,,oxford3000,national,base
national,noun,B2,single,a person who owes allegiance to that nation,,oxford3000,nationals,plural
native,adj,B1,single,characteristic of or existing by virtue of geographic origin,,oxford3000,native,base
native,noun,B1,single,an indigenous person who was born in a particular place,,oxford3000,native,base
native,noun,B1,single,an indigenous person who was born in a particular place,,oxford3000,natives,plural
natural,adj,A1,single,Existing in or derived from nature; not made or caused by humankind,,oxford3000,natural,base
naturally,adv,B1,single,In a natural manner; by nature,,oxford3000,naturally,base
nature,noun,A2,single,"The phenomena of the physical world collectively, including plants, animals, the landscape, and other features and products of the earth, as opposed to humans or human creations",,oxford3000,nature,base
nature,noun,A2,single,"The phenomena of the physical world collectively, including plants, animals, the landscape, and other features and products of the earth, as opposed to humans or human creations",,oxford3000,natures,plural
near,adj,A1,single,not far distant in time or space or degree or circumstances,,oxford3000,near,base
near,adj,A1,single,not far distant in time or space or degree or circumstances,,oxford3000,nearer,comparative
near,adj,A1,single,not far distant in time or space or degree or circumstances,,oxford3000,nearest,superlative
near,adv,A1,single,At or to a short distance away; close to,,oxford3000,near,base
near,adv,A1,single,At or to a short distance away; close to,,oxford3000,nearer,comparative
near,adv,A1,single,At or to a short distance away; close to,,oxford3000,nearest,superlative
near,prep,A1,single,At or to a short distance away; close to,,oxford3000,near,base
nearly,adv,A2,single,Very close to; almost,,oxford3000,nearly,base
neat,adj,B2,single,"Arranged in an orderly, tidy way",,oxford3000,neat,base
neat,adj,B2,single,"Arranged in an orderly, tidy way",,oxford3000,neater,comparative
neat,adj,B2,single,"Arranged in an orderly, tidy way",,oxford3000,neatest,superlative
necessarily,adv,B1,single,in an essential manner,,oxford3000,necessarily,base
necessary,adj,A2,single,"Required to be done, achieved, or present; needed; essential",,oxford3000,necessary,base
neck,noun,A2,single,The part of a person's or animal's body connecting the head to the rest of the body,,oxford3000,neck,base
neck,noun,A2,single,The part of a person's or animal's body connecting the head to the rest of the body,,oxford3000,necks,plural
need,noun,A2,single,a condition requiring relief,,oxford3000,need,base
need,noun,A2,single,a condition requiring relief,,oxford3000,needs,plural
need,verb,A1,single,Require (something) because it is essential or very important,,oxford3000,need,base
need,verb,A1,single,Require (something) because it is essential or very important,,oxford3000,needs,third_person
need,verb,A1,single,Require (something) because it is essential or very important,,oxford3000,needed,past
need,verb,A1,single,Require (something) because it is essential or very important,,oxford3000,needing,gerund
needle,noun,B1,single,"A very fine, slender piece of metal with a point at one end and a hole (or eye) for thread at the other, used in sewing",,oxford3000,needle,base
needle,noun,B1,single,"A very fine, slender piece of metal with a point at one end and a hole (or eye) for thread at the other, used in sewing",,oxford3000,needles,plural
negative,adj,A1,single,Consisting in or characterized by the absence rather than the presence of distinguishing features,,oxford3000,negative,base
negative,noun,B2,single,a reply of denial,,oxford3000,negative,base
negative,noun,B2,single,a reply of denial,,oxford3000,negatives,plural
neighbour,noun,A1,single,a person who lives (or is located) near another,,oxford3000,neighbour,base
neighbour,noun,A1,single,a person who lives (or is located) near another,,oxford3000,neighbours,plural
neighbourhood,noun,B1,single,a surrounding or nearby region,,oxford3000,neighbourhood,base
neighbourhood,noun,B1,single,a surrounding or nearby region,,oxford3000,neighbourhoods,plural
neither,adv,B1,single,Not the one nor the other of two people or things; not either,,oxford3000,neither,base
neither,det,A2,single,Not the one nor the other of two people or things; not either,,oxford3000,neither,base
neither,pron,A2,single,Not the one nor the other of two people or things; not either,,oxford3000,neither,base
nerve,noun,B2,single,"A whitish fiber or bundle of fibers in the body that transmits impulses of sensation to the brain or spinal cord, and impulses from these to the muscles and organs",,oxford3000,nerve,base
nerve,noun,B2,single,"A whitish fiber or bundle of fibers in the body that transmits impulses of sensation to the brain or spinal cord, and impulses from these to the muscles and organs",,oxford3000,nerves,plural
nervous,adj,A2,single,Easily agitated or alarmed,,oxford3000,nervous,base
net,noun,B1,single,"A piece of open-meshed material made of twine, cord, or something similar, used typically for catching fish or other animals",,oxford3000,net,base
net,noun,B1,single,"A piece of open-meshed material made of twine, cord, or something similar, used typically for catching fish or other animals",,oxford3000,nets,plural
network,noun,A2,single,A group or system of interconnected people or things,,oxford3000,network,base
network,noun,A2,single,A group or system of interconnected people or things,,oxford3000,networks,plural
never,adv,A1,single,At no time in the past or future; not ever,,oxford3000,never,base
nevertheless,adv,B2,single,despite anything to the contrary (usually following a concession),,oxford3000,nevertheless,base
new,adj,A1,single,"Not existing before; made, introduced, or discovered recently or now for the first time",,oxford3000,new,base
new,adj,A1,single,"Not existing before; made, introduced, or discovered recently or now for the first time",,oxford3000,newer,comparative
new,adj,A1,single,"Not existing before; made, introduced, or discovered recently or now for the first time",,oxford3000,newest,superlative
news,noun,A1,single,"Newly received or noteworthy information, especially about recent events",,oxford3000,news,base
newspaper,noun,A1,single,"A printed publication (usually issued daily or weekly) consisting of folded unstapled sheets and containing news, articles, advertisements, and correspondence",,oxford3000,newspaper,base
newspaper,noun,A1,single,"A printed publication (usually issued daily or weekly) consisting of folded unstapled sheets and containing news, articles, advertisements, and correspondence",,oxford3000,newspapers,plural
next,adj,A1,single,"Coming immediately after the present one in order, rank, or space",,oxford3000,next,base
next,adv,A1,single,at the time or occasion immediately following,,oxford3000,next,base
next,noun,B1,single,"Coming immediately after the present one in order, rank, or space",,oxford3000,next,base
next to,prep,A1,phrase,,,oxford3000,next to,base
nice,adj,A1,single,Pleasant; agreeable; satisfactory,,oxford3000,nice,base
nice,adj,A1,single,Pleasant; agreeable; satisfactory,,oxford3000,nicer,comparative
nice,adj,A1,single,Pleasant; agreeable; satisfactory,,oxford3000,nicest,superlative
night,noun,A1,single,The period of darkness in each twenty-four hours; the time from sunset to sunrise,,oxford3000,night,base
night,noun,A1,single,The period of darkness in each twenty-four hours; the time from sunset to sunrise,,oxford3000,nights,plural
nightmare,noun,B2,single,a situation resembling a terrifying dream,,oxford3000,nightmare,base
nightmare,noun,B2,single,a situation resembling a terrifying dream,,oxford3000,nightmares,plural
nine,number,A1,single,"Equivalent to the product of three and three; one more than eight, or one less than ten; 9",,oxford3000,nine,base
nineteen,number,A1,single,"Equivalent to the product of nine and ten; one more than eighteen, or one less than twenty; 19",,oxford3000,nineteen,base
ninety,number,A1,single,"The number equivalent to the product of nine and ten; one more than eighty-nine, or ten less than one hundred; 90",,oxford3000,ninety,base
no,det,A1,single,Not any,,oxford3000,no,base
no,exclam,A1,single,Not any,,oxford3000,no,base
no one,pron,A1,phrase,,,oxford3000,no one,base
nobody,pron,A1,single,No person; no one,,oxford3000,nobody,base
noise,noun,A2,single,"A sound, especially one that is loud or unpleasant or that causes disturbance",,oxford3000,noise,base
noise,noun,A2,single,"A sound, especially one that is loud or unpleasant or that causes disturbance",,oxford3000,noises,plural
noisy,adj,A2,single,Making or given to making a lot of noise,,oxford3000,noisy,base
noisy,adj,A2,single,Making or given to making a lot of noise,,oxford3000,noisier,comparative
noisy,adj,A2,single,Making or given to making a lot of noise,,oxford3000,noisiest,superlative
none,pron,A2,single,Not any,,oxford3000,none,base
nor,adv,B1,single,Used to introduce a further negative statement,,oxford3000,nor,base
nor,conj,B1,single,Used to introduce a further negative statement,,oxford3000,nor,base
normal,adj,A2,single,"Conforming to a standard; usual, typical, or expected",,oxford3000,normal,base
normal,noun,B1,single,something regarded as a normative example,,oxford3000,normal,base
normal,noun,B1,single,something regarded as a normative example,,oxford3000,normals,plural
normally,adv,A2,single,Under normal or usual conditions,,oxford3000,normally,base
north,adj,A1,single,situated in or facing or moving toward or coming from the north,,oxford3000,north,base
north,adv,A1,single,in a northern direction,,oxford3000,north,base
north,noun,A1,single,"The direction in which a compass needle normally points, toward the horizon on the left-hand side of a person facing the rising sun",,oxford3000,north,base
northern,adj,B1,single,"Situated in the north, or directed toward or facing the north",,oxford3000,northern,base
nose,noun,A1,single,"The part projecting above the mouth on the face of a person or animal, containing the nostrils and used for breathing and smelling",,oxford3000,nose,base
nose,noun,A1,single,"The part projecting above the mouth on the face of a person or animal, containing the nostrils and used for breathing and smelling",,oxford3000,noses,plural
not,adv,A1,single,Used with an auxiliary verb or “be” to form the negative,,oxford3000,not,base
note,noun,A1,single,"A brief record of facts, topics, or thoughts, written down as an aid to memory",,oxford3000,note,base
note,noun,A1,single,"A brief record of facts, topics, or thoughts, written down as an aid to memory",,oxford3000,notes,plural
note,verb,B1,single,make mention of,,oxford3000,note,base
note,verb,B1,single,make mention of,,oxford3000,notes,third_person
note,verb,B1,single,make mention of,,oxford3000,noted,past
note,verb,B1,single,make mention of,,oxford3000,noting,gerund
nothing,pron,A1,single,Not anything; no single thing,,oxford3000,nothing,base
notice,noun,A2,single,"an announcement containing information about an event; ; ; ""a notice of sale",,oxford3000,notice,base
notice,noun,A2,single,"an announcement containing information about an event; ; ; ""a notice of sale",,oxford3000,notices,plural
notice,verb,A2,single,The fact of observing or paying attention to something,,oxford3000,notice,base
notice,verb,A2,single,The fact of observing or paying attention to something,,oxford3000,notices,third_person
notice,verb,A2,single,The fact of observing or paying attention to something,,oxford3000,noticed,past
notice,verb,A2,single,The fact of observing or paying attention to something,,oxford3000,noticing,gerund
notion,noun,B2,single,a vague idea in which some confidence is placed,,oxford3000,notion,base
notion,noun,B2,single,a vague idea in which some confidence is placed,,oxford3000,notions,plural
novel,noun,A2,single,"A fictitious prose narrative of book length, typically representing character and action with some degree of realism",,oxford3000,novel,base
novel,noun,A2,single,"A fictitious prose narrative of book length, typically representing character and action with some degree of realism",,oxford3000,novels,plural
november,noun,A1,single,"The eleventh month of the year, in the northern hemisphere usually considered the last month of autumn",,oxford3000,november,base
now,adv,A1,single,At the present moment,,oxford3000,now,base
now,conj,B1,single,At the present moment,,oxford3000,now,base
nowhere,adv,A2,single,Not in or to any place; not anywhere,,oxford3000,nowhere,base
nuclear,adj,B1,single,Relating to the nucleus of an atom,,oxford3000,nuclear,base
number,adv,A2,single,"An arithmetical value, expressed by a word, symbol, or figure, representing a particular quantity and used in counting and making calculations",,oxford3000,number,base
number,noun,A1,single,"An arithmetical value, expressed by a word, symbol, or figure, representing a particular quantity and used in counting and making calculations",,oxford3000,number,base
number,noun,A1,single,"An arithmetical value, expressed by a word, symbol, or figure, representing a particular quantity and used in counting and making calculations",,oxford3000,numbers,plural
number,verb,A2,single,add up in number or quantity,,oxford3000,number,base
number,verb,A2,single,add up in number or quantity,,oxford3000,numbers,third_person
number,verb,A2,single,add up in number or quantity,,oxford3000,numbered,past
number,verb,A2,single,add up in number or quantity,,oxford3000,numbering,gerund
numerous,adj,B2,single,Great in number; many,,oxford3000,numerous,base
nurse,noun,A1,single,"A person trained to care for the sick or infirm, especially in a hospital",,oxford3000,nurse,base
nurse,noun,A1,single,"A person trained to care for the sick or infirm, especially in a hospital",,oxford3000,nurses,plural
nut,noun,A2,single,A hard-shelled fruit of some plants,,oxford3000,nut,base
nut,noun,A2,single,A hard-shelled fruit of some plants,,oxford3000,nuts,plural
o'clock,adv,A1,single,according to the clock,,oxford3000,o'clock,base
obey,verb,B2,single,"Comply with the command, direction, or request of (a person or a law); submit to the authority of",,oxford3000,obey,base
obey,verb,B2,single,"Comply with the command, direction, or request of (a person or a law); submit to the authority of",,oxford3000,obeys,third_person
obey,verb,B2,single,"Comply with the command, direction, or request of (a person or a law); submit to the authority of",,oxford3000,obeyed,past
obey,verb,B2,single,"Comply with the command, direction, or request of (a person or a law); submit to the authority of",,oxford3000,obeying,gerund
object,noun,A1,single,A material thing that can be seen and touched,,oxford3000,object,base
object,noun,A1,single,A material thing that can be seen and touched,,oxford3000,objects,plural
object,verb,B2,single,express or raise an objection or protest or criticism or express dissent,,oxford3000,object,base
object,verb,B2,single,express or raise an objection or protest or criticism or express dissent,,oxford3000,objects,third_person
object,verb,B2,single,express or raise an objection or protest or criticism or express dissent,,oxford3000,objected,past
object,verb,B2,single,express or raise an objection or protest or criticism or express dissent,,oxford3000,objecting,gerund
objective,adj,B2,single,undistorted by emotion or personal bias; based on observable phenomena,,oxford3000,objective,base
objective,noun,B2,single,A thing aimed at or sought; a goal,,oxford3000,objective,base
objective,noun,B2,single,A thing aimed at or sought; a goal,,oxford3000,objectives,plural
obligation,noun,B2,single,the social force that binds you to the courses of action demanded by that force; ; - John D.Rockefeller Jr,,oxford3000,obligation,base
obligation,noun,B2,single,the social force that binds you to the courses of action demanded by that force; ; - John D.Rockefeller Jr,,oxford3000,obligations,plural
observation,noun,B2,single,The action or process of observing something or someone carefully or in order to gain information,,oxford3000,observation,base
observation,noun,B2,single,The action or process of observing something or someone carefully or in order to gain information,,oxford3000,observations,plural
observe,verb,B2,single,Notice or perceive (something) and register it as being significant,,oxford3000,observe,base
observe,verb,B2,single,Notice or perceive (something) and register it as being significant,,oxford3000,observes,third_person
observe,verb,B2,single,Notice or perceive (something) and register it as being significant,,oxford3000,observed,past
observe,verb,B2,single,Notice or perceive (something) and register it as being significant,,oxford3000,observing,gerund
obtain,verb,B2,single,"Get, acquire, or secure (something)",,oxford3000,obtain,base
obtain,verb,B2,single,"Get, acquire, or secure (something)",,oxford3000,obtains,third_person
obtain,verb,B2,single,"Get, acquire, or secure (something)",,oxford3000,obtained,past
obtain,verb,B2,single,"Get, acquire, or secure (something)",,oxford3000,obtaining,gerund
obvious,adj,B1,single,"Easily perceived or understood; clear, self-evident, or apparent",,oxford3000,obvious,base
obviously,adv,B1,single,In a way that is easily perceived or understood; clearly,,oxford3000,obviously,base
occasion,noun,B1,single,A particular time or instance of an event,,oxford3000,occasion,base
occasion,noun,B1,single,A particular time or instance of an event,,oxford3000,occasions,plural
occasionally,adv,B2,single,At infrequent or irregular intervals; now and then,,oxford3000,occasionally,base
occur,verb,B1,single,Happen; take place,,oxford3000,occur,base
occur,verb,B1,single,Happen; take place,,oxford3000,occurs,third_person
occur,verb,B1,single,Happen; take place,,oxford3000,occurred,past
occur,verb,B1,single,Happen; take place,,oxford3000,occured,past
occur,verb,B1,single,Happen; take place,,oxford3000,occurring,gerund
occur,verb,B1,single,Happen; take place,,oxford3000,occuring,gerund
ocean,noun,A2,single,"A very large expanse of sea, in particular each of the main areas into which the sea is divided geographically",,oxford3000,ocean,base
ocean,noun,A2,single,"A very large expanse of sea, in particular each of the main areas into which the sea is divided geographically",,oxford3000,oceans,plural
october,noun,A1,single,"The tenth month of the year, in the northern hemisphere usually considered the second month of autumn",,oxford3000,october,base
odd,adj,B1,single,Different from what is usual or expected; strange,,oxford3000,odd,base
odd,adj,B1,single,Different from what is usual or expected; strange,,oxford3000,odder,comparative
odd,adj,B1,single,Different from what is usual or expected; strange,,oxford3000,oddest,superlative
of,prep,A1,single,Expressing the relationship between a part and a whole,,oxford3000,of,base
off,adv,A1,single,Away from the place in question; to or at a distance,,oxford3000,off,base
off,prep,A1,single,Away from the place in question; to or at a distance,,oxford3000,off,base
offence,noun,B2,single,A breach of a law or rule; an illegal act,,oxford3000,offence,base
offence,noun,B2,single,A breach of a law or rule; an illegal act,,oxford3000,offences,plural
offend,verb,B2,single,"Cause to feel upset, annoyed, or resentful",,oxford3000,offend,base
offend,verb,B2,single,"Cause to feel upset, annoyed, or resentful",,oxford3000,offends,third_person
offend,verb,B2,single,"Cause to feel upset, annoyed, or resentful",,oxford3000,offended,past
offend,verb,B2,single,"Cause to feel upset, annoyed, or resentful",,oxford3000,offending,gerund
offensive,adj,B2,single,"Causing someone to feel deeply hurt, upset, or angry",,oxford3000,offensive,base
offer,noun,A2,single,the verbal act of offering,,oxford3000,offer,base
offer,noun,A2,single,the verbal act of offering,,oxford3000,offers,plural
offer,verb,A2,single,Present or proffer (something) for (someone) to accept or reject as so desired,,oxford3000,offer,base
offer,verb,A2,single,Present or proffer (something) for (someone) to accept or reject as so desired,,oxford3000,offers,third_person
offer,verb,A2,single,Present or proffer (something) for (someone) to accept or reject as so desired,,oxford3000,offered,past
offer,verb,A2,single,Present or proffer (something) for (someone) to accept or reject as so desired,,oxford3000,offering,gerund
office,noun,A1,single,"A room, set of rooms, or building used as a place for commercial, professional, or bureaucratic work",,oxford3000,office,base
office,noun,A1,single,"A room, set of rooms, or building used as a place for commercial, professional, or bureaucratic work",,oxford3000,offices,plural
officer,noun,A2,single,"A person holding a position of command or authority in the armed services, in the police, or in a public office",,oxford3000,officer,base
officer,noun,A2,single,"A person holding a position of command or authority in the armed services, in the police, or in a public office",,oxford3000,officers,plural
official,adj,B1,single,"Relating to an authority or public body and its duties, actions, and responsibilities",,oxford3000,official,base
official,noun,B2,single,a worker who holds or is invested with an office,,oxford3000,official,base
official,noun,B2,single,a worker who holds or is invested with an office,,oxford3000,officials,plural
often,adv,A1,single,Frequently; many times,,oxford3000,often,base
oh,exclam,A1,single,"Used to express a range of emotions including surprise, excitement, and sadness",,oxford3000,oh,base
oil,noun,A2,single,"A viscous liquid derived from petroleum, especially for use as a fuel or lubricant",,oxford3000,oil,base
oil,noun,A2,single,"A viscous liquid derived from petroleum, especially for use as a fuel or lubricant",,oxford3000,oils,plural
ok,adj,A1,single,being satisfactory or in satisfactory condition,,oxford3000,ok,base
ok,adv,A1,single,an expression of agreement normally occurring at the beginning of a sentence,,oxford3000,ok,base
ok,exclam,A1,single,,,oxford3000,ok,base
old,adj,A1,single,Having lived for a long time; no longer young,,oxford3000,old,base
old,adj,A1,single,Having lived for a long time; no longer young,,oxford3000,older,comparative
old,adj,A1,single,Having lived for a long time; no longer young,,oxford3000,elder,comparative
old,adj,A1,single,Having lived for a long time; no longer young,,oxford3000,oldest,superlative
old,adj,A1,single,Having lived for a long time; no longer young,,oxford3000,eldest,superlative
old-fashioned,adj,B1,single,out of fashion,,oxford3000,old-fashioned,base
on,adv,A1,single,with a forward motion,,oxford3000,on,base
on,prep,A1,single,Physically in contact with and supported by (a surface),,oxford3000,on,base
once,adv,A1,single,On one occasion or for one time only,,oxford3000,once,base
once,conj,B1,single,On one occasion or for one time only,,oxford3000,once,base
one,det,A1,single,The lowest cardinal number; half of two; 1,,oxford3000,one,base
one,number,A1,single,The lowest cardinal number; half of two; 1,,oxford3000,one,base
one,pron,A1,single,The lowest cardinal number; half of two; 1,,oxford3000,one,base
onion,noun,A1,single,"A swollen edible bulb used as a vegetable, having a pungent taste and smell and composed of several concentric layers",,oxford3000,onion,base
onion,noun,A1,single,"A swollen edible bulb used as a vegetable, having a pungent taste and smell and composed of several concentric layers",,oxford3000,onions,plural
online,adj,A1,single,Controlled by or connected to a computer,,oxford3000,online,base
online,adv,A1,single,Controlled by or connected to a computer,,oxford3000,online,base
only,adj,A1,single,being the only one; single and isolated from others,,oxford3000,only,base
only,adv,A1,single,And no one or nothing more besides; solely,,oxford3000,only,base
onto,prep,A2,single,To a position on the surface of,,oxford3000,onto,base
open,adj,A1,single,"Allowing access, passage, or a view through an empty space; not closed or blocked",,oxford3000,open,base
open,verb,A1,single,cause to open or to become open,,oxford3000,open,base
open,verb,A1,single,cause to open or to become open,,oxford3000,opens,third_person
open,verb,A1,single,cause to open or to become open,,oxford3000,opened,past
open,verb,A1,single,cause to open or to become open,,oxford3000,opening,gerund
opening,noun,B2,single,an open or empty space in or between things,,oxford3000,opening,base
opening,noun,B2,single,an open or empty space in or between things,,oxford3000,openings,plural
operate,verb,B2,single,"(of a machine, process, or system) function in a specified manner",,oxford3000,operate,base
operate,verb,B2,single,"(of a machine, process, or system) function in a specified manner",,oxford3000,operates,third_person
operate,verb,B2,single,"(of a machine, process, or system) function in a specified manner",,oxford3000,operated,past
operate,verb,B2,single,"(of a machine, process, or system) function in a specified manner",,oxford3000,operating,gerund
operation,noun,B1,single,The fact or condition of functioning or being active,,oxford3000,operation,base
operation,noun,B1,single,The fact or condition of functioning or being active,,oxford3000,operations,plural
opinion,noun,A1,single,"A view or judgment formed about something, not necessarily based on fact or knowledge",,oxford3000,opinion,base
opinion,noun,A1,single,"A view or judgment formed about something, not necessarily based on fact or knowledge",,oxford3000,opinions,plural
opponent,noun,B2,single,a contestant that you are matched against,,oxford3000,opponent,base
opponent,noun,B2,single,a contestant that you are matched against,,oxford3000,opponents,plural
opportunity,noun,A2,single,A set of circumstances that makes it possible to do something,,oxford3000,opportunity,base
opportunity,noun,A2,single,A set of circumstances that makes it possible to do something,,oxford3000,opportunities,plural
oppose,verb,B2,single,"Disagree with and attempt to prevent, especially by argument",,oxford3000,oppose,base
oppose,verb,B2,single,"Disagree with and attempt to prevent, especially by argument",,oxford3000,opposes,third_person
oppose,verb,B2,single,"Disagree with and attempt to prevent, especially by argument",,oxford3000,opposed,past
oppose,verb,B2,single,"Disagree with and attempt to prevent, especially by argument",,oxford3000,opposing,gerund
opposed,adj,B2,single,being in opposition or having an opponent,,oxford3000,opposed,base
opposite,adj,A1,single,"Having a position on the other or further side of something; facing something, especially something of the same type",,oxford3000,opposite,base
opposite,adv,A1,single,directly facing each other,,oxford3000,opposite,base
opposite,noun,A1,single,"a word that expresses a meaning opposed to the meaning of another word, in which case the two words are antonyms of each other",,oxford3000,opposite,base
opposite,noun,A1,single,"a word that expresses a meaning opposed to the meaning of another word, in which case the two words are antonyms of each other",,oxford3000,opposites,plural
opposite,prep,A1,single,"Having a position on the other or further side of something; facing something, especially something of the same type",,oxford3000,opposite,base
opposition,noun,B2,single,"Resistance or dissent, expressed in action or argument",,oxford3000,opposition,base
opposition,noun,B2,single,"Resistance or dissent, expressed in action or argument",,oxford3000,oppositions,plural
option,noun,A2,single,A thing that is or may be chosen,,oxford3000,option,base
option,noun,A2,single,A thing that is or may be chosen,,oxford3000,options,plural
or,conj,A1,single,Used to link alternatives,,oxford3000,or,base
orange,adj,A1,single,of the color between red and yellow; similar to the color of a ripe orange,,oxford3000,orange,base
orange,noun,A1,single,A round juicy citrus fruit with a tough bright reddish-yellow rind,,oxford3000,orange,base
orange,noun,A1,single,A round juicy citrus fruit with a tough bright reddish-yellow rind,,oxford3000,oranges,plural
order,noun,A1,single,"(often plural) a command given by a superior (e.g., a military or law enforcement officer) that must be obeyed",,oxford3000,order,base
order,noun,A1,single,"(often plural) a command given by a superior (e.g., a military or law enforcement officer) that must be obeyed",,oxford3000,orders,plural
order,verb,A1,single,Give an authoritative direction or instruction to do something,,oxford3000,order,base
order,verb,A1,single,Give an authoritative direction or instruction to do something,,oxford3000,orders,third_person
order,verb,A1,single,Give an authoritative direction or instruction to do something,,oxford3000,ordered,past
order,verb,A1,single,Give an authoritative direction or instruction to do something,,oxford3000,ordering,gerund
ordinary,adj,A2,single,With no special or distinctive features; normal,,oxford3000,ordinary,base
organ,noun,B2,single,a fully differentiated structural and functional unit in an animal that is specialized for some particular function,,oxford3000,organ,base
organ,noun,B2,single,a fully differentiated structural and functional unit in an animal that is specialized for some particular function,,oxford3000,organs,plural
organization,noun,A2,single,"An organized body of people with a particular purpose, especially a business, society, association, etc.",,oxford3000,organization,base
organization,noun,A2,single,"An organized body of people with a particular purpose, especially a business, society, association, etc.",,oxford3000,organizations,plural
organize,verb,A2,single,Arrange into a structured whole; order,,oxford3000,organize,base
organize,verb,A2,single,Arrange into a structured whole; order,,oxford3000,organizes,third_person
organize,verb,A2,single,Arrange into a structured whole; order,,oxford3000,organized,past
organize,verb,A2,single,Arrange into a structured whole; order,,oxford3000,organizing,gerund
organized,adj,B1,single,Arranged or structured in a systematic way,,oxford3000,organized,base
organizer,noun,B1,single,a person who brings order and organization to an enterprise,,oxford3000,organizer,base
organizer,noun,B1,single,a person who brings order and organization to an enterprise,,oxford3000,organizers,plural
origin,noun,B2,single,"The point or place where something begins, arises, or is derived",,oxford3000,origin,base
origin,noun,B2,single,"The point or place where something begins, arises, or is derived",,oxford3000,origins,plural
original,adj,A2,single,Present or existing from the beginning; first or earliest,,oxford3000,original,base
original,noun,B1,single,"an original creation (i.e., an audio recording) from which copies can be made",,oxford3000,original,base
original,noun,B1,single,"an original creation (i.e., an audio recording) from which copies can be made",,oxford3000,originals,plural
originally,adv,B1,single,From or in the beginning; at first,,oxford3000,originally,base
other,adj,A1,single,Used to refer to a person or thing that is different or distinct from one already mentioned or known,,oxford3000,other,base
other,pron,A1,single,Used to refer to a person or thing that is different or distinct from one already mentioned or known,,oxford3000,other,base
otherwise,adv,B2,single,In circumstances different from those present or considered; or else,,oxford3000,otherwise,base
ought,verb,B1,single,,,oxford3000,ought,base
our,det,A1,single,Belonging to or associated with the speaker and one or more other people previously mentioned or easily identified,,oxford3000,our,base
ours,pron,B1,single,Belonging to or associated with the speaker and one or more other people,,oxford3000,ours,base
ourselves,pron,A2,single,Used by a speaker to refer to himself or herself and one or more other people as the object of a verb or preposition when they are also the subject of the clause,,oxford3000,ourselves,base
out,adv,A1,single,"Moving or appearing to move away from a particular place, especially one that is enclosed or hidden",,oxford3000,out,base
out,prep,A1,single,"Moving or appearing to move away from a particular place, especially one that is enclosed or hidden",,oxford3000,out,base
outcome,noun,B2,single,something that results,,oxford3000,outcome,base
outcome,noun,B2,single,something that results,,oxford3000,outcomes,plural
outdoor,adj,B1,single,"Situated, occurring, or done outside, rather than in a building",,oxford3000,outdoor,base
outdoors,adv,B1,single,"In, into, or toward the open air",,oxford3000,outdoors,base
outer,adj,B2,single,Situated on or toward the outside,,oxford3000,outer,base
outline,noun,B2,single,A general description or plan giving the essential features of something but not the detail,,oxford3000,outline,base
outline,noun,B2,single,A general description or plan giving the essential features of something but not the detail,,oxford3000,outlines,plural
outline,verb,B2,single,describe roughly or briefly or give the main points or summary of,,oxford3000,outline,base
outline,verb,B2,single,describe roughly or briefly or give the main points or summary of,,oxford3000,outlines,third_person
outline,verb,B2,single,describe roughly or briefly or give the main points or summary of,,oxford3000,outlined,past
outline,verb,B2,single,describe roughly or briefly or give the main points or summary of,,oxford3000,outlining,gerund
outside,adj,A1,single,The external side or surface of something,,oxford3000,outside,base
outside,adv,A1,single,outside a building,,oxford3000,outside,base
outside,noun,A1,single,the region that is outside of something,,oxford3000,outside,base
outside,noun,A1,single,the region that is outside of something,,oxford3000,outsides,plural
outside,prep,A1,single,The external side or surface of something,,oxford3000,outside,base
oven,noun,A2,single,kitchen appliance used for baking or roasting,,oxford3000,oven,base
oven,noun,A2,single,kitchen appliance used for baking or roasting,,oxford3000,ovens,plural
over,adv,A1,single,at or to a point across intervening space etc.,,oxford3000,over,base
over,prep,A1,single,Extending directly upward from,,oxford3000,over,base
overall,adj,B2,single,Taking everything into account,,oxford3000,overall,base
overall,adv,B2,single,Taking everything into account,,oxford3000,overall,base
owe,verb,B2,single,"Have an obligation to pay or repay (something, especially money) in return for something received",,oxford3000,owe,base
owe,verb,B2,single,"Have an obligation to pay or repay (something, especially money) in return for something received",,oxford3000,owes,third_person
owe,verb,B2,single,"Have an obligation to pay or repay (something, especially money) in return for something received",,oxford3000,owed,past
owe,verb,B2,single,"Have an obligation to pay or repay (something, especially money) in return for something received",,oxford3000,owing,gerund
own,adj,A1,single,Belonging to oneself or itself,,oxford3000,own,base
own,pron,A1,single,Belonging to oneself or itself,,oxford3000,own,base
own,verb,A2,single,have ownership or possession of,,oxford3000,own,base
own,verb,A2,single,have ownership or possession of,,oxford3000,owns,third_person
own,verb,A2,single,have ownership or possession of,,oxford3000,owned,past
own,verb,A2,single,have ownership or possession of,,oxford3000,owning,gerund
owner,noun,A2,single,A person who owns something,,oxford3000,owner,base
owner,noun,A2,single,A person who owns something,,oxford3000,owners,plural
pace,noun,B2,single,the rate of moving (especially walking or running),,oxford3000,pace,base
pace,noun,B2,single,the rate of moving (especially walking or running),,oxford3000,paces,plural
pace,verb,B2,single,walk with slow or fast paces,,oxford3000,pace,base
pace,verb,B2,single,walk with slow or fast paces,,oxford3000,paces,third_person
pace,verb,B2,single,walk with slow or fast paces,,oxford3000,paced,past
pace,verb,B2,single,walk with slow or fast paces,,oxford3000,pacing,gerund
pack,noun,B1,single,a large indefinite number,,oxford3000,pack,base
pack,noun,B1,single,a large indefinite number,,oxford3000,packs,plural
pack,verb,A2,single,"Fill (a suitcase or bag), especially with clothes and other items needed when away from home",,oxford3000,pack,base
pack,verb,A2,single,"Fill (a suitcase or bag), especially with clothes and other items needed when away from home",,oxford3000,packs,third_person
pack,verb,A2,single,"Fill (a suitcase or bag), especially with clothes and other items needed when away from home",,oxford3000,packed,past
pack,verb,A2,single,"Fill (a suitcase or bag), especially with clothes and other items needed when away from home",,oxford3000,packing,gerund
package,noun,B1,single,An object or group of objects wrapped in paper or packed in a box,,oxford3000,package,base
package,noun,B1,single,An object or group of objects wrapped in paper or packed in a box,,oxford3000,packages,plural
package,verb,B2,single,put into a box,,oxford3000,package,base
package,verb,B2,single,put into a box,,oxford3000,packages,third_person
package,verb,B2,single,put into a box,,oxford3000,packaged,past
package,verb,B2,single,put into a box,,oxford3000,packaging,gerund
page,noun,A1,single,"One or both sides of a sheet of paper in a book, magazine, newspaper, or other collection of bound sheets",,oxford3000,page,base
page,noun,A1,single,"One or both sides of a sheet of paper in a book, magazine, newspaper, or other collection of bound sheets",,oxford3000,pages,plural
pain,noun,A2,single,Physical suffering or discomfort caused by illness or injury,,oxford3000,pain,base
pain,noun,A2,single,Physical suffering or discomfort caused by illness or injury,,oxford3000,pains,plural
painful,adj,B1,single,Causing physical pain,,oxford3000,painful,base
paint,noun,A1,single,A colored substance that is spread over a surface and dries to leave a thin decorative or protective coating,,oxford3000,paint,base
paint,noun,A1,single,A colored substance that is spread over a surface and dries to leave a thin decorative or protective coating,,oxford3000,paints,plural
paint,verb,A1,single,make a painting,,oxford3000,paint,base
paint,verb,A1,single,make a painting,,oxford3000,paints,third_person
paint,verb,A1,single,make a painting,,oxford3000,painted,past
paint,verb,A1,single,make a painting,,oxford3000,painting,gerund
painter,noun,A2,single,"A person who paints, especially as a job or hobby",,oxford3000,painter,base
painter,noun,A2,single,"A person who paints, especially as a job or hobby",,oxford3000,painters,plural
painting,noun,A1,single,"The process or art of using paint, in a picture, as a protective coating, or as decoration",,oxford3000,painting,base
painting,noun,A1,single,"The process or art of using paint, in a picture, as a protective coating, or as decoration",,oxford3000,paintings,plural
pair,noun,A1,single,A set of two things used together or regarded as a unit,,oxford3000,pair,base
pair,noun,A1,single,A set of two things used together or regarded as a unit,,oxford3000,pairs,plural
palace,noun,A2,single,a large and stately mansion,,oxford3000,palace,base
palace,noun,A2,single,a large and stately mansion,,oxford3000,palaces,plural
pale,adj,B1,single,Light in color or having little color,,oxford3000,pale,base
pale,adj,B1,single,Light in color or having little color,,oxford3000,paler,comparative
pale,adj,B1,single,Light in color or having little color,,oxford3000,palest,superlative
pan,noun,B1,single,A metal container used for cooking food in,,oxford3000,pan,base
panel,noun,B2,single,sheet that forms a distinct (usually flat and rectangular) section or component of something,,oxford3000,panel,base
panel,noun,B2,single,sheet that forms a distinct (usually flat and rectangular) section or component of something,,oxford3000,panels,plural
pants,noun,A2,single,Trousers,,oxford3000,pants,base
paper,noun,A1,single,"Material manufactured in thin sheets from the pulp of wood or other fibrous substances, used for writing, drawing, or printing on, or as wrapping material",,oxford3000,paper,base
paper,noun,A1,single,"Material manufactured in thin sheets from the pulp of wood or other fibrous substances, used for writing, drawing, or printing on, or as wrapping material",,oxford3000,papers,plural
paragraph,noun,A1,single,one of several distinct subdivisions of a text intended to separate ideas; the beginning is usually marked by a new indented line,,oxford3000,paragraph,base
paragraph,noun,A1,single,one of several distinct subdivisions of a text intended to separate ideas; the beginning is usually marked by a new indented line,,oxford3000,paragraphs,plural
parent,noun,A1,single,A father or mother,,oxford3000,parent,base
parent,noun,A1,single,A father or mother,,oxford3000,parents,plural
park,noun,A1,single,"A large public green area in a town, used for recreation",,oxford3000,park,base
park,noun,A1,single,"A large public green area in a town, used for recreation",,oxford3000,parks,plural
park,verb,A1,single,place temporarily,,oxford3000,park,base
park,verb,A1,single,place temporarily,,oxford3000,parks,third_person
park,verb,A1,single,place temporarily,,oxford3000,parked,past
park,verb,A1,single,place temporarily,,oxford3000,parking,gerund
parking,noun,A2,single,The action or practice of temporarily leaving a vehicle in a particular place,,oxford3000,parking,base
parliament,noun,B2,single,a legislative assembly in certain countries,,oxford3000,parliament,base
parliament,noun,B2,single,a legislative assembly in certain countries,,oxford3000,parliaments,plural
part,noun,A1,single,A piece or segment of something,,oxford3000,part,base
part,noun,A1,single,A piece or segment of something,,oxford3000,parts,plural
participant,noun,B2,single,A person who takes part in something,,oxford3000,participant,base
participant,noun,B2,single,A person who takes part in something,,oxford3000,participants,plural
participate,verb,B1,single,Take part in an action or endeavor,,oxford3000,participate,base
participate,verb,B1,single,Take part in an action or endeavor,,oxford3000,participates,third_person
participate,verb,B1,single,Take part in an action or endeavor,,oxford3000,participated,past
participate,verb,B1,single,Take part in an action or endeavor,,oxford3000,participating,gerund
particular,adj,A2,single,Used to single out an individual member of a specified group or class,,oxford3000,particular,base
particularly,adv,B1,single,To a higher degree than is usual or average,,oxford3000,particularly,base
partly,adv,B2,single,To some extent; not completely,,oxford3000,partly,base
partner,noun,A1,single,Either of a pair of people engaged together in the same activity,,oxford3000,partner,base
partner,noun,A1,single,Either of a pair of people engaged together in the same activity,,oxford3000,partners,plural
party,noun,A1,single,"A social gathering of invited guests, typically involving eating, drinking, and entertainment",,oxford3000,party,base
party,noun,A1,single,"A social gathering of invited guests, typically involving eating, drinking, and entertainment",,oxford3000,parties,plural
pass,noun,B1,single,(baseball) an advance to first base by a batter who receives four balls,,oxford3000,pass,base
pass,noun,B1,single,(baseball) an advance to first base by a batter who receives four balls,,oxford3000,passes,plural
pass,verb,A2,single,Move or cause to move in a specified direction,,oxford3000,pass,base
pass,verb,A2,single,Move or cause to move in a specified direction,,oxford3000,passes,third_person
pass,verb,A2,single,Move or cause to move in a specified direction,,oxford3000,passed,past
pass,verb,A2,single,Move or cause to move in a specified direction,,oxford3000,passing,gerund
passage,noun,B2,single,"The act or process of moving through, under, over, or past something on the way from one place to another",,oxford3000,passage,base
passage,noun,B2,single,"The act or process of moving through, under, over, or past something on the way from one place to another",,oxford3000,passages,plural
passenger,noun,A2,single,"A traveler on a public or private conveyance other than the driver, pilot, or crew",,oxford3000,passenger,base
passenger,noun,A2,single,"A traveler on a public or private conveyance other than the driver, pilot, or crew",,oxford3000,passengers,plural
passion,noun,B1,single,Strong and barely controllable emotion,,oxford3000,passion,base
passion,noun,B1,single,Strong and barely controllable emotion,,oxford3000,passions,plural
passport,noun,A1,single,any authorization to pass or go somewhere,,oxford3000,passport,base
passport,noun,A1,single,any authorization to pass or go somewhere,,oxford3000,passports,plural
past,adj,A1,single,earlier than the present time; no longer current,,oxford3000,past,base
past,adv,A2,single,so as to pass a given point,,oxford3000,past,base
past,noun,A1,single,Gone by in time and no longer existing,,oxford3000,past,base
past,noun,A1,single,Gone by in time and no longer existing,,oxford3000,pasts,plural
past,prep,A1,single,Gone by in time and no longer existing,,oxford3000,past,base
path,noun,B1,single,A way or track laid down for walking or made by continual treading,,oxford3000,path,base
path,noun,B1,single,A way or track laid down for walking or made by continual treading,,oxford3000,paths,plural
patient,adj,B2,single,"Able to accept or tolerate delays, problems, or suffering without becoming annoyed or anxious",,oxford3000,patient,base
patient,noun,A2,single,a person who requires medical care,,oxford3000,patient,base
patient,noun,A2,single,a person who requires medical care,,oxford3000,patients,plural
pattern,noun,A2,single,A repeated decorative design,,oxford3000,pattern,base
pattern,noun,A2,single,A repeated decorative design,,oxford3000,patterns,plural
pay,noun,A2,single,something that remunerates,,oxford3000,pay,base
pay,verb,A1,single,"Give (someone) money that is due for work done, goods received, or a debt incurred",,oxford3000,pay,base
pay,verb,A1,single,"Give (someone) money that is due for work done, goods received, or a debt incurred",,oxford3000,pays,third_person
pay,verb,A1,single,"Give (someone) money that is due for work done, goods received, or a debt incurred",,oxford3000,paid,past
pay,verb,A1,single,"Give (someone) money that is due for work done, goods received, or a debt incurred",,oxford3000,payed,past
pay,verb,A1,single,"Give (someone) money that is due for work done, goods received, or a debt incurred",,oxford3000,paying,gerund
payment,noun,B1,single,"The action or process of paying someone or something, or of being paid",,oxford3000,payment,base
payment,noun,B1,single,"The action or process of paying someone or something, or of being paid",,oxford3000,payments,plural
peace,noun,A2,single,Freedom from disturbance; tranquility,,oxford3000,peace,base
peaceful,adj,B1,single,Free from disturbance; tranquil,,oxford3000,peaceful,base
pen,noun,A1,single,An instrument for writing or drawing with ink,,oxford3000,pen,base
pen,noun,A1,single,An instrument for writing or drawing with ink,,oxford3000,pens,plural
pencil,noun,A1,single,"An instrument for writing or drawing, typically consisting of a thin stick of graphite or a similar substance enclosed in a long thin piece of wood or fixed in a metal or plastic case",,oxford3000,pencil,base
pencil,noun,A1,single,"An instrument for writing or drawing, typically consisting of a thin stick of graphite or a similar substance enclosed in a long thin piece of wood or fixed in a metal or plastic case",,oxford3000,pencils,plural
penny,noun,A2,single,a fractional monetary unit of Ireland and the United Kingdom; equal to one hundredth of a pound,,oxford3000,penny,base
penny,noun,A2,single,a fractional monetary unit of Ireland and the United Kingdom; equal to one hundredth of a pound,,oxford3000,pennies,plural
penny,noun,A2,single,a fractional monetary unit of Ireland and the United Kingdom; equal to one hundredth of a pound,,oxford3000,pence,plural
pension,noun,B2,single,a regular payment to a person that is intended to allow them to subsist without working,,oxford3000,pension,base
pension,noun,B2,single,a regular payment to a person that is intended to allow them to subsist without working,,oxford3000,pensions,plural
people,noun,A1,single,Human beings in general or considered collectively,,oxford3000,people,base
people,noun,A1,single,Human beings in general or considered collectively,,oxford3000,peoples,plural
pepper,noun,A1,single,"A pungent hot-tasting powder prepared from dried and ground peppercorns, used as a spice or condiment to flavor food",,oxford3000,pepper,base
pepper,noun,A1,single,"A pungent hot-tasting powder prepared from dried and ground peppercorns, used as a spice or condiment to flavor food",,oxford3000,peppers,plural
per,prep,A2,single,For each (used with units to express a rate),,oxford3000,per,base
per cent,adj,A2,phrase,,,oxford3000,per cent,base
per cent,adv,A2,phrase,,,oxford3000,per cent,base
per cent,noun,A2,phrase,,,oxford3000,per cent,base
percentage,noun,B1,single,a proportion in relation to a whole (which is usually the amount per hundred),,oxford3000,percentage,base
percentage,noun,B1,single,a proportion in relation to a whole (which is usually the amount per hundred),,oxford3000,percentages,plural
perfect,adj,A1,single,"Having all the required or desirable elements, qualities, or characteristics; as good as it is possible to be",,oxford3000,perfect,base
perfectly,adv,B1,single,In a perfect manner,,oxford3000,perfectly,base
perform,verb,A2,single,"Carry out, accomplish, or fulfill (an action, task, or function)",,oxford3000,perform,base
perform,verb,A2,single,"Carry out, accomplish, or fulfill (an action, task, or function)",,oxford3000,performs,third_person
perform,verb,A2,single,"Carry out, accomplish, or fulfill (an action, task, or function)",,oxford3000,performed,past
perform,verb,A2,single,"Carry out, accomplish, or fulfill (an action, task, or function)",,oxford3000,performing,gerund
performance,noun,B1,single,"An act of staging or presenting a play, concert, or other form of entertainment",,oxford3000,performance,base
performance,noun,B1,single,"An act of staging or presenting a play, concert, or other form of entertainment",,oxford3000,performances,plural
perhaps,adv,A2,single,Used to express uncertainty or possibility,,oxford3000,perhaps,base
period,noun,A1,single,A length or portion of time,,oxford3000,period,base
period,noun,A1,single,A length or portion of time,,oxford3000,periods,plural
permanent,adj,B2,single,Lasting or intended to last or remain unchanged indefinitely,,oxford3000,permanent,base
permission,noun,A2,single,Consent; authorization,,oxford3000,permission,base
permission,noun,A2,single,Consent; authorization,,oxford3000,permissions,plural
permit,noun,B2,single,a legal document giving official permission to do something,,oxford3000,permit,base
permit,noun,B2,single,a legal document giving official permission to do something,,oxford3000,permits,plural
permit,verb,B2,single,Officially allow (someone) to do something,,oxford3000,permit,base
permit,verb,B2,single,Officially allow (someone) to do something,,oxford3000,permits,third_person
permit,verb,B2,single,Officially allow (someone) to do something,,oxford3000,permitted,past
permit,verb,B2,single,Officially allow (someone) to do something,,oxford3000,permitting,gerund
person,noun,A1,single,A human being regarded as an individual,,oxford3000,person,base
person,noun,A1,single,A human being regarded as an individual,,oxford3000,persons,plural
personal,adj,A1,single,Belonging to or affecting a particular person rather than anyone else,,oxford3000,personal,base
personality,noun,A2,single,The combination of characteristics or qualities that form an individual's distinctive character,,oxford3000,personality,base
personality,noun,A2,single,The combination of characteristics or qualities that form an individual's distinctive character,,oxford3000,personalities,plural
personally,adv,B1,single,With the personal presence or action of the individual specified,,oxford3000,personally,base
perspective,noun,B2,single,a way of regarding situations or topics etc.,,oxford3000,perspective,base
perspective,noun,B2,single,a way of regarding situations or topics etc.,,oxford3000,perspectives,plural
persuade,verb,B1,single,Cause (someone) to do something through reasoning or argument,,oxford3000,persuade,base
persuade,verb,B1,single,Cause (someone) to do something through reasoning or argument,,oxford3000,persuades,third_person
persuade,verb,B1,single,Cause (someone) to do something through reasoning or argument,,oxford3000,persuaded,past
persuade,verb,B1,single,Cause (someone) to do something through reasoning or argument,,oxford3000,persuading,gerund
pet,noun,A2,single,a domesticated animal kept for companionship or amusement,,oxford3000,pet,base
pet,noun,A2,single,a domesticated animal kept for companionship or amusement,,oxford3000,pets,plural
petrol,noun,A2,single,a volatile flammable mixture of hydrocarbons (hexane and heptane and octane etc.) derived from petroleum; used mainly as a fuel in internal-combustion engines,,oxford3000,petrol,base
phase,noun,B2,single,A distinct period or stage in a process of change or forming part of something's development,,oxford3000,phase,base
phase,noun,B2,single,A distinct period or stage in a process of change or forming part of something's development,,oxford3000,phases,plural
phenomenon,noun,B2,single,"A fact or situation that is observed to exist or happen, especially one whose cause or explanation is in question",,oxford3000,phenomenon,base
phenomenon,noun,B2,single,"A fact or situation that is observed to exist or happen, especially one whose cause or explanation is in question",,oxford3000,phenomena,plural
phenomenon,noun,B2,single,"A fact or situation that is observed to exist or happen, especially one whose cause or explanation is in question",,oxford3000,phenomenons,plural
philosophy,noun,B2,single,"The study of the fundamental nature of knowledge, reality, and existence, especially when considered as an academic discipline",,oxford3000,philosophy,base
philosophy,noun,B2,single,"The study of the fundamental nature of knowledge, reality, and existence, especially when considered as an academic discipline",,oxford3000,philosophies,plural
phone,noun,A1,single,A telephone,,oxford3000,phone,base
phone,noun,A1,single,A telephone,,oxford3000,phones,plural
phone,verb,A1,single,get or try to get into communication (with someone) by telephone,,oxford3000,phone,base
phone,verb,A1,single,get or try to get into communication (with someone) by telephone,,oxford3000,phones,third_person
phone,verb,A1,single,get or try to get into communication (with someone) by telephone,,oxford3000,phoned,past
phone,verb,A1,single,get or try to get into communication (with someone) by telephone,,oxford3000,phoning,gerund
photo,noun,A1,single,A photograph,,oxford3000,photo,base
photo,noun,A1,single,A photograph,,oxford3000,photos,plural
photograph,noun,A1,single,A picture made using a camera,,oxford3000,photograph,base
photograph,noun,A1,single,A picture made using a camera,,oxford3000,photographs,plural
photograph,verb,A2,single,record on photographic film,,oxford3000,photograph,base
photograph,verb,A2,single,record on photographic film,,oxford3000,photographs,third_person
photograph,verb,A2,single,record on photographic film,,oxford3000,photographed,past
photograph,verb,A2,single,record on photographic film,,oxford3000,photographing,gerund
photographer,noun,B1,single,"A person who takes photographs, especially as a job",,oxford3000,photographer,base
photographer,noun,B1,single,"A person who takes photographs, especially as a job",,oxford3000,photographers,plural
photography,noun,B1,single,The art or practice of taking and processing photographs,,oxford3000,photography,base
photography,noun,B1,single,The art or practice of taking and processing photographs,,oxford3000,photographies,plural
phrase,noun,A1,single,"A small group of words standing together as a conceptual unit, typically forming a component of a clause",,oxford3000,phrase,base
phrase,noun,A1,single,"A small group of words standing together as a conceptual unit, typically forming a component of a clause",,oxford3000,phrases,plural
physical,adj,A2,single,Relating to the body as opposed to the mind,,oxford3000,physical,base
physics,noun,A2,single,The branch of science concerned with the nature and properties of matter and energy,,oxford3000,physics,base
piano,noun,A1,single,"A large keyboard musical instrument with a wooden case enclosing a soundboard and metal strings, which are struck by hammers when the keys are pressed",,oxford3000,piano,base
piano,noun,A1,single,"A large keyboard musical instrument with a wooden case enclosing a soundboard and metal strings, which are struck by hammers when the keys are pressed",,oxford3000,pianos,plural
pick,noun,B2,single,the person or thing chosen or selected,,oxford3000,pick,base
pick,noun,B2,single,the person or thing chosen or selected,,oxford3000,picks,plural
pick,verb,A2,single,Choose (someone or something) from a number of alternatives,,oxford3000,pick,base
pick,verb,A2,single,Choose (someone or something) from a number of alternatives,,oxford3000,picks,third_person
pick,verb,A2,single,Choose (someone or something) from a number of alternatives,,oxford3000,picked,past
pick,verb,A2,single,Choose (someone or something) from a number of alternatives,,oxford3000,picking,gerund
picture,noun,A1,single,A painting or drawing,,oxford3000,picture,base
picture,noun,A1,single,A painting or drawing,,oxford3000,pictures,plural
picture,verb,B2,single,imagine; conceive of; see in one's mind,,oxford3000,picture,base
picture,verb,B2,single,imagine; conceive of; see in one's mind,,oxford3000,pictures,third_person
picture,verb,B2,single,imagine; conceive of; see in one's mind,,oxford3000,pictured,past
picture,verb,B2,single,imagine; conceive of; see in one's mind,,oxford3000,picturing,gerund
piece,noun,A1,single,"A portion of an object or of material, produced by cutting, tearing, or breaking the whole",,oxford3000,piece,base
piece,noun,A1,single,"A portion of an object or of material, produced by cutting, tearing, or breaking the whole",,oxford3000,pieces,plural
pig,noun,A1,single,A domesticated hoofed mammal with sparse bristly hair and a flat snout for rooting in the soil,,oxford3000,pig,base
pig,noun,A1,single,A domesticated hoofed mammal with sparse bristly hair and a flat snout for rooting in the soil,,oxford3000,pigs,plural
pile,noun,B2,single,A heap of things laid or lying one on top of another,,oxford3000,pile,base
pile,noun,B2,single,A heap of things laid or lying one on top of another,,oxford3000,piles,plural
pile,verb,B2,single,arrange in stacks,,oxford3000,pile,base
pile,verb,B2,single,arrange in stacks,,oxford3000,piles,third_person
pile,verb,B2,single,arrange in stacks,,oxford3000,piled,past
pile,verb,B2,single,arrange in stacks,,oxford3000,piling,gerund
pilot,noun,A2,single,A person who operates the flying controls of an aircraft,,oxford3000,pilot,base
pilot,noun,A2,single,A person who operates the flying controls of an aircraft,,oxford3000,pilots,plural
pin,noun,B1,single,"A small, slender, pointed piece of metal, wood, etc., used to fasten, support, or attach things",,oxford3000,pin,base
pin,noun,B1,single,"A small, slender, pointed piece of metal, wood, etc., used to fasten, support, or attach things",,oxford3000,pins,plural
pin,verb,B1,single,to hold fast or prevent from moving,,oxford3000,pin,base
pin,verb,B1,single,to hold fast or prevent from moving,,oxford3000,pins,third_person
pin,verb,B1,single,to hold fast or prevent from moving,,oxford3000,pinned,past
pin,verb,B1,single,to hold fast or prevent from moving,,oxford3000,pinning,gerund
pink,adj,A1,single,A color intermediate between red and white,,oxford3000,pink,base
pink,adj,A1,single,A color intermediate between red and white,,oxford3000,pinker,comparative
pink,adj,A1,single,A color intermediate between red and white,,oxford3000,pinkest,superlative
pink,noun,A1,single,a light shade of red,,oxford3000,pink,base
pink,noun,A1,single,a light shade of red,,oxford3000,pinks,plural
pipe,noun,B1,single,A tube through which liquids and gases can flow,,oxford3000,pipe,base
pipe,noun,B1,single,A tube through which liquids and gases can flow,,oxford3000,pipes,plural
pitch,noun,B2,single,The quality of a sound governed by the rate of vibrations producing it; the degree of highness or lowness of a tone,,oxford3000,pitch,base
pitch,noun,B2,single,The quality of a sound governed by the rate of vibrations producing it; the degree of highness or lowness of a tone,,oxford3000,pitches,plural
place,noun,A1,single,A particular position or point in space,,oxford3000,place,base
place,noun,A1,single,A particular position or point in space,,oxford3000,places,plural
place,verb,B1,single,put into a certain place or abstract location,,oxford3000,place,base
place,verb,B1,single,put into a certain place or abstract location,,oxford3000,places,third_person
place,verb,B1,single,put into a certain place or abstract location,,oxford3000,placed,past
place,verb,B1,single,put into a certain place or abstract location,,oxford3000,placing,gerund
plain,adj,B2,single,Not decorated or elaborate; simple or basic in character,,oxford3000,plain,base
plain,adj,B2,single,Not decorated or elaborate; simple or basic in character,,oxford3000,plainer,comparative
plain,adj,B2,single,Not decorated or elaborate; simple or basic in character,,oxford3000,plainest,superlative
plan,noun,A1,single,A detailed proposal for doing or achieving something,,oxford3000,plan,base
plan,noun,A1,single,A detailed proposal for doing or achieving something,,oxford3000,plans,plural
plan,verb,A1,single,have the will and intention to carry out some action,,oxford3000,plan,base
plan,verb,A1,single,have the will and intention to carry out some action,,oxford3000,plans,third_person
plan,verb,A1,single,have the will and intention to carry out some action,,oxford3000,planned,past
plan,verb,A1,single,have the will and intention to carry out some action,,oxford3000,planning,gerund
plane,noun,A1,single,A flat surface on which a straight line joining any two points on it would wholly lie,,oxford3000,plane,base
plane,noun,A1,single,A flat surface on which a straight line joining any two points on it would wholly lie,,oxford3000,planes,plural
planet,noun,A2,single,A celestial body moving in an elliptical orbit around a star,,oxford3000,planet,base
planet,noun,A2,single,A celestial body moving in an elliptical orbit around a star,,oxford3000,planets,plural
planning,noun,B1,single,The process of making plans for something,,oxford3000,planning,base
planning,noun,B1,single,The process of making plans for something,,oxford3000,plannings,plural
plant,noun,A1,single,"A living organism of the kind exemplified by trees, shrubs, herbs, grasses, ferns, and mosses, typically growing in a permanent site, absorbing water and inorganic substances through its roots, and synthesizing nutrients in its leaves by photosynthesis",,oxford3000,plant,base
plant,noun,A1,single,"A living organism of the kind exemplified by trees, shrubs, herbs, grasses, ferns, and mosses, typically growing in a permanent site, absorbing water and inorganic substances through its roots, and synthesizing nutrients in its leaves by photosynthesis",,oxford3000,plants,plural
plant,verb,A2,single,"put or set (seeds, seedlings, or plants) into the ground",,oxford3000,plant,base
plant,verb,A2,single,"put or set (seeds, seedlings, or plants) into the ground",,oxford3000,plants,third_person
plant,verb,A2,single,"put or set (seeds, seedlings, or plants) into the ground",,oxford3000,planted,past
plant,verb,A2,single,"put or set (seeds, seedlings, or plants) into the ground",,oxford3000,planting,gerund
plastic,adj,A2,single,capable of being molded or modeled (especially of earth or clay or other soft material),,oxford3000,plastic,base
plastic,noun,A2,single,A synthetic material made from a wide range of organic polymers that can be molded into shape while soft and then set into a rigid or slightly elastic form,,oxford3000,plastic,base
plastic,noun,A2,single,A synthetic material made from a wide range of organic polymers that can be molded into shape while soft and then set into a rigid or slightly elastic form,,oxford3000,plastics,plural
plate,noun,A2,single,"A flat, typically round dish from which food is eaten or served",,oxford3000,plate,base
plate,noun,A2,single,"A flat, typically round dish from which food is eaten or served",,oxford3000,plates,plural
platform,noun,A2,single,A raised level surface on which people or things can stand,,oxford3000,platform,base
platform,noun,A2,single,A raised level surface on which people or things can stand,,oxford3000,platforms,plural
play,noun,A1,single,a dramatic work intended for performance by actors on a stage,,oxford3000,play,base
play,noun,A1,single,a dramatic work intended for performance by actors on a stage,,oxford3000,plays,plural
play,verb,A1,single,Engage in activity for enjoyment and recreation rather than a serious or practical purpose,,oxford3000,play,base
play,verb,A1,single,Engage in activity for enjoyment and recreation rather than a serious or practical purpose,,oxford3000,plays,third_person
play,verb,A1,single,Engage in activity for enjoyment and recreation rather than a serious or practical purpose,,oxford3000,played,past
play,verb,A1,single,Engage in activity for enjoyment and recreation rather than a serious or practical purpose,,oxford3000,playing,gerund
player,noun,A1,single,A person who takes part in a game or sport,,oxford3000,player,base
player,noun,A1,single,A person who takes part in a game or sport,,oxford3000,players,plural
pleasant,adj,B1,single,Giving a sense of happy satisfaction or enjoyment,,oxford3000,pleasant,base
pleasant,adj,B1,single,Giving a sense of happy satisfaction or enjoyment,,oxford3000,pleasanter,comparative
pleasant,adj,B1,single,Giving a sense of happy satisfaction or enjoyment,,oxford3000,pleasantest,superlative
please,exclam,A1,single,Cause to feel happy and satisfied,,oxford3000,please,base
please,verb,A2,single,Cause to feel happy and satisfied,,oxford3000,please,base
please,verb,A2,single,Cause to feel happy and satisfied,,oxford3000,pleases,third_person
please,verb,A2,single,Cause to feel happy and satisfied,,oxford3000,pleased,past
please,verb,A2,single,Cause to feel happy and satisfied,,oxford3000,pleasing,gerund
pleased,adj,A2,single,experiencing or manifesting pleasure,,oxford3000,pleased,base
pleasure,noun,B1,single,A feeling of happy satisfaction and enjoyment,,oxford3000,pleasure,base
pleasure,noun,B1,single,A feeling of happy satisfaction and enjoyment,,oxford3000,pleasures,plural
plenty,pron,B1,single,A large or sufficient amount or quantity; more than enough,,oxford3000,plenty,base
plot,noun,B1,single,A plan made in secret by a group of people to do something illegal or harmful,,oxford3000,plot,base
plot,noun,B1,single,A plan made in secret by a group of people to do something illegal or harmful,,oxford3000,plots,plural
plot,verb,B2,single,"plan secretly, usually something illegal",,oxford3000,plot,base
plot,verb,B2,single,"plan secretly, usually something illegal",,oxford3000,plots,third_person
plot,verb,B2,single,"plan secretly, usually something illegal",,oxford3000,plotted,past
plot,verb,B2,single,"plan secretly, usually something illegal",,oxford3000,plotting,gerund
plus,adj,B1,single,on the positive side or higher end of a scale,,oxford3000,plus,base
plus,conj,B1,single,With the addition of,,oxford3000,plus,base
plus,noun,B2,single,a useful or valuable quality,,oxford3000,plus,base
plus,noun,B2,single,a useful or valuable quality,,oxford3000,pluses,plural
plus,noun,B2,single,a useful or valuable quality,,oxford3000,plusses,plural
plus,prep,B1,single,With the addition of,,oxford3000,plus,base
pocket,noun,A2,single,"A small bag sewn into or on clothing so as to form part of it, used for carrying small articles",,oxford3000,pocket,base
pocket,noun,A2,single,"A small bag sewn into or on clothing so as to form part of it, used for carrying small articles",,oxford3000,pockets,plural
poem,noun,B1,single,"A piece of writing that partakes of the nature of both speech and song that is nearly always rhythmical, usually metaphorical, and often exhibits such formal elements as meter, rhyme, and stanzaic structure",,oxford3000,poem,base
poem,noun,B1,single,"A piece of writing that partakes of the nature of both speech and song that is nearly always rhythmical, usually metaphorical, and often exhibits such formal elements as meter, rhyme, and stanzaic structure",,oxford3000,poems,plural
poet,noun,B1,single,a writer of poems (the term is usually reserved for writers of good poetry),,oxford3000,poet,base
poet,noun,B1,single,a writer of poems (the term is usually reserved for writers of good poetry),,oxford3000,poets,plural
poetry,noun,B1,single,Literary work in which special intensity is given to the expression of feelings and ideas by the use of distinctive style and rhythm,,oxford3000,poetry,base
point,noun,A1,single,"The tapered, sharp end of a tool, weapon, or other object",,oxford3000,point,base
point,noun,A1,single,"The tapered, sharp end of a tool, weapon, or other object",,oxford3000,points,plural
point,verb,B1,single,"indicate a place, direction, person, or thing; either spatially or figuratively",,oxford3000,point,base
point,verb,B1,single,"indicate a place, direction, person, or thing; either spatially or figuratively",,oxford3000,points,third_person
point,verb,B1,single,"indicate a place, direction, person, or thing; either spatially or figuratively",,oxford3000,pointed,past
point,verb,B1,single,"indicate a place, direction, person, or thing; either spatially or figuratively",,oxford3000,pointing,gerund
pointed,adj,B2,single,Having a sharpened or tapered tip or end,,oxford3000,pointed,base
poison,noun,B1,single,A substance that is capable of causing the illness or death of a living organism when introduced or absorbed,,oxford3000,poison,base
poison,noun,B1,single,A substance that is capable of causing the illness or death of a living organism when introduced or absorbed,,oxford3000,poisons,plural
poison,verb,B1,single,spoil as if by poison,,oxford3000,poison,base
poison,verb,B1,single,spoil as if by poison,,oxford3000,poisons,third_person
poison,verb,B1,single,spoil as if by poison,,oxford3000,poisoned,past
poison,verb,B1,single,spoil as if by poison,,oxford3000,poisoning,gerund
poisonous,adj,B1,single,Capable of causing death or illness if taken into the body,,oxford3000,poisonous,base
police,noun,A1,single,"The civil force of a national or local government, responsible for the prevention and detection of crime and the maintenance of public order",,oxford3000,police,base
policeman,noun,A1,single,a member of a police force,,oxford3000,policeman,base
policeman,noun,A1,single,a member of a police force,,oxford3000,policemen,plural
policy,noun,B1,single,A course or principle of action adopted or proposed by an organization or individual,,oxford3000,policy,base
policy,noun,B1,single,A course or principle of action adopted or proposed by an organization or individual,,oxford3000,policies,plural
polite,adj,A2,single,Having or showing behavior that is respectful and considerate of other people,,oxford3000,polite,base
political,adj,B1,single,Relating to the government or the public affairs of a country,,oxford3000,political,base
politician,noun,B1,single,"A person who is professionally involved in politics, especially as a holder of an elected office",,oxford3000,politician,base
politician,noun,B1,single,"A person who is professionally involved in politics, especially as a holder of an elected office",,oxford3000,politicians,plural
politics,noun,B1,single,"The activities associated with the governance of a country or other area, especially the debate between parties having power",,oxford3000,politics,base
pollution,noun,A2,single,The presence in or introduction into the environment of a substance or thing that has harmful or poisonous effects,,oxford3000,pollution,base
pollution,noun,A2,single,The presence in or introduction into the environment of a substance or thing that has harmful or poisonous effects,,oxford3000,pollutions,plural
pool,noun,A1,single,"A small body of still water, typically one formed naturally",,oxford3000,pool,base
pool,noun,A1,single,"A small body of still water, typically one formed naturally",,oxford3000,pools,plural
poor,adj,A1,single,Lacking sufficient money to live at a standard considered comfortable or normal in a society,,oxford3000,poor,base
poor,adj,A1,single,Lacking sufficient money to live at a standard considered comfortable or normal in a society,,oxford3000,poorer,comparative
poor,adj,A1,single,Lacking sufficient money to live at a standard considered comfortable or normal in a society,,oxford3000,poorest,superlative
pop,adj,A2,single,(of music or art) new and of general appeal (especially among young people),,oxford3000,pop,base
pop,noun,A2,single,an informal term for a father; probably derived from baby talk,,oxford3000,pop,base
pop,noun,A2,single,an informal term for a father; probably derived from baby talk,,oxford3000,pops,plural
popular,adj,A1,single,Liked or admired by many people or by a particular person or group,,oxford3000,popular,base
popularity,noun,B2,single,the quality of being widely admired or accepted or sought after,,oxford3000,popularity,base
popularity,noun,B2,single,the quality of being widely admired or accepted or sought after,,oxford3000,popularities,plural
population,noun,A2,single,"All the inhabitants of a particular town, area, or country",,oxford3000,population,base
population,noun,A2,single,"All the inhabitants of a particular town, area, or country",,oxford3000,populations,plural
port,noun,B1,single,"A town or city with a harbor where ships load or unload, especially one where customs officers are stationed",,oxford3000,port,base
port,noun,B1,single,"A town or city with a harbor where ships load or unload, especially one where customs officers are stationed",,oxford3000,ports,plural
portrait,noun,B1,single,a word picture of a person's appearance and character,,oxford3000,portrait,base
portrait,noun,B1,single,a word picture of a person's appearance and character,,oxford3000,portraits,plural
pose,verb,B2,single,introduce,,oxford3000,pose,base
pose,verb,B2,single,introduce,,oxford3000,poses,third_person
pose,verb,B2,single,introduce,,oxford3000,posed,past
pose,verb,B2,single,introduce,,oxford3000,posing,gerund
position,noun,A2,single,A place where someone or something is located or has been put,,oxford3000,position,base
position,noun,A2,single,A place where someone or something is located or has been put,,oxford3000,positions,plural
position,verb,B2,single,"cause to be in an appropriate place, state, or relation",,oxford3000,position,base
position,verb,B2,single,"cause to be in an appropriate place, state, or relation",,oxford3000,positions,third_person
position,verb,B2,single,"cause to be in an appropriate place, state, or relation",,oxford3000,positioned,past
position,verb,B2,single,"cause to be in an appropriate place, state, or relation",,oxford3000,positioning,gerund
positive,adj,A1,single,Consisting in or characterized by the presence or possession of features or qualities rather than their absence,,oxford3000,positive,base
positive,noun,B2,single,"the primary form of an adjective or adverb; denotes a quality without qualification, comparison, or relation to increase or diminution",,oxford3000,positive,base
positive,noun,B2,single,"the primary form of an adjective or adverb; denotes a quality without qualification, comparison, or relation to increase or diminution",,oxford3000,positives,plural
possess,verb,B2,single,Have as belonging to one; own,,oxford3000,possess,base
possess,verb,B2,single,Have as belonging to one; own,,oxford3000,possesses,third_person
possess,verb,B2,single,Have as belonging to one; own,,oxford3000,possessed,past
possess,verb,B2,single,Have as belonging to one; own,,oxford3000,possessing,gerund
possession,noun,A2,single,"The state of having, owning, or controlling something",,oxford3000,possession,base
possession,noun,A2,single,"The state of having, owning, or controlling something",,oxford3000,possessions,plural
possibility,noun,A2,single,A thing that may happen or be the case,,oxford3000,possibility,base
possibility,noun,A2,single,A thing that may happen or be the case,,oxford3000,possibilities,plural
possible,adj,A1,single,Able to be done or achieved,,oxford3000,possible,base
possibly,adv,B1,single,Perhaps; maybe,,oxford3000,possibly,base
post,noun,A1,single,"A long, sturdy piece of timber or metal set upright in the ground and used as a support or marker",,oxford3000,post,base
post,noun,A1,single,"A long, sturdy piece of timber or metal set upright in the ground and used as a support or marker",,oxford3000,posts,plural
post,verb,A1,single,affix in a public place or for public notice,,oxford3000,post,base
post,verb,A1,single,affix in a public place or for public notice,,oxford3000,posts,third_person
post,verb,A1,single,affix in a public place or for public notice,,oxford3000,posted,past
post,verb,A1,single,affix in a public place or for public notice,,oxford3000,posting,gerund
poster,noun,A2,single,a sign posted in a public place as an advertisement,,oxford3000,poster,base
poster,noun,A2,single,a sign posted in a public place as an advertisement,,oxford3000,posters,plural
pot,noun,B1,single,"A container, typically rounded or cylindrical and of ceramic ware or metal, used for storage or cooking",,oxford3000,pot,base
pot,noun,B1,single,"A container, typically rounded or cylindrical and of ceramic ware or metal, used for storage or cooking",,oxford3000,pots,plural
potato,noun,A1,single,"A starchy plant tuber that is one of the most important food crops, cooked and eaten as a vegetable",,oxford3000,potato,base
potato,noun,A1,single,"A starchy plant tuber that is one of the most important food crops, cooked and eaten as a vegetable",,oxford3000,potatoes,plural
potential,adj,B2,single,Having or showing the capacity to develop into something in the future,,oxford3000,potential,base
potential,noun,B2,single,the inherent capacity for coming into being,,oxford3000,potential,base
potential,noun,B2,single,the inherent capacity for coming into being,,oxford3000,potentials,plural
pound,noun,A1,single,A unit of weight in general use equal to 16 oz. avoirdupois (0.4536 kg),,oxford3000,pound,base
pound,noun,A1,single,A unit of weight in general use equal to 16 oz. avoirdupois (0.4536 kg),,oxford3000,pounds,plural
pour,verb,B1,single,Flow rapidly in a steady stream,,oxford3000,pour,base
pour,verb,B1,single,Flow rapidly in a steady stream,,oxford3000,pours,third_person
pour,verb,B1,single,Flow rapidly in a steady stream,,oxford3000,poured,past
pour,verb,B1,single,Flow rapidly in a steady stream,,oxford3000,pouring,gerund
poverty,noun,B1,single,the state of having little or no money and few or no material possessions,,oxford3000,poverty,base
powder,noun,B1,single,"Fine, dry particles produced by the grinding, crushing, or disintegration of a solid substance",,oxford3000,powder,base
powder,noun,B1,single,"Fine, dry particles produced by the grinding, crushing, or disintegration of a solid substance",,oxford3000,powders,plural
power,noun,A2,single,The ability or capacity to do something or act in a particular way,,oxford3000,power,base
power,noun,A2,single,The ability or capacity to do something or act in a particular way,,oxford3000,powers,plural
power,verb,B2,single,supply the force or power for the functioning of,,oxford3000,power,base
power,verb,B2,single,supply the force or power for the functioning of,,oxford3000,powers,third_person
power,verb,B2,single,supply the force or power for the functioning of,,oxford3000,powered,past
power,verb,B2,single,supply the force or power for the functioning of,,oxford3000,powering,gerund
powerful,adj,B1,single,Having great power or strength,,oxford3000,powerful,base
practical,adj,B1,single,Of or concerned with the actual doing or use of something rather than with theory and ideas,,oxford3000,practical,base
practice,noun,A1,single,"The actual application or use of an idea, belief, or method, as opposed to theories relating to it",,oxford3000,practice,base
practice,noun,A1,single,"The actual application or use of an idea, belief, or method, as opposed to theories relating to it",,oxford3000,practices,plural
practise,verb,A1,single,engage in a rehearsal (of),,oxford3000,practise,base
practise,verb,A1,single,engage in a rehearsal (of),,oxford3000,practises,third_person
practise,verb,A1,single,engage in a rehearsal (of),,oxford3000,practised,past
practise,verb,A1,single,engage in a rehearsal (of),,oxford3000,practising,gerund
praise,noun,B2,single,an expression of approval and commendation,,oxford3000,praise,base
praise,verb,B2,single,express approval of,,oxford3000,praise,base
praise,verb,B2,single,express approval of,,oxford3000,praises,third_person
praise,verb,B2,single,express approval of,,oxford3000,praised,past
praise,verb,B2,single,express approval of,,oxford3000,praising,gerund
pray,verb,B1,single,"address a deity, a prophet, a saint or an object of worship; say a prayer",,oxford3000,pray,base
pray,verb,B1,single,"address a deity, a prophet, a saint or an object of worship; say a prayer",,oxford3000,prays,third_person
pray,verb,B1,single,"address a deity, a prophet, a saint or an object of worship; say a prayer",,oxford3000,prayed,past
pray,verb,B1,single,"address a deity, a prophet, a saint or an object of worship; say a prayer",,oxford3000,praying,gerund
prayer,noun,B1,single,the act of communicating with a deity (especially as a petition or in adoration or contrition or thanksgiving),,oxford3000,prayer,base
prayer,noun,B1,single,the act of communicating with a deity (especially as a petition or in adoration or contrition or thanksgiving),,oxford3000,prayers,plural
predict,verb,A2,single,make a prediction about; tell in advance,,oxford3000,predict,base
predict,verb,A2,single,make a prediction about; tell in advance,,oxford3000,predicts,third_person
predict,verb,A2,single,make a prediction about; tell in advance,,oxford3000,predicted,past
predict,verb,A2,single,make a prediction about; tell in advance,,oxford3000,predicting,gerund
prediction,noun,B1,single,the act of predicting (as by reasoning about the future),,oxford3000,prediction,base
prediction,noun,B1,single,the act of predicting (as by reasoning about the future),,oxford3000,predictions,plural
prefer,verb,A1,single,Like (one thing or person) better than another or others; tend to choose,,oxford3000,prefer,base
prefer,verb,A1,single,Like (one thing or person) better than another or others; tend to choose,,oxford3000,prefers,third_person
prefer,verb,A1,single,Like (one thing or person) better than another or others; tend to choose,,oxford3000,preferred,past
prefer,verb,A1,single,Like (one thing or person) better than another or others; tend to choose,,oxford3000,preferring,gerund
pregnant,adj,B2,single,Having a child or young developing in the uterus,,oxford3000,pregnant,base
preparation,noun,B2,single,The action or process of making ready or being made ready for use or consideration,,oxford3000,preparation,base
preparation,noun,B2,single,The action or process of making ready or being made ready for use or consideration,,oxford3000,preparations,plural
prepare,verb,A1,single,Make (something) ready for use or consideration,,oxford3000,prepare,base
prepare,verb,A1,single,Make (something) ready for use or consideration,,oxford3000,prepares,third_person
prepare,verb,A1,single,Make (something) ready for use or consideration,,oxford3000,prepared,past
prepare,verb,A1,single,Make (something) ready for use or consideration,,oxford3000,preparing,gerund
prepared,adj,B1,single,made ready or fit or suitable beforehand,,oxford3000,prepared,base
presence,noun,B2,single,"The state or fact of existing, occurring, or being present in a place or thing",,oxford3000,presence,base
presence,noun,B2,single,"The state or fact of existing, occurring, or being present in a place or thing",,oxford3000,presences,plural
present,adj,A1,single,Existing or occurring now,,oxford3000,present,base
present,noun,A1,single,the period of time that is happening now; any continuous stretch of time including the moment of speech,,oxford3000,present,base
present,noun,A1,single,the period of time that is happening now; any continuous stretch of time including the moment of speech,,oxford3000,presents,plural
present,verb,A2,single,give an exhibition of to an interested audience,,oxford3000,present,base
present,verb,A2,single,give an exhibition of to an interested audience,,oxford3000,presents,third_person
present,verb,A2,single,give an exhibition of to an interested audience,,oxford3000,presented,past
present,verb,A2,single,give an exhibition of to an interested audience,,oxford3000,presenting,gerund
presentation,noun,B1,single,"The proffering or giving of something to someone, especially as part of a formal ceremony",,oxford3000,presentation,base
presentation,noun,B1,single,"The proffering or giving of something to someone, especially as part of a formal ceremony",,oxford3000,presentations,plural
preserve,verb,B2,single,Maintain (something) in its original or existing state,,oxford3000,preserve,base
preserve,verb,B2,single,Maintain (something) in its original or existing state,,oxford3000,preserves,third_person
preserve,verb,B2,single,Maintain (something) in its original or existing state,,oxford3000,preserved,past
preserve,verb,B2,single,Maintain (something) in its original or existing state,,oxford3000,preserving,gerund
president,noun,A2,single,The elected head of a republican state,,oxford3000,president,base
president,noun,A2,single,The elected head of a republican state,,oxford3000,presidents,plural
press,noun,B1,single,the state of demanding notice or attention,,oxford3000,press,base
press,noun,B1,single,the state of demanding notice or attention,,oxford3000,presses,plural
press,verb,B1,single,Move or cause to move into a position of contact with something by exerting continuous physical force,,oxford3000,press,base
press,verb,B1,single,Move or cause to move into a position of contact with something by exerting continuous physical force,,oxford3000,presses,third_person
press,verb,B1,single,Move or cause to move into a position of contact with something by exerting continuous physical force,,oxford3000,pressed,past
press,verb,B1,single,Move or cause to move into a position of contact with something by exerting continuous physical force,,oxford3000,pressing,gerund
pressure,noun,B1,single,The continuous physical force exerted on or against an object by something in contact with it,,oxford3000,pressure,base
pressure,noun,B1,single,The continuous physical force exerted on or against an object by something in contact with it,,oxford3000,pressures,plural
pretend,verb,B1,single,Speak and act so as to make it appear that something is the case when in fact it is not,,oxford3000,pretend,base
pretend,verb,B1,single,Speak and act so as to make it appear that something is the case when in fact it is not,,oxford3000,pretends,third_person
pretend,verb,B1,single,Speak and act so as to make it appear that something is the case when in fact it is not,,oxford3000,pretended,past
pretend,verb,B1,single,Speak and act so as to make it appear that something is the case when in fact it is not,,oxford3000,pretending,gerund
pretty,adj,A1,single,Attractive in a delicate way without being truly beautiful or handsome,,oxford3000,pretty,base
pretty,adj,A1,single,Attractive in a delicate way without being truly beautiful or handsome,,oxford3000,prettier,comparative
pretty,adj,A1,single,Attractive in a delicate way without being truly beautiful or handsome,,oxford3000,prettiest,superlative
pretty,adv,A1,single,to a moderately sufficient extent or degree,,oxford3000,pretty,base
prevent,verb,A2,single,Keep (something) from happening or arising,,oxford3000,prevent,base
prevent,verb,A2,single,Keep (something) from happening or arising,,oxford3000,prevents,third_person
prevent,verb,A2,single,Keep (something) from happening or arising,,oxford3000,prevented,past
prevent,verb,A2,single,Keep (something) from happening or arising,,oxford3000,preventing,gerund
previous,adj,B1,single,Existing or occurring before in time or order,,oxford3000,previous,base
previously,adv,B1,single,At a previous or earlier time; before,,oxford3000,previously,base
price,noun,A1,single,"The amount of money expected, required, or given in payment for something",,oxford3000,price,base
price,noun,A1,single,"The amount of money expected, required, or given in payment for something",,oxford3000,prices,plural
price,verb,B2,single,determine the price of,,oxford3000,price,base
price,verb,B2,single,determine the price of,,oxford3000,prices,third_person
price,verb,B2,single,determine the price of,,oxford3000,priced,past
price,verb,B2,single,determine the price of,,oxford3000,pricing,gerund
priest,noun,B1,single,a clergyman in Christian churches who has the authority to perform or administer various religious rites; one of the Holy Orders,,oxford3000,priest,base
priest,noun,B1,single,a clergyman in Christian churches who has the authority to perform or administer various religious rites; one of the Holy Orders,,oxford3000,priests,plural
primary,adj,B1,single,Of chief importance; principal,,oxford3000,primary,base
prime,adj,B2,single,first in rank or degree,,oxford3000,prime,base
prince,noun,B1,single,a male member of a royal family other than the sovereign (especially the son of a sovereign),,oxford3000,prince,base
prince,noun,B1,single,a male member of a royal family other than the sovereign (especially the son of a sovereign),,oxford3000,princes,plural
princess,noun,B1,single,a female member of a royal family other than the queen (especially the daughter of a sovereign),,oxford3000,princess,base
princess,noun,B1,single,a female member of a royal family other than the queen (especially the daughter of a sovereign),,oxford3000,princesses,plural
principle,noun,B2,single,A fundamental truth or proposition that serves as the foundation for a system of belief or behavior or for a chain of reasoning,,oxford3000,principle,base
principle,noun,B2,single,A fundamental truth or proposition that serves as the foundation for a system of belief or behavior or for a chain of reasoning,,oxford3000,principles,plural
print,noun,B2,single,"the text appearing in a book, newspaper, or other printed publication",,oxford3000,print,base
print,noun,B2,single,"the text appearing in a book, newspaper, or other printed publication",,oxford3000,prints,plural
print,verb,A2,single,"Produce (books, newspapers, magazines, etc.), especially in large quantities, by a mechanical process involving the transfer of text, images, or designs to paper",,oxford3000,print,base
print,verb,A2,single,"Produce (books, newspapers, magazines, etc.), especially in large quantities, by a mechanical process involving the transfer of text, images, or designs to paper",,oxford3000,prints,third_person
print,verb,A2,single,"Produce (books, newspapers, magazines, etc.), especially in large quantities, by a mechanical process involving the transfer of text, images, or designs to paper",,oxford3000,printed,past
print,verb,A2,single,"Produce (books, newspapers, magazines, etc.), especially in large quantities, by a mechanical process involving the transfer of text, images, or designs to paper",,oxford3000,printing,gerund
printer,noun,A2,single,"A machine for printing text or pictures onto paper, especially one linked to a computer",,oxford3000,printer,base
printer,noun,A2,single,"A machine for printing text or pictures onto paper, especially one linked to a computer",,oxford3000,printers,plural
printing,noun,B1,single,text handwritten in the style of printed matter,,oxford3000,printing,base
priority,noun,B2,single,The fact or condition of being regarded or treated as more important than others,,oxford3000,priority,base
priority,noun,B2,single,The fact or condition of being regarded or treated as more important than others,,oxford3000,priorities,plural
prison,noun,A2,single,A building in which people are legally held as a punishment for a crime they have committed or while awaiting trial,,oxford3000,prison,base
prison,noun,A2,single,A building in which people are legally held as a punishment for a crime they have committed or while awaiting trial,,oxford3000,prisons,plural
prisoner,noun,B1,single,A person legally held in prison as a punishment for crimes they have committed or while awaiting trial,,oxford3000,prisoner,base
prisoner,noun,B1,single,A person legally held in prison as a punishment for crimes they have committed or while awaiting trial,,oxford3000,prisoners,plural
privacy,noun,B2,single,the quality of being secluded from the presence or view of others,,oxford3000,privacy,base
private,adj,B1,single,Belonging to or for the use of one particular person or group of people only,,oxford3000,private,base
prize,noun,A2,single,something given for victory or superiority in a contest or competition or for winning a lottery,,oxford3000,prize,base
prize,noun,A2,single,something given for victory or superiority in a contest or competition or for winning a lottery,,oxford3000,prizes,plural
probably,adv,A1,single,Almost certainly; as far as one knows or can tell,,oxford3000,probably,base
problem,noun,A1,single,A matter or situation regarded as unwelcome or harmful and needing to be dealt with and overcome,,oxford3000,problem,base
problem,noun,A1,single,A matter or situation regarded as unwelcome or harmful and needing to be dealt with and overcome,,oxford3000,problems,plural
procedure,noun,B2,single,An established or official way of doing something,,oxford3000,procedure,base
procedure,noun,B2,single,An established or official way of doing something,,oxford3000,procedures,plural
process,noun,A2,single,A series of actions or steps taken to achieve an end,,oxford3000,process,base
process,noun,A2,single,A series of actions or steps taken to achieve an end,,oxford3000,processes,plural
process,verb,B2,single,"subject to a process or treatment, with the aim of readying for some purpose, improving, or remedying a condition",,oxford3000,process,base
process,verb,B2,single,"subject to a process or treatment, with the aim of readying for some purpose, improving, or remedying a condition",,oxford3000,processes,third_person
process,verb,B2,single,"subject to a process or treatment, with the aim of readying for some purpose, improving, or remedying a condition",,oxford3000,processed,past
process,verb,B2,single,"subject to a process or treatment, with the aim of readying for some purpose, improving, or remedying a condition",,oxford3000,processing,gerund
produce,verb,A2,single,Make or manufacture from components or raw materials,,oxford3000,produce,base
produce,verb,A2,single,Make or manufacture from components or raw materials,,oxford3000,produces,third_person
produce,verb,A2,single,Make or manufacture from components or raw materials,,oxford3000,produced,past
produce,verb,A2,single,Make or manufacture from components or raw materials,,oxford3000,producing,gerund
producer,noun,B1,single,"A person, company, or country that makes, grows, or supplies goods or commodities for sale",,oxford3000,producer,base
producer,noun,B1,single,"A person, company, or country that makes, grows, or supplies goods or commodities for sale",,oxford3000,producers,plural
product,noun,A1,single,An article or substance that is manufactured or refined for sale,,oxford3000,product,base
product,noun,A1,single,An article or substance that is manufactured or refined for sale,,oxford3000,products,plural
production,noun,B1,single,The action of making or manufacturing from components or raw materials,,oxford3000,production,base
production,noun,B1,single,The action of making or manufacturing from components or raw materials,,oxford3000,productions,plural
profession,noun,B1,single,"A paid occupation, especially one that involves prolonged training and a formal qualification",,oxford3000,profession,base
profession,noun,B1,single,"A paid occupation, especially one that involves prolonged training and a formal qualification",,oxford3000,professions,plural
professional,adj,A2,single,Relating to or connected with a profession,,oxford3000,professional,base
professional,noun,B2,single,a person engaged in one of the learned professions,,oxford3000,professional,base
professional,noun,B2,single,a person engaged in one of the learned professions,,oxford3000,professionals,plural
professor,noun,A2,single,A teacher of the highest rank in a college or university,,oxford3000,professor,base
professor,noun,A2,single,A teacher of the highest rank in a college or university,,oxford3000,professors,plural
profile,noun,A2,single,an analysis (often in graphical form) representing the extent to which something exhibits various characteristics,,oxford3000,profile,base
profile,noun,A2,single,an analysis (often in graphical form) representing the extent to which something exhibits various characteristics,,oxford3000,profiles,plural
profit,noun,B1,single,"A financial gain, especially the difference between the amount earned and the amount spent in buying, operating, or producing something",,oxford3000,profit,base
profit,noun,B1,single,"A financial gain, especially the difference between the amount earned and the amount spent in buying, operating, or producing something",,oxford3000,profits,plural
program,noun,A2,single,"A planned series of future events, items, or performances",,oxford3000,program,base
program,noun,A2,single,"A planned series of future events, items, or performances",,oxford3000,programs,plural
program,verb,B1,single,arrange a program of or for,,oxford3000,program,base
program,verb,B1,single,arrange a program of or for,,oxford3000,programs,third_person
program,verb,B1,single,arrange a program of or for,,oxford3000,programed,past
program,verb,B1,single,arrange a program of or for,,oxford3000,programing,gerund
programme,noun,A1,single,an announcement of the events that will occur as part of a theatrical or sporting event,,oxford3000,programme,base
programme,noun,A1,single,an announcement of the events that will occur as part of a theatrical or sporting event,,oxford3000,programmes,plural
progress,noun,A2,single,Forward or onward movement toward a destination,,oxford3000,progress,base
progress,verb,B2,single,develop in a positive way,,oxford3000,progress,base
progress,verb,B2,single,develop in a positive way,,oxford3000,progresses,third_person
progress,verb,B2,single,develop in a positive way,,oxford3000,progressed,past
progress,verb,B2,single,develop in a positive way,,oxford3000,progressing,gerund
project,noun,A1,single,An individual or collaborative enterprise that is carefully planned and designed to achieve a particular aim,,oxford3000,project,base
project,noun,A1,single,An individual or collaborative enterprise that is carefully planned and designed to achieve a particular aim,,oxford3000,projects,plural
project,verb,B2,single,communicate vividly,,oxford3000,project,base
project,verb,B2,single,communicate vividly,,oxford3000,projects,third_person
project,verb,B2,single,communicate vividly,,oxford3000,projected,past
project,verb,B2,single,communicate vividly,,oxford3000,projecting,gerund
promise,noun,A2,single,A declaration or assurance that one will do a particular thing or that a particular thing will happen,,oxford3000,promise,base
promise,noun,A2,single,A declaration or assurance that one will do a particular thing or that a particular thing will happen,,oxford3000,promises,plural
promise,verb,A2,single,make a promise or commitment,,oxford3000,promise,base
promise,verb,A2,single,make a promise or commitment,,oxford3000,promises,third_person
promise,verb,A2,single,make a promise or commitment,,oxford3000,promised,past
promise,verb,A2,single,make a promise or commitment,,oxford3000,promising,gerund
promote,verb,B1,single,"Further the progress of (something, especially a cause, venture, or aim); support or actively encourage",,oxford3000,promote,base
promote,verb,B1,single,"Further the progress of (something, especially a cause, venture, or aim); support or actively encourage",,oxford3000,promotes,third_person
promote,verb,B1,single,"Further the progress of (something, especially a cause, venture, or aim); support or actively encourage",,oxford3000,promoted,past
promote,verb,B1,single,"Further the progress of (something, especially a cause, venture, or aim); support or actively encourage",,oxford3000,promoting,gerund
pronounce,verb,A2,single,"speak, pronounce, or utter in a certain way",,oxford3000,pronounce,base
pronounce,verb,A2,single,"speak, pronounce, or utter in a certain way",,oxford3000,pronounces,third_person
pronounce,verb,A2,single,"speak, pronounce, or utter in a certain way",,oxford3000,pronounced,past
pronounce,verb,A2,single,"speak, pronounce, or utter in a certain way",,oxford3000,pronouncing,gerund
proof,noun,B2,single,Evidence or argument establishing a fact or the truth of a statement,,oxford3000,proof,base
proof,noun,B2,single,Evidence or argument establishing a fact or the truth of a statement,,oxford3000,proofs,plural
proper,adj,B1,single,Truly what something is said or regarded to be; genuine,,oxford3000,proper,base
properly,adv,B1,single,in the right manner,,oxford3000,properly,base
property,noun,B1,single,A thing or things belonging to someone; possessions collectively,,oxford3000,property,base
property,noun,B1,single,A thing or things belonging to someone; possessions collectively,,oxford3000,properties,plural
proposal,noun,B2,single,"A plan or suggestion, especially a formal or written one, put forward for consideration or discussion by others",,oxford3000,proposal,base
proposal,noun,B2,single,"A plan or suggestion, especially a formal or written one, put forward for consideration or discussion by others",,oxford3000,proposals,plural
propose,verb,B2,single,Put forward (a plan or suggestion) for consideration by others,,oxford3000,propose,base
propose,verb,B2,single,Put forward (a plan or suggestion) for consideration by others,,oxford3000,proposes,third_person
propose,verb,B2,single,Put forward (a plan or suggestion) for consideration by others,,oxford3000,proposed,past
propose,verb,B2,single,Put forward (a plan or suggestion) for consideration by others,,oxford3000,proposing,gerund
prospect,noun,B2,single,The possibility or likelihood of some future event occurring,,oxford3000,prospect,base
prospect,noun,B2,single,The possibility or likelihood of some future event occurring,,oxford3000,prospects,plural
protect,verb,A2,single,Keep safe from harm or injury,,oxford3000,protect,base
protect,verb,A2,single,Keep safe from harm or injury,,oxford3000,protects,third_person
protect,verb,A2,single,Keep safe from harm or injury,,oxford3000,protected,past
protect,verb,A2,single,Keep safe from harm or injury,,oxford3000,protecting,gerund
protection,noun,B2,single,"The action of protecting someone or something, or the state of being protected",,oxford3000,protection,base
protection,noun,B2,single,"The action of protecting someone or something, or the state of being protected",,oxford3000,protections,plural
protest,noun,B1,single,A statement or action expressing disapproval of or objection to something,,oxford3000,protest,base
protest,noun,B1,single,A statement or action expressing disapproval of or objection to something,,oxford3000,protests,plural
protest,verb,B1,single,utter words of protest,,oxford3000,protest,base
protest,verb,B1,single,utter words of protest,,oxford3000,protests,third_person
protest,verb,B1,single,utter words of protest,,oxford3000,protested,past
protest,verb,B1,single,utter words of protest,,oxford3000,protesting,gerund
proud,adj,B1,single,"Feeling deep pleasure or satisfaction as a result of one's own achievements, qualities, or possessions or those of someone with whom one is closely associated",,oxford3000,proud,base
proud,adj,B1,single,"Feeling deep pleasure or satisfaction as a result of one's own achievements, qualities, or possessions or those of someone with whom one is closely associated",,oxford3000,prouder,comparative
proud,adj,B1,single,"Feeling deep pleasure or satisfaction as a result of one's own achievements, qualities, or possessions or those of someone with whom one is closely associated",,oxford3000,proudest,superlative
prove,verb,B1,single,Demonstrate the truth or existence of (something) by evidence or argument,,oxford3000,prove,base
prove,verb,B1,single,Demonstrate the truth or existence of (something) by evidence or argument,,oxford3000,proves,third_person
prove,verb,B1,single,Demonstrate the truth or existence of (something) by evidence or argument,,oxford3000,proved,past
prove,verb,B1,single,Demonstrate the truth or existence of (something) by evidence or argument,,oxford3000,proving,gerund
provide,verb,A2,single,Make available for use; supply,,oxford3000,provide,base
provide,verb,A2,single,Make available for use; supply,,oxford3000,provides,third_person
provide,verb,A2,single,Make available for use; supply,,oxford3000,provided,past
provide,verb,A2,single,Make available for use; supply,,oxford3000,providing,gerund
psychologist,noun,B2,single,a scientist trained in psychology,,oxford3000,psychologist,base
psychologist,noun,B2,single,a scientist trained in psychology,,oxford3000,psychologists,plural
psychology,noun,B2,single,the science of mental life,,oxford3000,psychology,base
psychology,noun,B2,single,the science of mental life,,oxford3000,psychologies,plural
pub,noun,A2,single,tavern consisting of a building with a bar and public rooms; often provides light meals,,oxford3000,pub,base
public,adj,A2,single,Of or concerning the people as a whole,,oxford3000,public,base
public,noun,A2,single,people in general considered as a whole,,oxford3000,public,base
public,noun,A2,single,people in general considered as a whole,,oxford3000,publics,plural
publication,noun,B2,single,"The preparation and issuing of a book, journal, or piece of music for public sale",,oxford3000,publication,base
publication,noun,B2,single,"The preparation and issuing of a book, journal, or piece of music for public sale",,oxford3000,publications,plural
publish,verb,A2,single,"Prepare and issue (a book, journal, or piece of music) for public sale",,oxford3000,publish,base
publish,verb,A2,single,"Prepare and issue (a book, journal, or piece of music) for public sale",,oxford3000,publishes,third_person
publish,verb,A2,single,"Prepare and issue (a book, journal, or piece of music) for public sale",,oxford3000,published,past
publish,verb,A2,single,"Prepare and issue (a book, journal, or piece of music) for public sale",,oxford3000,publishing,gerund
pull,noun,B1,single,the act of pulling; applying force to move something toward or with you,,oxford3000,pull,base
pull,noun,B1,single,the act of pulling; applying force to move something toward or with you,,oxford3000,pulls,plural
pull,verb,A2,single,Exert force on (someone or something) so as to cause movement toward oneself,,oxford3000,pull,base
pull,verb,A2,single,Exert force on (someone or something) so as to cause movement toward oneself,,oxford3000,pulls,third_person
pull,verb,A2,single,Exert force on (someone or something) so as to cause movement toward oneself,,oxford3000,pulled,past
pull,verb,A2,single,Exert force on (someone or something) so as to cause movement toward oneself,,oxford3000,pulling,gerund
punish,verb,B1,single,"Inflict a penalty or sanction on (someone) as retribution for an offense, especially a transgression of a legal or moral code",,oxford3000,punish,base
punish,verb,B1,single,"Inflict a penalty or sanction on (someone) as retribution for an offense, especially a transgression of a legal or moral code",,oxford3000,punishes,third_person
punish,verb,B1,single,"Inflict a penalty or sanction on (someone) as retribution for an offense, especially a transgression of a legal or moral code",,oxford3000,punished,past
punish,verb,B1,single,"Inflict a penalty or sanction on (someone) as retribution for an offense, especially a transgression of a legal or moral code",,oxford3000,punishing,gerund
punishment,noun,B1,single,The infliction or imposition of a penalty as retribution for an offense,,oxford3000,punishment,base
punishment,noun,B1,single,The infliction or imposition of a penalty as retribution for an offense,,oxford3000,punishments,plural
pupil,noun,B2,single,a learner who is enrolled in an educational institution,,oxford3000,pupil,base
pupil,noun,B2,single,a learner who is enrolled in an educational institution,,oxford3000,pupils,plural
purchase,noun,B2,single,the acquisition of something for payment,,oxford3000,purchase,base
purchase,noun,B2,single,the acquisition of something for payment,,oxford3000,purchases,plural
purchase,verb,B2,single,Acquire (something) by paying for it; buy,,oxford3000,purchase,base
purchase,verb,B2,single,Acquire (something) by paying for it; buy,,oxford3000,purchases,third_person
purchase,verb,B2,single,Acquire (something) by paying for it; buy,,oxford3000,purchased,past
purchase,verb,B2,single,Acquire (something) by paying for it; buy,,oxford3000,purchasing,gerund
pure,adj,B2,single,Not mixed or adulterated with any other substance or material,,oxford3000,pure,base
pure,adj,B2,single,Not mixed or adulterated with any other substance or material,,oxford3000,purer,comparative
pure,adj,B2,single,Not mixed or adulterated with any other substance or material,,oxford3000,purest,superlative
purple,adj,A1,single,of a color intermediate between red and blue,,oxford3000,purple,base
purple,adj,A1,single,of a color intermediate between red and blue,,oxford3000,purpler,comparative
purple,adj,A1,single,of a color intermediate between red and blue,,oxford3000,purplest,superlative
purple,noun,A1,single,a purple color or pigment,,oxford3000,purple,base
purple,noun,A1,single,a purple color or pigment,,oxford3000,purples,plural
purpose,noun,A2,single,The reason for which something is done or created or for which something exists,,oxford3000,purpose,base
purpose,noun,A2,single,The reason for which something is done or created or for which something exists,,oxford3000,purposes,plural
pursue,verb,B2,single,Follow or chase (someone or something),,oxford3000,pursue,base
pursue,verb,B2,single,Follow or chase (someone or something),,oxford3000,pursues,third_person
pursue,verb,B2,single,Follow or chase (someone or something),,oxford3000,pursued,past
pursue,verb,B2,single,Follow or chase (someone or something),,oxford3000,pursuing,gerund
push,noun,B1,single,the act of applying force in order to move something away,,oxford3000,push,base
push,noun,B1,single,the act of applying force in order to move something away,,oxford3000,pushes,plural
push,verb,A2,single,Exert force on (someone or something) in order to move them away from oneself,,oxford3000,push,base
push,verb,A2,single,Exert force on (someone or something) in order to move them away from oneself,,oxford3000,pushes,third_person
push,verb,A2,single,Exert force on (someone or something) in order to move them away from oneself,,oxford3000,pushed,past
push,verb,A2,single,Exert force on (someone or something) in order to move them away from oneself,,oxford3000,pushing,gerund
put,verb,A1,single,Move to or place in a particular position,,oxford3000,put,base
put,verb,A1,single,Move to or place in a particular position,,oxford3000,puts,third_person
put,verb,A1,single,Move to or place in a particular position,,oxford3000,putting,gerund
qualification,noun,B1,single,"A pass of an examination or an official completion of a course, especially one conferring status as a recognized practitioner of a profession or activity",,oxford3000,qualification,base
qualification,noun,B1,single,"A pass of an examination or an official completion of a course, especially one conferring status as a recognized practitioner of a profession or activity",,oxford3000,qualifications,plural
qualified,adj,B1,single,Officially recognized as being trained to perform a particular job; certified,,oxford3000,qualified,base
qualify,verb,B1,single,Be entitled to a particular benefit or privilege by fulfilling a necessary condition,,oxford3000,qualify,base
qualify,verb,B1,single,Be entitled to a particular benefit or privilege by fulfilling a necessary condition,,oxford3000,qualifies,third_person
qualify,verb,B1,single,Be entitled to a particular benefit or privilege by fulfilling a necessary condition,,oxford3000,qualified,past
qualify,verb,B1,single,Be entitled to a particular benefit or privilege by fulfilling a necessary condition,,oxford3000,qualifying,gerund
quality,noun,A2,single,The standard of something as measured against other things of a similar kind; the degree of excellence of something,,oxford3000,quality,base
quality,noun,A2,single,The standard of something as measured against other things of a similar kind; the degree of excellence of something,,oxford3000,qualities,plural
quantity,noun,A2,single,The amount or number of a material or immaterial thing not usually estimated by spatial measurement,,oxford3000,quantity,base
quantity,noun,A2,single,The amount or number of a material or immaterial thing not usually estimated by spatial measurement,,oxford3000,quantities,plural
quarter,noun,A1,single,Each of four equal or corresponding parts into which something is or can be divided,,oxford3000,quarter,base
quarter,noun,A1,single,Each of four equal or corresponding parts into which something is or can be divided,,oxford3000,quarters,plural
queen,noun,A2,single,"The female ruler of an independent state, especially one who inherits the position by right of birth",,oxford3000,queen,base
queen,noun,A2,single,"The female ruler of an independent state, especially one who inherits the position by right of birth",,oxford3000,queens,plural
question,noun,A1,single,A sentence worded or expressed so as to elicit information,,oxford3000,question,base
question,noun,A1,single,A sentence worded or expressed so as to elicit information,,oxford3000,questions,plural
question,verb,A2,single,"challenge the accuracy, probity, or propriety of",,oxford3000,question,base
question,verb,A2,single,"challenge the accuracy, probity, or propriety of",,oxford3000,questions,third_person
question,verb,A2,single,"challenge the accuracy, probity, or propriety of",,oxford3000,questioned,past
question,verb,A2,single,"challenge the accuracy, probity, or propriety of",,oxford3000,questioning,gerund
queue,noun,B1,single,a line of people or vehicles waiting for something,,oxford3000,queue,base
queue,noun,B1,single,a line of people or vehicles waiting for something,,oxford3000,queues,plural
queue,verb,B1,single,"form a queue, form a line, stand in line",,oxford3000,queue,base
queue,verb,B1,single,"form a queue, form a line, stand in line",,oxford3000,queues,third_person
queue,verb,B1,single,"form a queue, form a line, stand in line",,oxford3000,queued,past
queue,verb,B1,single,"form a queue, form a line, stand in line",,oxford3000,queuing,gerund
queue,verb,B1,single,"form a queue, form a line, stand in line",,oxford3000,queueing,gerund
quick,adj,A1,single,Moving fast or doing something in a short time,,oxford3000,quick,base
quick,adj,A1,single,Moving fast or doing something in a short time,,oxford3000,quicker,comparative
quick,adj,A1,single,Moving fast or doing something in a short time,,oxford3000,quickest,superlative
quickly,adv,A1,single,At a fast speed; rapidly,,oxford3000,quickly,base
quiet,adj,A1,single,Making little or no noise,,oxford3000,quiet,base
quiet,adj,A1,single,Making little or no noise,,oxford3000,quieter,comparative
quiet,adj,A1,single,Making little or no noise,,oxford3000,quietest,superlative
quietly,adv,A2,single,In a quiet manner,,oxford3000,quietly,base
quit,verb,B1,single,"Leave (a place), usually permanently",,oxford3000,quit,base
quit,verb,B1,single,"Leave (a place), usually permanently",,oxford3000,quits,third_person
quit,verb,B1,single,"Leave (a place), usually permanently",,oxford3000,quitted,past_participle
quit,verb,B1,single,"Leave (a place), usually permanently",,oxford3000,quitting,gerund
quite,adv,A1,single,To the utmost or most absolute extent or degree; absolutely; completely,,oxford3000,quite,base
quotation,noun,B1,single,a short note recognizing a source of information or of a quoted passage,,oxford3000,quotation,base
quotation,noun,B1,single,a short note recognizing a source of information or of a quoted passage,,oxford3000,quotations,plural
quote,noun,B1,single,a punctuation mark used to attribute the enclosed text to someone else,,oxford3000,quote,base
quote,noun,B1,single,a punctuation mark used to attribute the enclosed text to someone else,,oxford3000,quotes,plural
quote,verb,B1,single,"Repeat or copy out (a group of words from a text or speech), typically with an indication that one is not the original author or speaker",,oxford3000,quote,base
quote,verb,B1,single,"Repeat or copy out (a group of words from a text or speech), typically with an indication that one is not the original author or speaker",,oxford3000,quotes,third_person
quote,verb,B1,single,"Repeat or copy out (a group of words from a text or speech), typically with an indication that one is not the original author or speaker",,oxford3000,quoted,past
quote,verb,B1,single,"Repeat or copy out (a group of words from a text or speech), typically with an indication that one is not the original author or speaker",,oxford3000,quoting,gerund
race,noun,A2,single,"A competition between runners, horses, vehicles, boats, etc., to see which is the fastest in covering a set course",,oxford3000,race,base
race,noun,A2,single,"A competition between runners, horses, vehicles, boats, etc., to see which is the fastest in covering a set course",,oxford3000,races,plural
race,verb,A2,single,move fast,,oxford3000,race,base
race,verb,A2,single,move fast,,oxford3000,races,third_person
race,verb,A2,single,move fast,,oxford3000,raced,past
race,verb,A2,single,move fast,,oxford3000,racing,gerund
racing,noun,B1,single,the sport of engaging in contests of speed,,oxford3000,racing,base
radio,noun,A1,single,"The transmission and reception of electromagnetic waves of radio frequency, especially those carrying sound messages",,oxford3000,radio,base
radio,noun,A1,single,"The transmission and reception of electromagnetic waves of radio frequency, especially those carrying sound messages",,oxford3000,radios,plural
railway,noun,A2,single,A track made of steel rails along which trains run; a railway,,oxford3000,railway,base
railway,noun,A2,single,A track made of steel rails along which trains run; a railway,,oxford3000,railways,plural
rain,noun,A1,single,Moisture condensed from the atmosphere that falls visibly in separate drops,,oxford3000,rain,base
rain,noun,A1,single,Moisture condensed from the atmosphere that falls visibly in separate drops,,oxford3000,rains,plural
rain,verb,A1,single,precipitate as rain,,oxford3000,rain,base
rain,verb,A1,single,precipitate as rain,,oxford3000,rains,third_person
rain,verb,A1,single,precipitate as rain,,oxford3000,rained,past
rain,verb,A1,single,precipitate as rain,,oxford3000,raining,gerund
raise,verb,A2,single,Lift or move to a higher position or level,,oxford3000,raise,base
raise,verb,A2,single,Lift or move to a higher position or level,,oxford3000,raises,third_person
raise,verb,A2,single,Lift or move to a higher position or level,,oxford3000,raised,past
raise,verb,A2,single,Lift or move to a higher position or level,,oxford3000,raising,gerund
range,noun,B1,single,The area of variation between upper and lower limits on a particular scale,,oxford3000,range,base
range,noun,B1,single,The area of variation between upper and lower limits on a particular scale,,oxford3000,ranges,plural
range,verb,B2,single,change or be different within limits,,oxford3000,range,base
range,verb,B2,single,change or be different within limits,,oxford3000,ranges,third_person
range,verb,B2,single,change or be different within limits,,oxford3000,ranged,past
range,verb,B2,single,change or be different within limits,,oxford3000,ranging,gerund
rank,noun,B2,single,A position in the hierarchy of the armed forces,,oxford3000,rank,base
rank,noun,B2,single,A position in the hierarchy of the armed forces,,oxford3000,ranks,plural
rank,verb,B2,single,take or have a position relative to others,,oxford3000,rank,base
rank,verb,B2,single,take or have a position relative to others,,oxford3000,ranks,third_person
rank,verb,B2,single,take or have a position relative to others,,oxford3000,ranked,past
rank,verb,B2,single,take or have a position relative to others,,oxford3000,ranking,gerund
rapid,adj,B2,single,Happening in a short time or at a great rate,,oxford3000,rapid,base
rapid,adj,B2,single,Happening in a short time or at a great rate,,oxford3000,rapider,comparative
rapid,adj,B2,single,Happening in a short time or at a great rate,,oxford3000,rapidest,superlative
rapidly,adv,B2,single,Very quickly; at a great rate,,oxford3000,rapidly,base
rare,adj,B1,single,Not occurring very often,,oxford3000,rare,base
rare,adj,B1,single,Not occurring very often,,oxford3000,rarer,comparative
rare,adj,B1,single,Not occurring very often,,oxford3000,rarest,superlative
rarely,adv,B1,single,Not often; seldom,,oxford3000,rarely,base
rate,noun,A2,single,"A measure, quantity, or frequency, typically one measured against some other quantity or measure",,oxford3000,rate,base
rate,noun,A2,single,"A measure, quantity, or frequency, typically one measured against some other quantity or measure",,oxford3000,rates,plural
rate,verb,B2,single,assign a rank or rating to,,oxford3000,rate,base
rate,verb,B2,single,assign a rank or rating to,,oxford3000,rates,third_person
rate,verb,B2,single,assign a rank or rating to,,oxford3000,rated,past
rate,verb,B2,single,assign a rank or rating to,,oxford3000,rating,gerund
rather,adv,A2,single,Used to indicate one's preference in a particular matter,,oxford3000,rather,base
raw,adj,B2,single,Uncooked; in its natural state; not processed,,oxford3000,raw,base
reach,noun,B2,single,the limits within which something can be effective,,oxford3000,reach,base
reach,noun,B2,single,the limits within which something can be effective,,oxford3000,reaches,plural
reach,verb,A2,single,Arrive at; get as far as,,oxford3000,reach,base
reach,verb,A2,single,Arrive at; get as far as,,oxford3000,reaches,third_person
reach,verb,A2,single,Arrive at; get as far as,,oxford3000,reached,past
reach,verb,A2,single,Arrive at; get as far as,,oxford3000,reaching,gerund
react,verb,A2,single,Respond or behave in a particular way in response to something,,oxford3000,react,base
react,verb,A2,single,Respond or behave in a particular way in response to something,,oxford3000,reacts,third_person
react,verb,A2,single,Respond or behave in a particular way in response to something,,oxford3000,reacted,past
react,verb,A2,single,Respond or behave in a particular way in response to something,,oxford3000,reacting,gerund
reaction,noun,B1,single,An action performed or a feeling experienced in response to a situation or event,,oxford3000,reaction,base
reaction,noun,B1,single,An action performed or a feeling experienced in response to a situation or event,,oxford3000,reactions,plural
read,verb,A1,single,Look at and comprehend the meaning of (written or printed matter) by mentally interpreting the characters or symbols of which it is composed,,oxford3000,read,base
read,verb,A1,single,Look at and comprehend the meaning of (written or printed matter) by mentally interpreting the characters or symbols of which it is composed,,oxford3000,reads,third_person
read,verb,A1,single,Look at and comprehend the meaning of (written or printed matter) by mentally interpreting the characters or symbols of which it is composed,,oxford3000,reading,gerund
reader,noun,A1,single,A person who reads or who is fond of reading,,oxford3000,reader,base
reader,noun,A1,single,A person who reads or who is fond of reading,,oxford3000,readers,plural
reading,noun,A1,single,The action or skill of reading written or printed matter silently or aloud,,oxford3000,reading,base
reading,noun,A1,single,The action or skill of reading written or printed matter silently or aloud,,oxford3000,readings,plural
ready,adj,A1,single,"In a suitable state for an activity, action, or situation; fully prepared",,oxford3000,ready,base
ready,adj,A1,single,"In a suitable state for an activity, action, or situation; fully prepared",,oxford3000,readier,comparative
ready,adj,A1,single,"In a suitable state for an activity, action, or situation; fully prepared",,oxford3000,readiest,superlative
real,adj,A1,single,Actually existing as a thing or occurring in fact; not imagined or supposed,,oxford3000,real,base
real,adj,A1,single,Actually existing as a thing or occurring in fact; not imagined or supposed,,oxford3000,realer,comparative
real,adj,A1,single,Actually existing as a thing or occurring in fact; not imagined or supposed,,oxford3000,realest,superlative
realistic,adj,B2,single,Having or showing a sensible and practical idea of what can be achieved or expected,,oxford3000,realistic,base
reality,noun,B1,single,"The state of things as they actually exist, as opposed to an idealistic or notional idea of them",,oxford3000,reality,base
reality,noun,B1,single,"The state of things as they actually exist, as opposed to an idealistic or notional idea of them",,oxford3000,realities,plural
realize,verb,A2,single,Become fully aware of (something) as a fact; understand clearly,,oxford3000,realize,base
realize,verb,A2,single,Become fully aware of (something) as a fact; understand clearly,,oxford3000,realizes,third_person
realize,verb,A2,single,Become fully aware of (something) as a fact; understand clearly,,oxford3000,realized,past
realize,verb,A2,single,Become fully aware of (something) as a fact; understand clearly,,oxford3000,realizing,gerund
really,adv,A1,single,"In actual fact, as opposed to what is said or imagined to be true or possible",,oxford3000,really,base
reason,noun,A1,single,"A cause, explanation, or justification for an action or event",,oxford3000,reason,base
reason,noun,A1,single,"A cause, explanation, or justification for an action or event",,oxford3000,reasons,plural
reasonable,adj,B2,single,Having sound judgment; fair and sensible,,oxford3000,reasonable,base
recall,verb,B2,single,"Bring (a fact, event, or situation) back into one's mind; remember",,oxford3000,recall,base
recall,verb,B2,single,"Bring (a fact, event, or situation) back into one's mind; remember",,oxford3000,recalls,third_person
recall,verb,B2,single,"Bring (a fact, event, or situation) back into one's mind; remember",,oxford3000,recalled,past
recall,verb,B2,single,"Bring (a fact, event, or situation) back into one's mind; remember",,oxford3000,recalling,gerund
receipt,noun,B1,single,the act of receiving,,oxford3000,receipt,base
receipt,noun,B1,single,the act of receiving,,oxford3000,receipts,plural
receive,verb,A2,single,"Be given, presented with, or paid (something)",,oxford3000,receive,base
receive,verb,A2,single,"Be given, presented with, or paid (something)",,oxford3000,receives,third_person
receive,verb,A2,single,"Be given, presented with, or paid (something)",,oxford3000,received,past
receive,verb,A2,single,"Be given, presented with, or paid (something)",,oxford3000,receiving,gerund
recent,adj,A2,single,"Having happened, begun, or been done not long ago; belonging to a past period comparatively close to the present",,oxford3000,recent,base
recently,adv,A2,single,At a recent time; not long ago,,oxford3000,recently,base
reception,noun,A2,single,the manner in which something is greeted,,oxford3000,reception,base
reception,noun,A2,single,the manner in which something is greeted,,oxford3000,receptions,plural
recipe,noun,A2,single,"A set of instructions for preparing a particular dish, including a list of the ingredients required",,oxford3000,recipe,base
recipe,noun,A2,single,"A set of instructions for preparing a particular dish, including a list of the ingredients required",,oxford3000,recipes,plural
recognize,verb,A2,single,Identify (someone or something) from having encountered them before; know again,,oxford3000,recognize,base
recognize,verb,A2,single,Identify (someone or something) from having encountered them before; know again,,oxford3000,recognizes,third_person
recognize,verb,A2,single,Identify (someone or something) from having encountered them before; know again,,oxford3000,recognized,past
recognize,verb,A2,single,Identify (someone or something) from having encountered them before; know again,,oxford3000,recognizing,gerund
recommend,verb,A2,single,Put forward (someone or something) with approval as being suitable for a particular purpose or role,,oxford3000,recommend,base
recommend,verb,A2,single,Put forward (someone or something) with approval as being suitable for a particular purpose or role,,oxford3000,recommends,third_person
recommend,verb,A2,single,Put forward (someone or something) with approval as being suitable for a particular purpose or role,,oxford3000,recommended,past
recommend,verb,A2,single,Put forward (someone or something) with approval as being suitable for a particular purpose or role,,oxford3000,recommending,gerund
recommendation,noun,B1,single,something (as a course of action) that is recommended as advisable,,oxford3000,recommendation,base
recommendation,noun,B1,single,something (as a course of action) that is recommended as advisable,,oxford3000,recommendations,plural
record,noun,A2,single,"A thing constituting a piece of evidence about the past, especially an account kept in writing or some other permanent form",,oxford3000,record,base
record,noun,A2,single,"A thing constituting a piece of evidence about the past, especially an account kept in writing or some other permanent form",,oxford3000,records,plural
record,verb,A2,single,make a record of; set down in permanent form,,oxford3000,record,base
record,verb,A2,single,make a record of; set down in permanent form,,oxford3000,records,third_person
record,verb,A2,single,make a record of; set down in permanent form,,oxford3000,recorded,past
record,verb,A2,single,make a record of; set down in permanent form,,oxford3000,recording,gerund
recording,noun,A2,single,The action or process of recording sound or a performance for subsequent reproduction or broadcast,,oxford3000,recording,base
recording,noun,A2,single,The action or process of recording sound or a performance for subsequent reproduction or broadcast,,oxford3000,recordings,plural
recover,verb,B2,single,"Return to a normal state of health, mind, or strength",,oxford3000,recover,base
recover,verb,B2,single,"Return to a normal state of health, mind, or strength",,oxford3000,recovers,third_person
recover,verb,B2,single,"Return to a normal state of health, mind, or strength",,oxford3000,recovered,past
recover,verb,B2,single,"Return to a normal state of health, mind, or strength",,oxford3000,recovering,gerund
recycle,verb,A2,single,cause to repeat a cycle,,oxford3000,recycle,base
recycle,verb,A2,single,cause to repeat a cycle,,oxford3000,recycles,third_person
recycle,verb,A2,single,cause to repeat a cycle,,oxford3000,recycled,past
recycle,verb,A2,single,cause to repeat a cycle,,oxford3000,recycling,gerund
red,adj,A1,single,of a color at the end of the color spectrum (next to orange); resembling the color of blood or cherries or tomatoes or rubies,,oxford3000,red,base
red,adj,A1,single,of a color at the end of the color spectrum (next to orange); resembling the color of blood or cherries or tomatoes or rubies,,oxford3000,redder,comparative
red,adj,A1,single,of a color at the end of the color spectrum (next to orange); resembling the color of blood or cherries or tomatoes or rubies,,oxford3000,reddest,superlative
red,noun,A1,single,red color or pigment; the chromatic color resembling the hue of blood,,oxford3000,red,base
red,noun,A1,single,red color or pigment; the chromatic color resembling the hue of blood,,oxford3000,reds,plural
reduce,verb,A2,single,"Make smaller or less in amount, degree, or size",,oxford3000,reduce,base
reduce,verb,A2,single,"Make smaller or less in amount, degree, or size",,oxford3000,reduces,third_person
reduce,verb,A2,single,"Make smaller or less in amount, degree, or size",,oxford3000,reduced,past
reduce,verb,A2,single,"Make smaller or less in amount, degree, or size",,oxford3000,reducing,gerund
reduction,noun,B2,single,"The action or fact of making something smaller or less in amount, degree, or size",,oxford3000,reduction,base
reduction,noun,B2,single,"The action or fact of making something smaller or less in amount, degree, or size",,oxford3000,reductions,plural
refer,verb,A2,single,Mention or allude to,,oxford3000,refer,base
refer,verb,A2,single,Mention or allude to,,oxford3000,refers,third_person
refer,verb,A2,single,Mention or allude to,,oxford3000,referred,past
refer,verb,A2,single,Mention or allude to,,oxford3000,refered,past
refer,verb,A2,single,Mention or allude to,,oxford3000,referring,gerund
refer,verb,A2,single,Mention or allude to,,oxford3000,refering,gerund
reference,noun,B1,single,The use of a source of information in order to ascertain something,,oxford3000,reference,base
reference,noun,B1,single,The use of a source of information in order to ascertain something,,oxford3000,references,plural
reflect,verb,B1,single,"Throw back (heat, light, or sound) without absorbing it",,oxford3000,reflect,base
reflect,verb,B1,single,"Throw back (heat, light, or sound) without absorbing it",,oxford3000,reflects,third_person
reflect,verb,B1,single,"Throw back (heat, light, or sound) without absorbing it",,oxford3000,reflected,past
reflect,verb,B1,single,"Throw back (heat, light, or sound) without absorbing it",,oxford3000,reflecting,gerund
refuse,verb,A2,single,Indicate or show that one is not willing to do something,,oxford3000,refuse,base
refuse,verb,A2,single,Indicate or show that one is not willing to do something,,oxford3000,refuses,third_person
refuse,verb,A2,single,Indicate or show that one is not willing to do something,,oxford3000,refused,past
refuse,verb,A2,single,Indicate or show that one is not willing to do something,,oxford3000,refusing,gerund
regard,noun,B2,single,(usually preceded by `in') a detail or point,,oxford3000,regard,base
regard,verb,B2,single,Consider or think of (someone or something) in a specified way,,oxford3000,regard,base
regard,verb,B2,single,Consider or think of (someone or something) in a specified way,,oxford3000,regards,third_person
regard,verb,B2,single,Consider or think of (someone or something) in a specified way,,oxford3000,regarded,past
regard,verb,B2,single,Consider or think of (someone or something) in a specified way,,oxford3000,regarding,gerund
region,noun,A2,single,"An area, especially part of a country or the world having definable characteristics but not always fixed boundaries",,oxford3000,region,base
region,noun,A2,single,"An area, especially part of a country or the world having definable characteristics but not always fixed boundaries",,oxford3000,regions,plural
regional,adj,B2,single,Relating to or characteristic of a region,,oxford3000,regional,base
register,noun,B2,single,an official written record of names or events or transactions,,oxford3000,register,base
register,noun,B2,single,an official written record of names or events or transactions,,oxford3000,registers,plural
register,verb,B2,single,Enter or record on an official list or directory,,oxford3000,register,base
register,verb,B2,single,Enter or record on an official list or directory,,oxford3000,registers,third_person
register,verb,B2,single,Enter or record on an official list or directory,,oxford3000,registered,past
register,verb,B2,single,Enter or record on an official list or directory,,oxford3000,registering,gerund
regret,noun,B2,single,sadness associated with some wrong done or some disappointment,,oxford3000,regret,base
regret,noun,B2,single,sadness associated with some wrong done or some disappointment,,oxford3000,regrets,plural
regret,verb,B2,single,"Feel sad, repentant, or disappointed over (something that one has done or failed to do)",,oxford3000,regret,base
regret,verb,B2,single,"Feel sad, repentant, or disappointed over (something that one has done or failed to do)",,oxford3000,regrets,third_person
regret,verb,B2,single,"Feel sad, repentant, or disappointed over (something that one has done or failed to do)",,oxford3000,regretted,past
regret,verb,B2,single,"Feel sad, repentant, or disappointed over (something that one has done or failed to do)",,oxford3000,regretting,gerund
regular,adj,A2,single,"Arranged in or constituting a constant or definite pattern, especially with the same space between individual instances",,oxford3000,regular,base
regularly,adv,B1,single,"With a constant or definite pattern, especially with the same space between individual instances",,oxford3000,regularly,base
regulation,noun,B2,single,A rule or directive made and maintained by an authority,,oxford3000,regulation,base
regulation,noun,B2,single,A rule or directive made and maintained by an authority,,oxford3000,regulations,plural
reject,verb,B1,single,"Dismiss as inadequate, inappropriate, or not to one's taste",,oxford3000,reject,base
reject,verb,B1,single,"Dismiss as inadequate, inappropriate, or not to one's taste",,oxford3000,rejects,third_person
reject,verb,B1,single,"Dismiss as inadequate, inappropriate, or not to one's taste",,oxford3000,rejected,past
reject,verb,B1,single,"Dismiss as inadequate, inappropriate, or not to one's taste",,oxford3000,rejecting,gerund
relate,verb,B1,single,Make or show a connection between,,oxford3000,relate,base
relate,verb,B1,single,Make or show a connection between,,oxford3000,relates,third_person
relate,verb,B1,single,Make or show a connection between,,oxford3000,related,past
relate,verb,B1,single,Make or show a connection between,,oxford3000,relating,gerund
related,adj,B1,single,"Belonging to the same group, connected",,oxford3000,related,base
relation,noun,B1,single,The way in which two or more people or things are connected,,oxford3000,relation,base
relation,noun,B1,single,The way in which two or more people or things are connected,,oxford3000,relations,plural
relationship,noun,A2,single,"The way in which two or more people or things are connected, or the state of being connected",,oxford3000,relationship,base
relationship,noun,A2,single,"The way in which two or more people or things are connected, or the state of being connected",,oxford3000,relationships,plural
relative,adj,B1,single,Considered in relation or in proportion to something else,,oxford3000,relative,base
relative,noun,B1,single,a person related by blood or marriage,,oxford3000,relative,base
relative,noun,B1,single,a person related by blood or marriage,,oxford3000,relatives,plural
relatively,adv,B2,single,"In relation, comparison, or proportion to something else",,oxford3000,relatively,base
relax,verb,A1,single,Make or become less tense or anxious,,oxford3000,relax,base
relax,verb,A1,single,Make or become less tense or anxious,,oxford3000,relaxes,third_person
relax,verb,A1,single,Make or become less tense or anxious,,oxford3000,relaxed,past
relax,verb,A1,single,Make or become less tense or anxious,,oxford3000,relaxing,gerund
relaxed,adj,B1,single,Free from tension and anxiety; at ease,,oxford3000,relaxed,base
relaxing,adj,B1,single,Serving to relax or ease tension,,oxford3000,relaxing,base
release,noun,B1,single,merchandise issued for sale or public showing (especially a record or film),,oxford3000,release,base
release,noun,B1,single,merchandise issued for sale or public showing (especially a record or film),,oxford3000,releases,plural
release,verb,B1,single,Allow or enable to escape from confinement; set free,,oxford3000,release,base
release,verb,B1,single,Allow or enable to escape from confinement; set free,,oxford3000,releases,third_person
release,verb,B1,single,Allow or enable to escape from confinement; set free,,oxford3000,released,past
release,verb,B1,single,Allow or enable to escape from confinement; set free,,oxford3000,releasing,gerund
relevant,adj,B2,single,Closely connected or appropriate to what is being done or considered,,oxford3000,relevant,base
reliable,adj,B1,single,worthy of reliance or trust,,oxford3000,reliable,base
relief,noun,B2,single,A feeling of reassurance and relaxation following release from anxiety or distress,,oxford3000,relief,base
relief,noun,B2,single,A feeling of reassurance and relaxation following release from anxiety or distress,,oxford3000,reliefs,plural
religion,noun,B1,single,"The belief in and worship of a superhuman controlling power, especially a personal God or gods",,oxford3000,religion,base
religion,noun,B1,single,"The belief in and worship of a superhuman controlling power, especially a personal God or gods",,oxford3000,religions,plural
religious,adj,B1,single,Relating to or believing in a religion,,oxford3000,religious,base
rely,verb,B2,single,Depend on with full trust or confidence,,oxford3000,rely,base
rely,verb,B2,single,Depend on with full trust or confidence,,oxford3000,relies,third_person
rely,verb,B2,single,Depend on with full trust or confidence,,oxford3000,relied,past
rely,verb,B2,single,Depend on with full trust or confidence,,oxford3000,relying,gerund
remain,verb,B1,single,"Continue to exist, especially after other similar or related people or things have ceased to exist",,oxford3000,remain,base
remain,verb,B1,single,"Continue to exist, especially after other similar or related people or things have ceased to exist",,oxford3000,remains,third_person
remain,verb,B1,single,"Continue to exist, especially after other similar or related people or things have ceased to exist",,oxford3000,remained,past
remain,verb,B1,single,"Continue to exist, especially after other similar or related people or things have ceased to exist",,oxford3000,remaining,gerund
remark,noun,B2,single,Say something as a comment; mention,,oxford3000,remark,base
remark,noun,B2,single,Say something as a comment; mention,,oxford3000,remarks,plural
remark,verb,B2,single,make mention of,,oxford3000,remark,base
remark,verb,B2,single,make mention of,,oxford3000,remarks,third_person
remark,verb,B2,single,make mention of,,oxford3000,remarked,past
remark,verb,B2,single,make mention of,,oxford3000,remarking,gerund
remember,verb,A1,single,Have in or be able to bring to one's mind an awareness of (someone or something from the past),,oxford3000,remember,base
remember,verb,A1,single,Have in or be able to bring to one's mind an awareness of (someone or something from the past),,oxford3000,remembers,third_person
remember,verb,A1,single,Have in or be able to bring to one's mind an awareness of (someone or something from the past),,oxford3000,remembered,past
remember,verb,A1,single,Have in or be able to bring to one's mind an awareness of (someone or something from the past),,oxford3000,remembering,gerund
remind,verb,B1,single,Cause (someone) to remember someone or something,,oxford3000,remind,base
remind,verb,B1,single,Cause (someone) to remember someone or something,,oxford3000,reminds,third_person
remind,verb,B1,single,Cause (someone) to remember someone or something,,oxford3000,reminded,past
remind,verb,B1,single,Cause (someone) to remember someone or something,,oxford3000,reminding,gerund
remote,adj,B1,single,Situated far from the main centers of population; distant,,oxford3000,remote,base
remote,adj,B1,single,Situated far from the main centers of population; distant,,oxford3000,remoter,comparative
remote,adj,B1,single,Situated far from the main centers of population; distant,,oxford3000,remotest,superlative
remove,verb,A2,single,Take (something) away or off from the position occupied,,oxford3000,remove,base
remove,verb,A2,single,Take (something) away or off from the position occupied,,oxford3000,removes,third_person
remove,verb,A2,single,Take (something) away or off from the position occupied,,oxford3000,removed,past
remove,verb,A2,single,Take (something) away or off from the position occupied,,oxford3000,removing,gerund
rent,noun,B1,single,"a payment or series of payments made by the lessee to an owner for use of some property, facility, equipment, or service",,oxford3000,rent,base
rent,noun,B1,single,"a payment or series of payments made by the lessee to an owner for use of some property, facility, equipment, or service",,oxford3000,rents,plural
rent,verb,B1,single,"Pay someone for the use of (something, typically property, land, or a car)",,oxford3000,rent,base
rent,verb,B1,single,"Pay someone for the use of (something, typically property, land, or a car)",,oxford3000,rents,third_person
rent,verb,B1,single,"Pay someone for the use of (something, typically property, land, or a car)",,oxford3000,rented,past
rent,verb,B1,single,"Pay someone for the use of (something, typically property, land, or a car)",,oxford3000,renting,gerund
repair,noun,B1,single,the act of putting something in working order again,,oxford3000,repair,base
repair,noun,B1,single,the act of putting something in working order again,,oxford3000,repairs,plural
repair,verb,A2,single,Fix or mend (a thing suffering from damage or a fault),,oxford3000,repair,base
repair,verb,A2,single,Fix or mend (a thing suffering from damage or a fault),,oxford3000,repairs,third_person
repair,verb,A2,single,Fix or mend (a thing suffering from damage or a fault),,oxford3000,repaired,past
repair,verb,A2,single,Fix or mend (a thing suffering from damage or a fault),,oxford3000,repairing,gerund
repeat,noun,B1,single,an event that repeats,,oxford3000,repeat,base
repeat,noun,B1,single,an event that repeats,,oxford3000,repeats,plural
repeat,verb,A1,single,Say again something one has already said,,oxford3000,repeat,base
repeat,verb,A1,single,Say again something one has already said,,oxford3000,repeats,third_person
repeat,verb,A1,single,Say again something one has already said,,oxford3000,repeated,past
repeat,verb,A1,single,Say again something one has already said,,oxford3000,repeating,gerund
repeated,adj,B1,single,Done or occurring again several times in the same way,,oxford3000,repeated,base
replace,verb,A2,single,Take the place of,,oxford3000,replace,base
replace,verb,A2,single,Take the place of,,oxford3000,replaces,third_person
replace,verb,A2,single,Take the place of,,oxford3000,replaced,past
replace,verb,A2,single,Take the place of,,oxford3000,replacing,gerund
reply,noun,A2,single,a statement (either spoken or written) that is made to reply to a question or request or criticism or accusation,,oxford3000,reply,base
reply,noun,A2,single,a statement (either spoken or written) that is made to reply to a question or request or criticism or accusation,,oxford3000,replies,plural
reply,verb,A2,single,Say something in response to something someone has said,,oxford3000,reply,base
reply,verb,A2,single,Say something in response to something someone has said,,oxford3000,replies,third_person
reply,verb,A2,single,Say something in response to something someone has said,,oxford3000,replied,past
reply,verb,A2,single,Say something in response to something someone has said,,oxford3000,replying,gerund
report,noun,A1,single,a written document describing the findings of some individual or group,,oxford3000,report,base
report,noun,A1,single,a written document describing the findings of some individual or group,,oxford3000,reports,plural
report,verb,A2,single,"Give a spoken or written account of something that one has observed, heard, done, or investigated",,oxford3000,report,base
report,verb,A2,single,"Give a spoken or written account of something that one has observed, heard, done, or investigated",,oxford3000,reports,third_person
report,verb,A2,single,"Give a spoken or written account of something that one has observed, heard, done, or investigated",,oxford3000,reported,past
report,verb,A2,single,"Give a spoken or written account of something that one has observed, heard, done, or investigated",,oxford3000,reporting,gerund
reporter,noun,A2,single,"A person who reports, especially one employed to report news or conduct interviews for newspapers or broadcasts",,oxford3000,reporter,base
reporter,noun,A2,single,"A person who reports, especially one employed to report news or conduct interviews for newspapers or broadcasts",,oxford3000,reporters,plural
represent,verb,B1,single,"Be entitled or appointed to act or speak for (someone), especially in an official capacity",,oxford3000,represent,base
represent,verb,B1,single,"Be entitled or appointed to act or speak for (someone), especially in an official capacity",,oxford3000,represents,third_person
represent,verb,B1,single,"Be entitled or appointed to act or speak for (someone), especially in an official capacity",,oxford3000,represented,past
represent,verb,B1,single,"Be entitled or appointed to act or speak for (someone), especially in an official capacity",,oxford3000,representing,gerund
representative,adj,B2,single,serving to represent or typify,,oxford3000,representative,base
representative,noun,B2,single,A person chosen or appointed to act or speak for another or others,,oxford3000,representative,base
representative,noun,B2,single,A person chosen or appointed to act or speak for another or others,,oxford3000,representatives,plural
reputation,noun,B2,single,The beliefs or opinions that are generally held about someone or something,,oxford3000,reputation,base
reputation,noun,B2,single,The beliefs or opinions that are generally held about someone or something,,oxford3000,reputations,plural
request,noun,A2,single,An act of asking politely or formally for something,,oxford3000,request,base
request,noun,A2,single,An act of asking politely or formally for something,,oxford3000,requests,plural
request,verb,B1,single,express the need or desire for; ask for,,oxford3000,request,base
request,verb,B1,single,express the need or desire for; ask for,,oxford3000,requests,third_person
request,verb,B1,single,express the need or desire for; ask for,,oxford3000,requested,past
request,verb,B1,single,express the need or desire for; ask for,,oxford3000,requesting,gerund
require,verb,B1,single,Need for a particular purpose,,oxford3000,require,base
require,verb,B1,single,Need for a particular purpose,,oxford3000,requires,third_person
require,verb,B1,single,Need for a particular purpose,,oxford3000,required,past
require,verb,B1,single,Need for a particular purpose,,oxford3000,requiring,gerund
requirement,noun,B2,single,A thing that is needed or wanted,,oxford3000,requirement,base
requirement,noun,B2,single,A thing that is needed or wanted,,oxford3000,requirements,plural
rescue,noun,B2,single,recovery or preservation from loss or danger,,oxford3000,rescue,base
rescue,noun,B2,single,recovery or preservation from loss or danger,,oxford3000,rescues,plural
rescue,verb,B2,single,Save (someone) from a dangerous or distressing situation,,oxford3000,rescue,base
rescue,verb,B2,single,Save (someone) from a dangerous or distressing situation,,oxford3000,rescues,third_person
rescue,verb,B2,single,Save (someone) from a dangerous or distressing situation,,oxford3000,rescued,past
rescue,verb,B2,single,Save (someone) from a dangerous or distressing situation,,oxford3000,rescuing,gerund
research,noun,A2,single,The systematic investigation into and study of materials and sources in order to establish facts and reach new conclusions,,oxford3000,research,base
research,verb,A2,single,attempt to find out in a systematically and scientific manner,,oxford3000,research,base
research,verb,A2,single,attempt to find out in a systematically and scientific manner,,oxford3000,researches,third_person
research,verb,A2,single,attempt to find out in a systematically and scientific manner,,oxford3000,researched,past
research,verb,A2,single,attempt to find out in a systematically and scientific manner,,oxford3000,researching,gerund
researcher,noun,A2,single,A person who carries out academic or scientific research,,oxford3000,researcher,base
researcher,noun,A2,single,A person who carries out academic or scientific research,,oxford3000,researchers,plural
reservation,noun,B1,single,The action of reserving something,,oxford3000,reservation,base
reservation,noun,B1,single,The action of reserving something,,oxford3000,reservations,plural
reserve,noun,B2,single,formality and propriety of manner,,oxford3000,reserve,base
reserve,noun,B2,single,formality and propriety of manner,,oxford3000,reserves,plural
reserve,verb,B2,single,"hold back or set aside, especially for future use or contingency",,oxford3000,reserve,base
reserve,verb,B2,single,"hold back or set aside, especially for future use or contingency",,oxford3000,reserves,third_person
reserve,verb,B2,single,"hold back or set aside, especially for future use or contingency",,oxford3000,reserved,past
reserve,verb,B2,single,"hold back or set aside, especially for future use or contingency",,oxford3000,reserving,gerund
resident,adj,B2,single,living in a particular place,,oxford3000,resident,base
resident,noun,B2,single,A person who lives somewhere permanently or on a long-term basis,,oxford3000,resident,base
resident,noun,B2,single,A person who lives somewhere permanently or on a long-term basis,,oxford3000,residents,plural
resist,verb,B2,single,Withstand the action or effect of,,oxford3000,resist,base
resist,verb,B2,single,Withstand the action or effect of,,oxford3000,resists,third_person
resist,verb,B2,single,Withstand the action or effect of,,oxford3000,resisted,past
resist,verb,B2,single,Withstand the action or effect of,,oxford3000,resisting,gerund
resolve,verb,B2,single,"Settle or find a solution to (a problem, dispute, or contentious matter)",,oxford3000,resolve,base
resolve,verb,B2,single,"Settle or find a solution to (a problem, dispute, or contentious matter)",,oxford3000,resolves,third_person
resolve,verb,B2,single,"Settle or find a solution to (a problem, dispute, or contentious matter)",,oxford3000,resolved,past
resolve,verb,B2,single,"Settle or find a solution to (a problem, dispute, or contentious matter)",,oxford3000,resolving,gerund
resort,noun,B2,single,"A place that is a popular destination for vacations or recreation, or which is frequented for a particular purpose",,oxford3000,resort,base
resort,noun,B2,single,"A place that is a popular destination for vacations or recreation, or which is frequented for a particular purpose",,oxford3000,resorts,plural
resource,noun,B1,single,A stock or supply of materials or assets that can be drawn on in order to function effectively,,oxford3000,resource,base
resource,noun,B1,single,A stock or supply of materials or assets that can be drawn on in order to function effectively,,oxford3000,resources,plural
respect,noun,B1,single,"A feeling of deep admiration for someone or something elicited by their abilities, qualities, or achievements",,oxford3000,respect,base
respect,noun,B1,single,"A feeling of deep admiration for someone or something elicited by their abilities, qualities, or achievements",,oxford3000,respects,plural
respect,verb,B1,single,regard highly; think much of,,oxford3000,respect,base
respect,verb,B1,single,regard highly; think much of,,oxford3000,respects,third_person
respect,verb,B1,single,regard highly; think much of,,oxford3000,respected,past
respect,verb,B1,single,regard highly; think much of,,oxford3000,respecting,gerund
respond,verb,A2,single,Say something in reply,,oxford3000,respond,base
respond,verb,A2,single,Say something in reply,,oxford3000,responds,third_person
respond,verb,A2,single,Say something in reply,,oxford3000,responded,past
respond,verb,A2,single,Say something in reply,,oxford3000,responding,gerund
response,noun,A2,single,A verbal or written answer,,oxford3000,response,base
response,noun,A2,single,A verbal or written answer,,oxford3000,responses,plural
responsibility,noun,B1,single,The state or fact of having a duty to deal with something or of having control over someone,,oxford3000,responsibility,base
responsibility,noun,B1,single,The state or fact of having a duty to deal with something or of having control over someone,,oxford3000,responsibilities,plural
responsible,adj,B1,single,"Having an obligation to do something, or having control over or care for someone, as part of one's job or role",,oxford3000,responsible,base
rest,noun,A2,single,something left after other parts have been taken away,,oxford3000,rest,base
rest,noun,A2,single,something left after other parts have been taken away,,oxford3000,rests,plural
rest,verb,A2,single,"Cease work or movement in order to relax, refresh oneself, or recover strength",,oxford3000,rest,base
rest,verb,A2,single,"Cease work or movement in order to relax, refresh oneself, or recover strength",,oxford3000,rests,third_person
rest,verb,A2,single,"Cease work or movement in order to relax, refresh oneself, or recover strength",,oxford3000,rested,past
rest,verb,A2,single,"Cease work or movement in order to relax, refresh oneself, or recover strength",,oxford3000,resting,gerund
restaurant,noun,A1,single,A place where people pay to sit and eat meals that are cooked and served on the premises,,oxford3000,restaurant,base
restaurant,noun,A1,single,A place where people pay to sit and eat meals that are cooked and served on the premises,,oxford3000,restaurants,plural
result,noun,A1,single,"A consequence, effect, or outcome of something",,oxford3000,result,base
result,noun,A1,single,"A consequence, effect, or outcome of something",,oxford3000,results,plural
result,verb,B1,single,"issue or terminate (in a specified way, state, etc.); end",,oxford3000,result,base
result,verb,B1,single,"issue or terminate (in a specified way, state, etc.); end",,oxford3000,results,third_person
result,verb,B1,single,"issue or terminate (in a specified way, state, etc.); end",,oxford3000,resulted,past
result,verb,B1,single,"issue or terminate (in a specified way, state, etc.); end",,oxford3000,resulting,gerund
retain,verb,B2,single,Continue to have (something); keep possession of,,oxford3000,retain,base
retain,verb,B2,single,Continue to have (something); keep possession of,,oxford3000,retains,third_person
retain,verb,B2,single,Continue to have (something); keep possession of,,oxford3000,retained,past
retain,verb,B2,single,Continue to have (something); keep possession of,,oxford3000,retaining,gerund
retire,verb,B1,single,"Leave one's job and cease to work, typically upon reaching the normal age for leaving employment",,oxford3000,retire,base
retire,verb,B1,single,"Leave one's job and cease to work, typically upon reaching the normal age for leaving employment",,oxford3000,retires,third_person
retire,verb,B1,single,"Leave one's job and cease to work, typically upon reaching the normal age for leaving employment",,oxford3000,retired,past
retire,verb,B1,single,"Leave one's job and cease to work, typically upon reaching the normal age for leaving employment",,oxford3000,retiring,gerund
retired,adj,B1,single,no longer active in your work or profession,,oxford3000,retired,base
return,noun,A1,single,document giving the tax collector information about the taxpayer's tax liability,,oxford3000,return,base
return,noun,A1,single,document giving the tax collector information about the taxpayer's tax liability,,oxford3000,returns,plural
return,verb,A1,single,Come or go back to a place or person,,oxford3000,return,base
return,verb,A1,single,Come or go back to a place or person,,oxford3000,returns,third_person
return,verb,A1,single,Come or go back to a place or person,,oxford3000,returned,past
return,verb,A1,single,Come or go back to a place or person,,oxford3000,returning,gerund
reveal,verb,B2,single,Make (previously unknown or secret information) known to others,,oxford3000,reveal,base
reveal,verb,B2,single,Make (previously unknown or secret information) known to others,,oxford3000,reveals,third_person
reveal,verb,B2,single,Make (previously unknown or secret information) known to others,,oxford3000,revealed,past
reveal,verb,B2,single,Make (previously unknown or secret information) known to others,,oxford3000,revealing,gerund
review,noun,A2,single,A formal assessment or examination of something with the possibility or intention of instituting change if necessary,,oxford3000,review,base
review,noun,A2,single,A formal assessment or examination of something with the possibility or intention of instituting change if necessary,,oxford3000,reviews,plural
review,verb,A2,single,look at again; examine again,,oxford3000,review,base
review,verb,A2,single,look at again; examine again,,oxford3000,reviews,third_person
review,verb,A2,single,look at again; examine again,,oxford3000,reviewed,past
review,verb,A2,single,look at again; examine again,,oxford3000,reviewing,gerund
revise,verb,B1,single,make revisions in,,oxford3000,revise,base
revise,verb,B1,single,make revisions in,,oxford3000,revises,third_person
revise,verb,B1,single,make revisions in,,oxford3000,revised,past
revise,verb,B1,single,make revisions in,,oxford3000,revising,gerund
revolution,noun,B2,single,A forcible overthrow of a government or social order in favor of a new system,,oxford3000,revolution,base
revolution,noun,B2,single,A forcible overthrow of a government or social order in favor of a new system,,oxford3000,revolutions,plural
reward,noun,B2,single,"A thing given in recognition of one's service, effort, or achievement",,oxford3000,reward,base
reward,noun,B2,single,"A thing given in recognition of one's service, effort, or achievement",,oxford3000,rewards,plural
reward,verb,B2,single,bestow honor or rewards upon,,oxford3000,reward,base
reward,verb,B2,single,bestow honor or rewards upon,,oxford3000,rewards,third_person
reward,verb,B2,single,bestow honor or rewards upon,,oxford3000,rewarded,past
reward,verb,B2,single,bestow honor or rewards upon,,oxford3000,rewarding,gerund
rhythm,noun,B2,single,"A strong, regular, repeated pattern of movement or sound",,oxford3000,rhythm,base
rhythm,noun,B2,single,"A strong, regular, repeated pattern of movement or sound",,oxford3000,rhythms,plural
rice,noun,A1,single,"A swamp grass that is widely cultivated as a source of food, especially in Asia",,oxford3000,rice,base
rice,noun,A1,single,"A swamp grass that is widely cultivated as a source of food, especially in Asia",,oxford3000,rices,plural
rich,adj,A1,single,Having a great deal of money or assets; wealthy,,oxford3000,rich,base
rich,adj,A1,single,Having a great deal of money or assets; wealthy,,oxford3000,richer,comparative
rich,adj,A1,single,Having a great deal of money or assets; wealthy,,oxford3000,richest,superlative
rid,verb,B2,single,relieve from,,oxford3000,rid,base
rid,verb,B2,single,relieve from,,oxford3000,rids,third_person
rid,verb,B2,single,relieve from,,oxford3000,ridded,past
rid,verb,B2,single,relieve from,,oxford3000,ridding,gerund
ride,noun,A2,single,a journey in a vehicle (usually an automobile),,oxford3000,ride,base
ride,noun,A2,single,a journey in a vehicle (usually an automobile),,oxford3000,rides,plural
ride,verb,A1,single,"Sit on and control the movement of (an animal, typically a horse), especially as a recreation or sport",,oxford3000,ride,base
ride,verb,A1,single,"Sit on and control the movement of (an animal, typically a horse), especially as a recreation or sport",,oxford3000,rides,third_person
ride,verb,A1,single,"Sit on and control the movement of (an animal, typically a horse), especially as a recreation or sport",,oxford3000,rode,past
ride,verb,A1,single,"Sit on and control the movement of (an animal, typically a horse), especially as a recreation or sport",,oxford3000,ridden,past_participle
ride,verb,A1,single,"Sit on and control the movement of (an animal, typically a horse), especially as a recreation or sport",,oxford3000,riding,gerund
right,adj,A1,single,"Morally good, justified, or acceptable",,oxford3000,right,base
right,adj,A1,single,"Morally good, justified, or acceptable",,oxford3000,righter,comparative
right,adj,A1,single,"Morally good, justified, or acceptable",,oxford3000,rightest,superlative
right,adv,A1,single,"precisely, exactly",,oxford3000,right,base
right,noun,A1,single,an abstract idea of that which is due to a person or governmental body by law or tradition or nature; ; - Eleanor Roosevelt,,oxford3000,right,base
right,noun,A1,single,an abstract idea of that which is due to a person or governmental body by law or tradition or nature; ; - Eleanor Roosevelt,,oxford3000,rights,plural
ring,noun,A2,single,"A small circular band, typically of precious metal worn on a finger",,oxford3000,ring,base
ring,noun,A2,single,"A small circular band, typically of precious metal worn on a finger",,oxford3000,rings,plural
ring,verb,A2,single,sound loudly and sonorously,,oxford3000,ring,base
ring,verb,A2,single,sound loudly and sonorously,,oxford3000,rings,third_person
ring,verb,A2,single,sound loudly and sonorously,,oxford3000,rang,past
ring,verb,A2,single,sound loudly and sonorously,,oxford3000,rung,past_participle
ring,verb,A2,single,sound loudly and sonorously,,oxford3000,ringing,gerund
rise,noun,B1,single,a growth in strength or number or importance,,oxford3000,rise,base
rise,noun,B1,single,a growth in strength or number or importance,,oxford3000,rises,plural
rise,verb,A2,single,Move from a lower position to a higher one; come or go up,,oxford3000,rise,base
rise,verb,A2,single,Move from a lower position to a higher one; come or go up,,oxford3000,rises,third_person
rise,verb,A2,single,Move from a lower position to a higher one; come or go up,,oxford3000,rose,past
rise,verb,A2,single,Move from a lower position to a higher one; come or go up,,oxford3000,risen,past_participle
rise,verb,A2,single,Move from a lower position to a higher one; come or go up,,oxford3000,rising,gerund
risk,noun,B1,single,A situation involving exposure to danger,,oxford3000,risk,base
risk,noun,B1,single,A situation involving exposure to danger,,oxford3000,risks,plural
risk,verb,B1,single,expose to a chance of loss or damage,,oxford3000,risk,base
risk,verb,B1,single,expose to a chance of loss or damage,,oxford3000,risks,third_person
risk,verb,B1,single,expose to a chance of loss or damage,,oxford3000,risked,past
risk,verb,B1,single,expose to a chance of loss or damage,,oxford3000,risking,gerund
river,noun,A1,single,"A large natural stream of water flowing in a channel to the sea, a lake, or another river",,oxford3000,river,base
river,noun,A1,single,"A large natural stream of water flowing in a channel to the sea, a lake, or another river",,oxford3000,rivers,plural
road,noun,A1,single,"A wide way leading from one place to another, especially one with a specially prepared surface which vehicles can use",,oxford3000,road,base
road,noun,A1,single,"A wide way leading from one place to another, especially one with a specially prepared surface which vehicles can use",,oxford3000,roads,plural
robot,noun,B1,single,a mechanism that can move automatically,,oxford3000,robot,base
robot,noun,B1,single,a mechanism that can move automatically,,oxford3000,robots,plural
rock,noun,A2,single,"The solid mineral material forming part of the surface of the earth and other similar planets, exposed on the surface or underlying the soil or oceans",,oxford3000,rock,base
rock,noun,A2,single,"The solid mineral material forming part of the surface of the earth and other similar planets, exposed on the surface or underlying the soil or oceans",,oxford3000,rocks,plural
role,noun,A2,single,The function assumed or part played by a person or thing in a particular situation,,oxford3000,role,base
role,noun,A2,single,The function assumed or part played by a person or thing in a particular situation,,oxford3000,roles,plural
roll,noun,B1,single,rotary motion of an object around its own axis,,oxford3000,roll,base
roll,noun,B1,single,rotary motion of an object around its own axis,,oxford3000,rolls,plural
roll,verb,B1,single,Move or cause to move in a particular direction by turning over and over on an axis,,oxford3000,roll,base
roll,verb,B1,single,Move or cause to move in a particular direction by turning over and over on an axis,,oxford3000,rolls,third_person
roll,verb,B1,single,Move or cause to move in a particular direction by turning over and over on an axis,,oxford3000,rolled,past
roll,verb,B1,single,Move or cause to move in a particular direction by turning over and over on an axis,,oxford3000,rolling,gerund
romantic,adj,B1,single,Conducive to or characterized by the expression of love,,oxford3000,romantic,base
roof,noun,A2,single,The structure forming the upper covering of a building or vehicle,,oxford3000,roof,base
roof,noun,A2,single,The structure forming the upper covering of a building or vehicle,,oxford3000,roofs,plural
roof,noun,A2,single,The structure forming the upper covering of a building or vehicle,,oxford3000,rooves,plural
room,noun,A1,single,"A part or division of a building enclosed by walls, floor, and ceiling",,oxford3000,room,base
room,noun,A1,single,"A part or division of a building enclosed by walls, floor, and ceiling",,oxford3000,rooms,plural
root,noun,B2,single,"The part of a plant which attaches it to the ground or to a support, typically underground, conveying water and nourishment to the rest of the plant via numerous branches and fibers",,oxford3000,root,base
root,noun,B2,single,"The part of a plant which attaches it to the ground or to a support, typically underground, conveying water and nourishment to the rest of the plant via numerous branches and fibers",,oxford3000,roots,plural
rope,noun,B1,single,A length of strong cord made by twisting together strands of natural fibers such as hemp or artificial fibers such as polypropylene,,oxford3000,rope,base
rope,noun,B1,single,A length of strong cord made by twisting together strands of natural fibers such as hemp or artificial fibers such as polypropylene,,oxford3000,ropes,plural
rough,adj,B1,single,Having an uneven or irregular surface; not smooth or level,,oxford3000,rough,base
rough,adj,B1,single,Having an uneven or irregular surface; not smooth or level,,oxford3000,rougher,comparative
rough,adj,B1,single,Having an uneven or irregular surface; not smooth or level,,oxford3000,roughest,superlative
round,adj,A2,single,Shaped like or approximately like a circle or cylinder,,oxford3000,round,base
round,adj,A2,single,Shaped like or approximately like a circle or cylinder,,oxford3000,rounder,comparative
round,adj,A2,single,Shaped like or approximately like a circle or cylinder,,oxford3000,roundest,superlative
round,adv,A2,single,from beginning to end; throughout,,oxford3000,round,base
round,noun,B2,single,a charge of ammunition for a single shot,,oxford3000,round,base
round,noun,B2,single,a charge of ammunition for a single shot,,oxford3000,rounds,plural
round,prep,A2,single,Shaped like or approximately like a circle or cylinder,,oxford3000,round,base
route,noun,A2,single,A way or course taken in getting from a starting point to a destination,,oxford3000,route,base
route,noun,A2,single,A way or course taken in getting from a starting point to a destination,,oxford3000,routes,plural
routine,adj,B2,single,found in the ordinary course of events; ; ; - Anita Diamant,,oxford3000,routine,base
routine,noun,A1,single,A sequence of actions regularly followed; a fixed program,,oxford3000,routine,base
routine,noun,A1,single,A sequence of actions regularly followed; a fixed program,,oxford3000,routines,plural
row,noun,B1,single,A number of people or things in a more or less straight line,,oxford3000,row,base
row,noun,B1,single,A number of people or things in a more or less straight line,,oxford3000,rows,plural
royal,adj,B1,single,Having the status of a king or queen or a member of their family,,oxford3000,royal,base
rub,verb,B2,single,Move one's hand or a cloth repeatedly back and forth on the surface of (something) with firm pressure,,oxford3000,rub,base
rub,verb,B2,single,Move one's hand or a cloth repeatedly back and forth on the surface of (something) with firm pressure,,oxford3000,rubs,third_person
rub,verb,B2,single,Move one's hand or a cloth repeatedly back and forth on the surface of (something) with firm pressure,,oxford3000,rubbed,past
rub,verb,B2,single,Move one's hand or a cloth repeatedly back and forth on the surface of (something) with firm pressure,,oxford3000,rubbing,gerund
rubber,adj,B2,single,returned for lack of funds,,oxford3000,rubber,base
rubber,noun,B2,single,an elastic material obtained from the latex sap of trees (especially trees of the genera Hevea and Ficus) that can be vulcanized and finished into a variety of products,,oxford3000,rubber,base
rubber,noun,B2,single,an elastic material obtained from the latex sap of trees (especially trees of the genera Hevea and Ficus) that can be vulcanized and finished into a variety of products,,oxford3000,rubbers,plural
rubbish,noun,A2,single,Waste material; refuse or litter,,oxford3000,rubbish,base
rude,adj,A2,single,Offensively impolite or ill-mannered,,oxford3000,rude,base
rude,adj,A2,single,Offensively impolite or ill-mannered,,oxford3000,ruder,comparative
rude,adj,A2,single,Offensively impolite or ill-mannered,,oxford3000,rudest,superlative
rugby,noun,B1,single,a form of football played with an oval ball,,oxford3000,rugby,base
rule,noun,A1,single,One of a set of explicit or understood regulations or principles governing conduct within a particular activity or sphere,,oxford3000,rule,base
rule,noun,A1,single,One of a set of explicit or understood regulations or principles governing conduct within a particular activity or sphere,,oxford3000,rules,plural
rule,verb,B1,single,exercise authority over; as of nations,,oxford3000,rule,base
rule,verb,B1,single,exercise authority over; as of nations,,oxford3000,rules,third_person
rule,verb,B1,single,exercise authority over; as of nations,,oxford3000,ruled,past
rule,verb,B1,single,exercise authority over; as of nations,,oxford3000,ruling,gerund
run,noun,A2,single,a score in baseball made by a runner touching all four bases safely,,oxford3000,run,base
run,noun,A2,single,a score in baseball made by a runner touching all four bases safely,,oxford3000,runs,plural
run,verb,A1,single,"Move at a speed faster than a walk, never having both or all the feet on the ground at the same time",,oxford3000,run,base
run,verb,A1,single,"Move at a speed faster than a walk, never having both or all the feet on the ground at the same time",,oxford3000,runs,third_person
run,verb,A1,single,"Move at a speed faster than a walk, never having both or all the feet on the ground at the same time",,oxford3000,ran,past
run,verb,A1,single,"Move at a speed faster than a walk, never having both or all the feet on the ground at the same time",,oxford3000,running,gerund
runner,noun,A2,single,"A person who runs, especially in a specified way",,oxford3000,runner,base
runner,noun,A2,single,"A person who runs, especially in a specified way",,oxford3000,runners,plural
running,noun,A2,single,The action or movement of a runner,,oxford3000,running,base
running,noun,A2,single,The action or movement of a runner,,oxford3000,runnings,plural
rural,adj,B2,single,"In, relating to, or characteristic of the countryside rather than the town",,oxford3000,rural,base
rush,noun,B2,single,the act of moving hurriedly and in a careless manner,,oxford3000,rush,base
rush,noun,B2,single,the act of moving hurriedly and in a careless manner,,oxford3000,rushes,plural
rush,verb,B2,single,Move with urgent haste,,oxford3000,rush,base
rush,verb,B2,single,Move with urgent haste,,oxford3000,rushes,third_person
rush,verb,B2,single,Move with urgent haste,,oxford3000,rushed,past
rush,verb,B2,single,Move with urgent haste,,oxford3000,rushing,gerund
sad,adj,A1,single,Feeling or showing sorrow; unhappy,,oxford3000,sad,base
sad,adj,A1,single,Feeling or showing sorrow; unhappy,,oxford3000,sadder,comparative
sad,adj,A1,single,Feeling or showing sorrow; unhappy,,oxford3000,saddest,superlative
sadly,adv,A2,single,In a sad manner,,oxford3000,sadly,base
safe,adj,A2,single,Protected from or not exposed to danger or risk; not likely to be harmed or lost,,oxford3000,safe,base
safe,adj,A2,single,Protected from or not exposed to danger or risk; not likely to be harmed or lost,,oxford3000,safer,comparative
safe,adj,A2,single,Protected from or not exposed to danger or risk; not likely to be harmed or lost,,oxford3000,safest,superlative
safety,noun,B1,single,"The condition of being protected from or unlikely to cause danger, risk, or injury",,oxford3000,safety,base
safety,noun,B1,single,"The condition of being protected from or unlikely to cause danger, risk, or injury",,oxford3000,safeties,plural
sail,noun,B1,single,a large piece of fabric (usually canvas fabric) by means of which wind is used to propel a sailing vessel,,oxford3000,sail,base
sail,noun,B1,single,a large piece of fabric (usually canvas fabric) by means of which wind is used to propel a sailing vessel,,oxford3000,sails,plural
sail,verb,A2,single,"Travel in a boat with sails, especially as a sport or recreation",,oxford3000,sail,base
sail,verb,A2,single,"Travel in a boat with sails, especially as a sport or recreation",,oxford3000,sails,third_person
sail,verb,A2,single,"Travel in a boat with sails, especially as a sport or recreation",,oxford3000,sailed,past
sail,verb,A2,single,"Travel in a boat with sails, especially as a sport or recreation",,oxford3000,sailing,gerund
sailing,noun,A2,single,The action of sailing in a boat,,oxford3000,sailing,base
sailing,noun,A2,single,The action of sailing in a boat,,oxford3000,sailings,plural
sailor,noun,B1,single,any member of a ship's crew,,oxford3000,sailor,base
sailor,noun,B1,single,any member of a ship's crew,,oxford3000,sailors,plural
salad,noun,A1,single,food mixtures either arranged on a plate or tossed and served with a moist dressing; usually consisting of or including greens,,oxford3000,salad,base
salad,noun,A1,single,food mixtures either arranged on a plate or tossed and served with a moist dressing; usually consisting of or including greens,,oxford3000,salads,plural
salary,noun,A2,single,"A fixed regular payment, typically paid on a monthly or biweekly basis but often expressed as an annual sum, made by an employer to an employee, especially a professional or white-collar worker",,oxford3000,salary,base
salary,noun,A2,single,"A fixed regular payment, typically paid on a monthly or biweekly basis but often expressed as an annual sum, made by an employer to an employee, especially a professional or white-collar worker",,oxford3000,salaries,plural
sale,noun,A2,single,The exchange of a commodity for money; the action of selling something,,oxford3000,sale,base
sale,noun,A2,single,The exchange of a commodity for money; the action of selling something,,oxford3000,sales,plural
salt,noun,A1,single,A white crystalline substance which gives seawater its characteristic taste and is used for seasoning or preserving food,,oxford3000,salt,base
salt,noun,A1,single,A white crystalline substance which gives seawater its characteristic taste and is used for seasoning or preserving food,,oxford3000,salts,plural
same,adj,A1,single,Identical; not different,,oxford3000,same,base
same,adv,A1,single,Identical; not different,,oxford3000,same,base
same,pron,A1,single,Identical; not different,,oxford3000,same,base
sample,noun,B1,single,A small part or quantity intended to show what the whole is like,,oxford3000,sample,base
sample,noun,B1,single,A small part or quantity intended to show what the whole is like,,oxford3000,samples,plural
sample,verb,B2,single,take a sample of,,oxford3000,sample,base
sample,verb,B2,single,take a sample of,,oxford3000,samples,third_person
sample,verb,B2,single,take a sample of,,oxford3000,sampled,past
sample,verb,B2,single,take a sample of,,oxford3000,sampling,gerund
sand,noun,B1,single,"A loose granular substance, typically pale yellowish brown, resulting from the erosion of siliceous and other rocks and forming a major constituent of beaches, riverbeds, the seabed, and deserts",,oxford3000,sand,base
sandwich,noun,A1,single,two (or more) slices of bread with a filling between them,,oxford3000,sandwich,base
sandwich,noun,A1,single,two (or more) slices of bread with a filling between them,,oxford3000,sandwiches,plural
satellite,noun,B2,single,man-made equipment that orbits around the earth or the moon,,oxford3000,satellite,base
satellite,noun,B2,single,man-made equipment that orbits around the earth or the moon,,oxford3000,satellites,plural
satisfied,adj,B2,single,Contented; pleased,,oxford3000,satisfied,base
satisfy,verb,B2,single,"Meet the expectations, needs, or desires of (someone)",,oxford3000,satisfy,base
satisfy,verb,B2,single,"Meet the expectations, needs, or desires of (someone)",,oxford3000,satisfies,third_person
satisfy,verb,B2,single,"Meet the expectations, needs, or desires of (someone)",,oxford3000,satisfied,past
satisfy,verb,B2,single,"Meet the expectations, needs, or desires of (someone)",,oxford3000,satisfying,gerund
saturday,noun,A1,single,the seventh and last day of the week; observed as the Sabbath by Jews and some Christians,,oxford3000,saturday,base
sauce,noun,A2,single,A liquid or semi-liquid substance served with food to add moistness and flavor,,oxford3000,sauce,base
sauce,noun,A2,single,A liquid or semi-liquid substance served with food to add moistness and flavor,,oxford3000,sauces,plural
save,verb,A2,single,Keep safe or rescue (someone or something) from harm or danger,,oxford3000,save,base
save,verb,A2,single,Keep safe or rescue (someone or something) from harm or danger,,oxford3000,saves,third_person
save,verb,A2,single,Keep safe or rescue (someone or something) from harm or danger,,oxford3000,saved,past
save,verb,A2,single,Keep safe or rescue (someone or something) from harm or danger,,oxford3000,saving,gerund
saving,noun,B2,single,"An economy of or reduction in money, time, or another resource",,oxford3000,saving,base
say,verb,A1,single,"Utter words so as to convey information, an opinion, a feeling or intention, or an instruction",,oxford3000,say,base
say,verb,A1,single,"Utter words so as to convey information, an opinion, a feeling or intention, or an instruction",,oxford3000,says,third_person
say,verb,A1,single,"Utter words so as to convey information, an opinion, a feeling or intention, or an instruction",,oxford3000,said,past
say,verb,A1,single,"Utter words so as to convey information, an opinion, a feeling or intention, or an instruction",,oxford3000,saying,gerund
scale,noun,B2,single,An instrument or device used for weighing,,oxford3000,scale,base
scale,noun,B2,single,An instrument or device used for weighing,,oxford3000,scales,plural
scan,verb,B1,single,examine minutely or intensely,,oxford3000,scan,base
scan,verb,B1,single,examine minutely or intensely,,oxford3000,scans,third_person
scan,verb,B1,single,examine minutely or intensely,,oxford3000,scanned,past
scan,verb,B1,single,examine minutely or intensely,,oxford3000,scanning,gerund
scared,adj,A2,single,Fearful; frightened,,oxford3000,scared,base
scary,adj,A2,single,Causing fear,,oxford3000,scary,base
scary,adj,A2,single,Causing fear,,oxford3000,scarier,comparative
scary,adj,A2,single,Causing fear,,oxford3000,scariest,superlative
scene,noun,A2,single,The place where an incident in real life or fiction occurs or occurred,,oxford3000,scene,base
scene,noun,A2,single,The place where an incident in real life or fiction occurs or occurred,,oxford3000,scenes,plural
schedule,noun,A2,single,"A plan for carrying out a process or procedure, giving lists of intended events and times",,oxford3000,schedule,base
schedule,noun,A2,single,"A plan for carrying out a process or procedure, giving lists of intended events and times",,oxford3000,schedules,plural
schedule,verb,B2,single,plan for an activity or event,,oxford3000,schedule,base
schedule,verb,B2,single,plan for an activity or event,,oxford3000,schedules,third_person
schedule,verb,B2,single,plan for an activity or event,,oxford3000,scheduled,past
schedule,verb,B2,single,plan for an activity or event,,oxford3000,scheduling,gerund
scheme,noun,B2,single,A large-scale systematic plan or arrangement for attaining some particular object or putting a particular idea into effect,,oxford3000,scheme,base
scheme,noun,B2,single,A large-scale systematic plan or arrangement for attaining some particular object or putting a particular idea into effect,,oxford3000,schemes,plural
school,noun,A1,single,an educational institution,,oxford3000,school,base
school,noun,A1,single,an educational institution,,oxford3000,schools,plural
science,noun,A1,single,The intellectual and practical activity encompassing the systematic study of the structure and behavior of the physical and natural world through observation and experiment,,oxford3000,science,base
science,noun,A1,single,The intellectual and practical activity encompassing the systematic study of the structure and behavior of the physical and natural world through observation and experiment,,oxford3000,sciences,plural
scientific,adj,B1,single,Based on or characterized by the methods and principles of science,,oxford3000,scientific,base
scientist,noun,A1,single,A person who is studying or has expert knowledge of one or more of the natural or physical sciences,,oxford3000,scientist,base
scientist,noun,A1,single,A person who is studying or has expert knowledge of one or more of the natural or physical sciences,,oxford3000,scientists,plural
score,noun,A2,single,"The number of points, goals, runs, etc., achieved in a game or by a team or an individual",,oxford3000,score,base
score,noun,A2,single,"The number of points, goals, runs, etc., achieved in a game or by a team or an individual",,oxford3000,scores,plural
score,verb,A2,single,gain points in a game,,oxford3000,score,base
score,verb,A2,single,gain points in a game,,oxford3000,scores,third_person
score,verb,A2,single,gain points in a game,,oxford3000,scored,past
score,verb,A2,single,gain points in a game,,oxford3000,scoring,gerund
scream,noun,B2,single,sharp piercing cry,,oxford3000,scream,base
scream,noun,B2,single,sharp piercing cry,,oxford3000,screams,plural
scream,verb,B2,single,"Give a long, loud, piercing cry or cries expressing excitement, great emotion, or pain",,oxford3000,scream,base
scream,verb,B2,single,"Give a long, loud, piercing cry or cries expressing excitement, great emotion, or pain",,oxford3000,screams,third_person
scream,verb,B2,single,"Give a long, loud, piercing cry or cries expressing excitement, great emotion, or pain",,oxford3000,screamed,past
scream,verb,B2,single,"Give a long, loud, piercing cry or cries expressing excitement, great emotion, or pain",,oxford3000,screaming,gerund
screen,noun,A2,single,"A flat panel or area on an electronic device such as a television, computer, or smartphone, on which images and data are displayed",,oxford3000,screen,base
screen,noun,A2,single,"A flat panel or area on an electronic device such as a television, computer, or smartphone, on which images and data are displayed",,oxford3000,screens,plural
screen,verb,B2,single,test or examine for the presence of disease or infection,,oxford3000,screen,base
screen,verb,B2,single,test or examine for the presence of disease or infection,,oxford3000,screens,third_person
screen,verb,B2,single,test or examine for the presence of disease or infection,,oxford3000,screened,past
screen,verb,B2,single,test or examine for the presence of disease or infection,,oxford3000,screening,gerund
script,noun,B1,single,a written version of a play or other dramatic composition; used in preparing for a performance,,oxford3000,script,base
script,noun,B1,single,a written version of a play or other dramatic composition; used in preparing for a performance,,oxford3000,scripts,plural
sculpture,noun,B1,single,a three-dimensional work of plastic art,,oxford3000,sculpture,base
sculpture,noun,B1,single,a three-dimensional work of plastic art,,oxford3000,sculptures,plural
sea,noun,A1,single,The expanse of salt water that covers most of the earth's surface and surrounds its landmasses,,oxford3000,sea,base
sea,noun,A1,single,The expanse of salt water that covers most of the earth's surface and surrounds its landmasses,,oxford3000,seas,plural
search,noun,A2,single,the activity of looking thoroughly in order to find something or someone,,oxford3000,search,base
search,noun,A2,single,the activity of looking thoroughly in order to find something or someone,,oxford3000,searches,plural
search,verb,A2,single,Try to find something by looking or otherwise seeking carefully and thoroughly,,oxford3000,search,base
search,verb,A2,single,Try to find something by looking or otherwise seeking carefully and thoroughly,,oxford3000,searches,third_person
search,verb,A2,single,Try to find something by looking or otherwise seeking carefully and thoroughly,,oxford3000,searched,past
search,verb,A2,single,Try to find something by looking or otherwise seeking carefully and thoroughly,,oxford3000,searching,gerund
season,noun,A2,single,"Each of the four divisions of the year (spring, summer, autumn, and winter) marked by particular weather patterns and daylight hours, resulting from the earth's changing position with regard to the sun",,oxford3000,season,base
season,noun,A2,single,"Each of the four divisions of the year (spring, summer, autumn, and winter) marked by particular weather patterns and daylight hours, resulting from the earth's changing position with regard to the sun",,oxford3000,seasons,plural
seat,noun,A2,single,"A thing made or used for sitting on, such as a chair or stool",,oxford3000,seat,base
seat,noun,A2,single,"A thing made or used for sitting on, such as a chair or stool",,oxford3000,seats,plural
seat,verb,B2,single,show to a seat; assign a seat for,,oxford3000,seat,base
seat,verb,B2,single,show to a seat; assign a seat for,,oxford3000,seats,third_person
seat,verb,B2,single,show to a seat; assign a seat for,,oxford3000,seated,past
seat,verb,B2,single,show to a seat; assign a seat for,,oxford3000,seating,gerund
second,det,A1,single,Constituting number two in a sequence; coming after the first in time or order; 2nd,,oxford3000,second,base
second,noun,A1,single,1/60 of a minute; the basic unit of time adopted under the Systeme International d'Unites,,oxford3000,second,base
second,noun,A1,single,1/60 of a minute; the basic unit of time adopted under the Systeme International d'Unites,,oxford3000,seconds,plural
secondary,adj,B1,single,"Coming after, less important than, or resulting from someone or something else that is primary",,oxford3000,secondary,base
secondly,adv,A2,single,in the second place,,oxford3000,secondly,base
secret,adj,A2,single,not open or public; kept private or not revealed,,oxford3000,secret,base
secret,noun,A2,single,Something that is kept or meant to be kept unknown or unseen by others,,oxford3000,secret,base
secret,noun,A2,single,Something that is kept or meant to be kept unknown or unseen by others,,oxford3000,secrets,plural
secretary,noun,A2,single,"A person employed by an individual or in an office to assist with correspondence, keep records, make appointments, and carry out similar tasks",,oxford3000,secretary,base
secretary,noun,A2,single,"A person employed by an individual or in an office to assist with correspondence, keep records, make appointments, and carry out similar tasks",,oxford3000,secretaries,plural
section,noun,A1,single,Any of the more or less distinct parts into which something is or may be divided or from which it is made up,,oxford3000,section,base
section,noun,A1,single,Any of the more or less distinct parts into which something is or may be divided or from which it is made up,,oxford3000,sections,plural
sector,noun,B2,single,An area or portion that is distinct from others,,oxford3000,sector,base
sector,noun,B2,single,An area or portion that is distinct from others,,oxford3000,sectors,plural
secure,adj,B2,single,"Fixed or fastened so as not to give way, become loose, or be lost",,oxford3000,secure,base
secure,adj,B2,single,"Fixed or fastened so as not to give way, become loose, or be lost",,oxford3000,securer,comparative
secure,adj,B2,single,"Fixed or fastened so as not to give way, become loose, or be lost",,oxford3000,securest,superlative
secure,verb,B2,single,get by special effort,,oxford3000,secure,base
secure,verb,B2,single,get by special effort,,oxford3000,secures,third_person
secure,verb,B2,single,get by special effort,,oxford3000,secured,past
secure,verb,B2,single,get by special effort,,oxford3000,securing,gerund
security,noun,B1,single,The state of being free from danger or threat,,oxford3000,security,base
security,noun,B1,single,The state of being free from danger or threat,,oxford3000,securities,plural
see,verb,A1,single,Perceive with the eyes; discern visually,,oxford3000,see,base
see,verb,A1,single,Perceive with the eyes; discern visually,,oxford3000,sees,third_person
see,verb,A1,single,Perceive with the eyes; discern visually,,oxford3000,saw,past
see,verb,A1,single,Perceive with the eyes; discern visually,,oxford3000,seen,past_participle
see,verb,A1,single,Perceive with the eyes; discern visually,,oxford3000,seeing,gerund
seed,noun,B1,single,"A flowering plant's unit of reproduction, capable of developing into another such plant",,oxford3000,seed,base
seed,noun,B1,single,"A flowering plant's unit of reproduction, capable of developing into another such plant",,oxford3000,seeds,plural
seek,verb,B2,single,Attempt to find (something),,oxford3000,seek,base
seek,verb,B2,single,Attempt to find (something),,oxford3000,seeks,third_person
seek,verb,B2,single,Attempt to find (something),,oxford3000,sought,past
seek,verb,B2,single,Attempt to find (something),,oxford3000,seeking,gerund
seem,verb,A2,single,Give the impression or sensation of being something or having a particular quality,,oxford3000,seem,base
seem,verb,A2,single,Give the impression or sensation of being something or having a particular quality,,oxford3000,seems,third_person
seem,verb,A2,single,Give the impression or sensation of being something or having a particular quality,,oxford3000,seemed,past
seem,verb,A2,single,Give the impression or sensation of being something or having a particular quality,,oxford3000,seeming,gerund
select,verb,B2,single,Carefully choose as being the best or most suitable,,oxford3000,select,base
select,verb,B2,single,Carefully choose as being the best or most suitable,,oxford3000,selects,third_person
select,verb,B2,single,Carefully choose as being the best or most suitable,,oxford3000,selected,past
select,verb,B2,single,Carefully choose as being the best or most suitable,,oxford3000,selecting,gerund
selection,noun,B2,single,The action or fact of carefully choosing someone or something as being the best or most suitable,,oxford3000,selection,base
selection,noun,B2,single,The action or fact of carefully choosing someone or something as being the best or most suitable,,oxford3000,selections,plural
self,noun,B2,single,"A person's essential being that distinguishes them from others, especially considered as the object of introspection or reflexive action",,oxford3000,self,base
self,noun,B2,single,"A person's essential being that distinguishes them from others, especially considered as the object of introspection or reflexive action",,oxford3000,selves,plural
sell,verb,A1,single,Give or hand over (something) in exchange for money,,oxford3000,sell,base
sell,verb,A1,single,Give or hand over (something) in exchange for money,,oxford3000,sells,third_person
sell,verb,A1,single,Give or hand over (something) in exchange for money,,oxford3000,sold,past
sell,verb,A1,single,Give or hand over (something) in exchange for money,,oxford3000,selling,gerund
send,verb,A1,single,"Cause to go or be taken to a particular destination; arrange for the delivery of, especially by mail",,oxford3000,send,base
send,verb,A1,single,"Cause to go or be taken to a particular destination; arrange for the delivery of, especially by mail",,oxford3000,sends,third_person
send,verb,A1,single,"Cause to go or be taken to a particular destination; arrange for the delivery of, especially by mail",,oxford3000,sent,past
send,verb,A1,single,"Cause to go or be taken to a particular destination; arrange for the delivery of, especially by mail",,oxford3000,sending,gerund
senior,adj,B2,single,Of or for older or more experienced people,,oxford3000,senior,base
sense,noun,A2,single,"A faculty by which the body perceives an external stimulus; one of the faculties of sight, smell, hearing, taste, and touch",,oxford3000,sense,base
sense,noun,A2,single,"A faculty by which the body perceives an external stimulus; one of the faculties of sight, smell, hearing, taste, and touch",,oxford3000,senses,plural
sense,verb,B2,single,"perceive by a physical sensation, e.g., coming from the skin or muscles",,oxford3000,sense,base
sense,verb,B2,single,"perceive by a physical sensation, e.g., coming from the skin or muscles",,oxford3000,senses,third_person
sense,verb,B2,single,"perceive by a physical sensation, e.g., coming from the skin or muscles",,oxford3000,sensed,past
sense,verb,B2,single,"perceive by a physical sensation, e.g., coming from the skin or muscles",,oxford3000,sensing,gerund
sensible,adj,B1,single,Done or chosen in accordance with wisdom or prudence; likely to be of benefit,,oxford3000,sensible,base
sensitive,adj,B2,single,"Quick to detect or respond to slight changes, signals, or influences",,oxford3000,sensitive,base
sentence,noun,A1,single,"A set of words that is complete in itself, typically containing a subject and predicate, conveying a statement, question, exclamation, or command, and consisting of a main clause and sometimes one or more subordinate clauses",,oxford3000,sentence,base
sentence,noun,A1,single,"A set of words that is complete in itself, typically containing a subject and predicate, conveying a statement, question, exclamation, or command, and consisting of a main clause and sometimes one or more subordinate clauses",,oxford3000,sentences,plural
sentence,verb,B2,single,pronounce a sentence on (somebody) in a court of law,,oxford3000,sentence,base
sentence,verb,B2,single,pronounce a sentence on (somebody) in a court of law,,oxford3000,sentences,third_person
sentence,verb,B2,single,pronounce a sentence on (somebody) in a court of law,,oxford3000,sentenced,past
sentence,verb,B2,single,pronounce a sentence on (somebody) in a court of law,,oxford3000,sentencing,gerund
separate,adj,A2,single,independent; not united or joint,,oxford3000,separate,base
separate,verb,B1,single,Forming or viewed as a unit apart or by itself,,oxford3000,separate,base
separate,verb,B1,single,Forming or viewed as a unit apart or by itself,,oxford3000,separates,third_person
separate,verb,B1,single,Forming or viewed as a unit apart or by itself,,oxford3000,separated,past
separate,verb,B1,single,Forming or viewed as a unit apart or by itself,,oxford3000,separating,gerund
september,noun,A1,single,"The ninth month of the year, in the northern hemisphere usually considered the first month of autumn",,oxford3000,september,base
sequence,noun,B2,single,serial arrangement in which things follow in logical order or a recurrent pattern,,oxford3000,sequence,base
sequence,noun,B2,single,serial arrangement in which things follow in logical order or a recurrent pattern,,oxford3000,sequences,plural
series,noun,A2,single,similar things placed in order or happening one after another,,oxford3000,series,base
serious,adj,A2,single,Demanding careful consideration or application,,oxford3000,serious,base
seriously,adv,B1,single,In a solemn or considered manner,,oxford3000,seriously,base
servant,noun,B1,single,a person working in the service of another (especially in the household),,oxford3000,servant,base
servant,noun,B1,single,a person working in the service of another (especially in the household),,oxford3000,servants,plural
serve,verb,A2,single,Perform duties or services for (another person or an organization),,oxford3000,serve,base
serve,verb,A2,single,Perform duties or services for (another person or an organization),,oxford3000,serves,third_person
serve,verb,A2,single,Perform duties or services for (another person or an organization),,oxford3000,served,past
serve,verb,A2,single,Perform duties or services for (another person or an organization),,oxford3000,serving,gerund
service,noun,A2,single,The action of helping or doing work for someone,,oxford3000,service,base
service,noun,A2,single,The action of helping or doing work for someone,,oxford3000,services,plural
session,noun,B2,single,A meeting or series of meetings of a body for the transaction of business,,oxford3000,session,base
session,noun,B2,single,A meeting or series of meetings of a body for the transaction of business,,oxford3000,sessions,plural
set,noun,B1,single,a group of things of the same kind that belong together and are so used,,oxford3000,set,base
set,noun,B1,single,a group of things of the same kind that belong together and are so used,,oxford3000,sets,plural
set,verb,B1,single,"Put, lay, or stand (something) in a specified place or position",,oxford3000,set,base
set,verb,B1,single,"Put, lay, or stand (something) in a specified place or position",,oxford3000,sets,third_person
set,verb,B1,single,"Put, lay, or stand (something) in a specified place or position",,oxford3000,setting,gerund
setting,noun,B1,single,the context and environment in which something is set,,oxford3000,setting,base
setting,noun,B1,single,the context and environment in which something is set,,oxford3000,settings,plural
settle,verb,B2,single,Resolve or reach an agreement about (an argument or problem),,oxford3000,settle,base
settle,verb,B2,single,Resolve or reach an agreement about (an argument or problem),,oxford3000,settles,third_person
settle,verb,B2,single,Resolve or reach an agreement about (an argument or problem),,oxford3000,settled,past
settle,verb,B2,single,Resolve or reach an agreement about (an argument or problem),,oxford3000,settling,gerund
seven,number,A1,single,,,oxford3000,seven,base
seventeen,number,A1,single,,,oxford3000,seventeen,base
seventy,number,A1,single,,,oxford3000,seventy,base
several,det,A2,single,More than two but not many,,oxford3000,several,base
several,pron,A2,single,More than two but not many,,oxford3000,several,base
severe,adj,B2,single,Strict or harsh,,oxford3000,severe,base
severe,adj,B2,single,Strict or harsh,,oxford3000,severer,comparative
severe,adj,B2,single,Strict or harsh,,oxford3000,severest,superlative
sex,noun,B1,single,Either of the two main categories (male and female) into which humans and most other living things are divided on the basis of their reproductive functions,,oxford3000,sex,base
sex,noun,B1,single,Either of the two main categories (male and female) into which humans and most other living things are divided on the basis of their reproductive functions,,oxford3000,sexes,plural
sexual,adj,B1,single,"Relating to the instincts, physiological processes, and activities connected with physical attraction or intimate physical contact between individuals",,oxford3000,sexual,base
shade,noun,B2,single,Comparative darkness and coolness caused by shelter from direct sunlight,,oxford3000,shade,base
shade,noun,B2,single,Comparative darkness and coolness caused by shelter from direct sunlight,,oxford3000,shades,plural
shadow,noun,B2,single,A dark area or shape produced by a body coming between rays of light and a surface,,oxford3000,shadow,base
shadow,noun,B2,single,A dark area or shape produced by a body coming between rays of light and a surface,,oxford3000,shadows,plural
shake,noun,B1,single,building material used as siding or roofing,,oxford3000,shake,base
shake,noun,B1,single,building material used as siding or roofing,,oxford3000,shakes,plural
shake,verb,A2,single,"Tremble or vibrate, typically as a result of anxiety, excitement, or frailty",,oxford3000,shake,base
shake,verb,A2,single,"Tremble or vibrate, typically as a result of anxiety, excitement, or frailty",,oxford3000,shakes,third_person
shake,verb,A2,single,"Tremble or vibrate, typically as a result of anxiety, excitement, or frailty",,oxford3000,shook,past
shake,verb,A2,single,"Tremble or vibrate, typically as a result of anxiety, excitement, or frailty",,oxford3000,shaken,past_participle
shake,verb,A2,single,"Tremble or vibrate, typically as a result of anxiety, excitement, or frailty",,oxford3000,shaking,gerund
shall,verb,A2,single,Used to express what is inevitable or seems likely to happen in the future,,oxford3000,shall,base
shall,verb,A2,single,Used to express what is inevitable or seems likely to happen in the future,,oxford3000,should,past
shallow,adj,B2,single,Of little depth,,oxford3000,shallow,base
shallow,adj,B2,single,Of little depth,,oxford3000,shallower,comparative
shallow,adj,B2,single,Of little depth,,oxford3000,shallowest,superlative
shame,noun,B2,single,A painful feeling of humiliation or distress caused by the consciousness of wrong or foolish behavior,,oxford3000,shame,base
shape,noun,A2,single,"The external form, contours, or outline of someone or something",,oxford3000,shape,base
shape,noun,A2,single,"The external form, contours, or outline of someone or something",,oxford3000,shapes,plural
shape,verb,B2,single,shape or influence; give direction to,,oxford3000,shape,base
shape,verb,B2,single,shape or influence; give direction to,,oxford3000,shapes,third_person
shape,verb,B2,single,shape or influence; give direction to,,oxford3000,shaped,past
shape,verb,B2,single,shape or influence; give direction to,,oxford3000,shaping,gerund
share,noun,B1,single,"A part or portion of a larger amount which is divided among a number of people, or to which a number of people contribute",,oxford3000,share,base
share,noun,B1,single,"A part or portion of a larger amount which is divided among a number of people, or to which a number of people contribute",,oxford3000,shares,plural
share,verb,A1,single,have in common,,oxford3000,share,base
share,verb,A1,single,have in common,,oxford3000,shares,third_person
share,verb,A1,single,have in common,,oxford3000,shared,past
share,verb,A1,single,have in common,,oxford3000,sharing,gerund
sharp,adj,B1,single,Having an edge or point that is able to cut or pierce something,,oxford3000,sharp,base
sharp,adj,B1,single,Having an edge or point that is able to cut or pierce something,,oxford3000,sharper,comparative
sharp,adj,B1,single,Having an edge or point that is able to cut or pierce something,,oxford3000,sharpest,superlative
she,pron,A1,single,"Used to refer to a woman, girl, or female animal previously mentioned or easily identified",,oxford3000,she,base
sheep,noun,A1,single,woolly usually horned ruminant mammal related to the goat,,oxford3000,sheep,base
sheet,noun,A2,single,"A large, thin, flat piece of material",,oxford3000,sheet,base
sheet,noun,A2,single,"A large, thin, flat piece of material",,oxford3000,sheets,plural
shelf,noun,B1,single,"A flat, usually rectangular structure made of wood, metal, or glass, which is fixed to a wall or forming part of a piece of furniture, used to hold or store things",,oxford3000,shelf,base
shelf,noun,B1,single,"A flat, usually rectangular structure made of wood, metal, or glass, which is fixed to a wall or forming part of a piece of furniture, used to hold or store things",,oxford3000,shelves,plural
shell,noun,B1,single,The hard protective outer case of a mollusk or crustacean,,oxford3000,shell,base
shell,noun,B1,single,The hard protective outer case of a mollusk or crustacean,,oxford3000,shells,plural
shelter,noun,B2,single,A place giving temporary protection from bad weather or danger,,oxford3000,shelter,base
shelter,noun,B2,single,A place giving temporary protection from bad weather or danger,,oxford3000,shelters,plural
shelter,verb,B2,single,provide shelter for,,oxford3000,shelter,base
shelter,verb,B2,single,provide shelter for,,oxford3000,shelters,third_person
shelter,verb,B2,single,provide shelter for,,oxford3000,sheltered,past
shelter,verb,B2,single,provide shelter for,,oxford3000,sheltering,gerund
shift,noun,B1,single,an event in which something is displaced without rotation,,oxford3000,shift,base
shift,noun,B1,single,an event in which something is displaced without rotation,,oxford3000,shifts,plural
shift,verb,B2,single,"Move or cause to move from one place to another, especially over a small distance",,oxford3000,shift,base
shift,verb,B2,single,"Move or cause to move from one place to another, especially over a small distance",,oxford3000,shifts,third_person
shift,verb,B2,single,"Move or cause to move from one place to another, especially over a small distance",,oxford3000,shifted,past
shift,verb,B2,single,"Move or cause to move from one place to another, especially over a small distance",,oxford3000,shifting,gerund
shine,verb,B1,single,Give out a bright light,,oxford3000,shine,base
shine,verb,B1,single,Give out a bright light,,oxford3000,shines,third_person
shine,verb,B1,single,Give out a bright light,,oxford3000,shone,past
shine,verb,B1,single,Give out a bright light,,oxford3000,shined,past
shine,verb,B1,single,Give out a bright light,,oxford3000,shining,gerund
shiny,adj,B1,single,"Reflecting light, typically because very clean or polished",,oxford3000,shiny,base
shiny,adj,B1,single,"Reflecting light, typically because very clean or polished",,oxford3000,shinier,comparative
shiny,adj,B1,single,"Reflecting light, typically because very clean or polished",,oxford3000,shiniest,superlative
ship,noun,A2,single,A large boat for transporting people or goods by sea,,oxford3000,ship,base
ship,noun,A2,single,A large boat for transporting people or goods by sea,,oxford3000,ships,plural
ship,verb,B2,single,transport commercially,,oxford3000,ship,base
ship,verb,B2,single,transport commercially,,oxford3000,ships,third_person
ship,verb,B2,single,transport commercially,,oxford3000,shipped,past
ship,verb,B2,single,transport commercially,,oxford3000,shipping,gerund
shirt,noun,A1,single,"A garment for the upper body made of cotton or a similar fabric, with a collar and sleeves, and with buttons down the front",,oxford3000,shirt,base
shirt,noun,A1,single,"A garment for the upper body made of cotton or a similar fabric, with a collar and sleeves, and with buttons down the front",,oxford3000,shirts,plural
shock,noun,B2,single,A sudden upsetting or surprising event or experience,,oxford3000,shock,base
shock,noun,B2,single,A sudden upsetting or surprising event or experience,,oxford3000,shocks,plural
shock,verb,B2,single,surprise greatly; knock someone's socks off,,oxford3000,shock,base
shock,verb,B2,single,surprise greatly; knock someone's socks off,,oxford3000,shocks,third_person
shock,verb,B2,single,surprise greatly; knock someone's socks off,,oxford3000,shocked,past
shock,verb,B2,single,surprise greatly; knock someone's socks off,,oxford3000,shocking,gerund
shocked,adj,B2,single,Surprised and upset,,oxford3000,shocked,base
shoe,noun,A1,single,"A covering for the foot, typically made of leather, having a sturdy sole and not reaching above the ankle",,oxford3000,shoe,base
shoe,noun,A1,single,"A covering for the foot, typically made of leather, having a sturdy sole and not reaching above the ankle",,oxford3000,shoes,plural
shoot,verb,B1,single,Kill or wound (a person or animal) with a bullet or arrow,,oxford3000,shoot,base
shoot,verb,B1,single,Kill or wound (a person or animal) with a bullet or arrow,,oxford3000,shoots,third_person
shoot,verb,B1,single,Kill or wound (a person or animal) with a bullet or arrow,,oxford3000,shot,past
shoot,verb,B1,single,Kill or wound (a person or animal) with a bullet or arrow,,oxford3000,shooting,gerund
shooting,noun,B2,single,The action or practice of shooting,,oxford3000,shooting,base
shooting,noun,B2,single,The action or practice of shooting,,oxford3000,shootings,plural
shop,noun,A1,single,A building or part of a building where goods or services are sold; a store,,oxford3000,shop,base
shop,noun,A1,single,A building or part of a building where goods or services are sold; a store,,oxford3000,shops,plural
shop,verb,A1,single,do one's shopping,,oxford3000,shop,base
shop,verb,A1,single,do one's shopping,,oxford3000,shops,third_person
shop,verb,A1,single,do one's shopping,,oxford3000,shopped,past
shop,verb,A1,single,do one's shopping,,oxford3000,shopping,gerund
shopping,noun,A1,single,The action or activity of purchasing goods from stores,,oxford3000,shopping,base
shopping,noun,A1,single,The action or activity of purchasing goods from stores,,oxford3000,shoppings,plural
short,adj,A1,single,Measuring a small distance from end to end,,oxford3000,short,base
short,adj,A1,single,Measuring a small distance from end to end,,oxford3000,shorter,comparative
short,adj,A1,single,Measuring a small distance from end to end,,oxford3000,shortest,superlative
shot,noun,B2,single,The act of firing a gun,,oxford3000,shot,base
shot,noun,B2,single,The act of firing a gun,,oxford3000,shots,plural
should,verb,A1,single,"Used to indicate obligation, duty, or correctness, typically when criticizing someone's actions",,oxford3000,should,base
shoulder,noun,A2,single,The upper joint of each of a person's arms and the part of the body between this and the neck,,oxford3000,shoulder,base
shoulder,noun,A2,single,The upper joint of each of a person's arms and the part of the body between this and the neck,,oxford3000,shoulders,plural
shout,noun,A2,single,a loud utterance; often in protest or opposition,,oxford3000,shout,base
shout,noun,A2,single,a loud utterance; often in protest or opposition,,oxford3000,shouts,plural
shout,verb,A2,single,Say something very loudly,,oxford3000,shout,base
shout,verb,A2,single,Say something very loudly,,oxford3000,shouts,third_person
shout,verb,A2,single,Say something very loudly,,oxford3000,shouted,past
shout,verb,A2,single,Say something very loudly,,oxford3000,shouting,gerund
show,noun,A1,single,the act of publicly exhibiting or entertaining,,oxford3000,show,base
show,noun,A1,single,the act of publicly exhibiting or entertaining,,oxford3000,shows,plural
show,verb,A1,single,"Display or allow to be perceived (a quality, emotion, or characteristic)",,oxford3000,show,base
show,verb,A1,single,"Display or allow to be perceived (a quality, emotion, or characteristic)",,oxford3000,shows,third_person
show,verb,A1,single,"Display or allow to be perceived (a quality, emotion, or characteristic)",,oxford3000,showed,past
show,verb,A1,single,"Display or allow to be perceived (a quality, emotion, or characteristic)",,oxford3000,shown,past_participle
show,verb,A1,single,"Display or allow to be perceived (a quality, emotion, or characteristic)",,oxford3000,showing,gerund
shower,noun,A1,single,"A brief and usually light fall of rain, hail, sleet, or snow",,oxford3000,shower,base
shower,noun,A1,single,"A brief and usually light fall of rain, hail, sleet, or snow",,oxford3000,showers,plural
shut,adj,A2,single,not open,,oxford3000,shut,base
shut,verb,A2,single,Move (something) into position so as to block an opening; close,,oxford3000,shut,base
shut,verb,A2,single,Move (something) into position so as to block an opening; close,,oxford3000,shuts,third_person
shut,verb,A2,single,Move (something) into position so as to block an opening; close,,oxford3000,shutting,gerund
shy,adj,B1,single,lacking self-confidence,,oxford3000,shy,base
shy,adj,B1,single,lacking self-confidence,,oxford3000,shyer,comparative
shy,adj,B1,single,lacking self-confidence,,oxford3000,shyest,superlative
sick,adj,A1,single,Affected by physical or mental illness,,oxford3000,sick,base
sick,adj,A1,single,Affected by physical or mental illness,,oxford3000,sicker,comparative
sick,adj,A1,single,Affected by physical or mental illness,,oxford3000,sickest,superlative
side,noun,A2,single,"A position to the left or right of an object, place, or central point",,oxford3000,side,base
side,noun,A2,single,"A position to the left or right of an object, place, or central point",,oxford3000,sides,plural
sight,noun,B1,single,The faculty or power of seeing,,oxford3000,sight,base
sight,noun,B1,single,The faculty or power of seeing,,oxford3000,sights,plural
sign,noun,A2,single,"An object, quality, or event whose presence or occurrence indicates the probable presence or occurrence of something else",,oxford3000,sign,base
sign,noun,A2,single,"An object, quality, or event whose presence or occurrence indicates the probable presence or occurrence of something else",,oxford3000,signs,plural
sign,verb,A2,single,mark with one's signature; write one's name (on),,oxford3000,sign,base
sign,verb,A2,single,mark with one's signature; write one's name (on),,oxford3000,signs,third_person
sign,verb,A2,single,mark with one's signature; write one's name (on),,oxford3000,signed,past
sign,verb,A2,single,mark with one's signature; write one's name (on),,oxford3000,signing,gerund
signal,noun,B1,single,"A gesture, action, or sound that is used to convey information or instructions",,oxford3000,signal,base
signal,noun,B1,single,"A gesture, action, or sound that is used to convey information or instructions",,oxford3000,signals,plural
signal,verb,B1,single,communicate silently and non-verbally by signals or signs,,oxford3000,signal,base
signal,verb,B1,single,communicate silently and non-verbally by signals or signs,,oxford3000,signals,third_person
signal,verb,B1,single,communicate silently and non-verbally by signals or signs,,oxford3000,signaled,past
signal,verb,B1,single,communicate silently and non-verbally by signals or signs,,oxford3000,signalled,past
signal,verb,B1,single,communicate silently and non-verbally by signals or signs,,oxford3000,signaling,gerund
signal,verb,B1,single,communicate silently and non-verbally by signals or signs,,oxford3000,signalling,gerund
significant,adj,B2,single,Sufficiently great or important to be worthy of attention; noteworthy,,oxford3000,significant,base
significantly,adv,B2,single,In a sufficiently great or important way as to be worthy of attention,,oxford3000,significantly,base
silence,noun,B2,single,Complete absence of sound,,oxford3000,silence,base
silence,noun,B2,single,Complete absence of sound,,oxford3000,silences,plural
silent,adj,B1,single,Not making or accompanied by any sound,,oxford3000,silent,base
silk,noun,B2,single,"A fine, strong, soft, lustrous fiber produced by silkworms in making cocoons and collected to make thread and fabric",,oxford3000,silk,base
silk,noun,B2,single,"A fine, strong, soft, lustrous fiber produced by silkworms in making cocoons and collected to make thread and fabric",,oxford3000,silks,plural
silly,adj,B1,single,Having or showing a lack of common sense or judgment; absurd and foolish,,oxford3000,silly,base
silly,adj,B1,single,Having or showing a lack of common sense or judgment; absurd and foolish,,oxford3000,sillier,comparative
silly,adj,B1,single,Having or showing a lack of common sense or judgment; absurd and foolish,,oxford3000,silliest,superlative
silver,adj,A2,single,made from or largely consisting of silver,,oxford3000,silver,base
silver,noun,A2,single,A shiny gray-white color or precious metal used in jewelry and ornaments,,oxford3000,silver,base
similar,adj,A1,single,Resembling without being identical,,oxford3000,similar,base
similarity,noun,B1,single,the quality of being similar,,oxford3000,similarity,base
similarity,noun,B1,single,the quality of being similar,,oxford3000,similarities,plural
similarly,adv,B1,single,In a similar way,,oxford3000,similarly,base
simple,adj,A2,single,Easily understood or done; presenting no difficulty,,oxford3000,simple,base
simple,adj,A2,single,Easily understood or done; presenting no difficulty,,oxford3000,simpler,comparative
simple,adj,A2,single,Easily understood or done; presenting no difficulty,,oxford3000,simplest,superlative
simply,adv,B1,single,In a straightforward or plain manner,,oxford3000,simply,base
since,adv,B1,single,For the reason that; because,,oxford3000,since,base
since,conj,A2,single,For the reason that; because,,oxford3000,since,base
since,prep,A2,single,For the reason that; because,,oxford3000,since,base
sincere,adj,B2,single,Free from pretense or deceit; genuine,,oxford3000,sincere,base
sincere,adj,B2,single,Free from pretense or deceit; genuine,,oxford3000,sincerer,comparative
sincere,adj,B2,single,Free from pretense or deceit; genuine,,oxford3000,sincerest,superlative
sing,verb,A1,single,"Make musical sounds with the voice, especially words with a set tune",,oxford3000,sing,base
sing,verb,A1,single,"Make musical sounds with the voice, especially words with a set tune",,oxford3000,sings,third_person
sing,verb,A1,single,"Make musical sounds with the voice, especially words with a set tune",,oxford3000,sang,past
sing,verb,A1,single,"Make musical sounds with the voice, especially words with a set tune",,oxford3000,sung,past_participle
sing,verb,A1,single,"Make musical sounds with the voice, especially words with a set tune",,oxford3000,singing,gerund
singer,noun,A1,single,"A person who sings, especially professionally",,oxford3000,singer,base
singer,noun,A1,single,"A person who sings, especially professionally",,oxford3000,singers,plural
singing,noun,A2,single,the act of singing vocal music,,oxford3000,singing,base
single,adj,A2,single,Only one; not one of several,,oxford3000,single,base
single,noun,A2,single,a base hit on which the batter stops safely at first base,,oxford3000,single,base
single,noun,A2,single,a base hit on which the batter stops safely at first base,,oxford3000,singles,plural
sink,verb,B1,single,"Go down below the surface of something, especially of a liquid; become submerged",,oxford3000,sink,base
sink,verb,B1,single,"Go down below the surface of something, especially of a liquid; become submerged",,oxford3000,sinks,third_person
sink,verb,B1,single,"Go down below the surface of something, especially of a liquid; become submerged",,oxford3000,sank,past
sink,verb,B1,single,"Go down below the surface of something, especially of a liquid; become submerged",,oxford3000,sunk,past_participle
sink,verb,B1,single,"Go down below the surface of something, especially of a liquid; become submerged",,oxford3000,sinking,gerund
sir,noun,A2,single,"Used as a polite or respectful way of addressing a man, especially one in a position of authority",,oxford3000,sir,base
sir,noun,A2,single,"Used as a polite or respectful way of addressing a man, especially one in a position of authority",,oxford3000,sirs,plural
sister,noun,A1,single,A woman or girl in relation to other daughters and sons of her parents,,oxford3000,sister,base
sister,noun,A1,single,A woman or girl in relation to other daughters and sons of her parents,,oxford3000,sisters,plural
sit,verb,A1,single,Adopt or be in a position in which one's weight is supported by one's buttocks rather than one's feet and one's back is upright,,oxford3000,sit,base
sit,verb,A1,single,Adopt or be in a position in which one's weight is supported by one's buttocks rather than one's feet and one's back is upright,,oxford3000,sits,third_person
sit,verb,A1,single,Adopt or be in a position in which one's weight is supported by one's buttocks rather than one's feet and one's back is upright,,oxford3000,sat,past
sit,verb,A1,single,Adopt or be in a position in which one's weight is supported by one's buttocks rather than one's feet and one's back is upright,,oxford3000,sitting,gerund
site,noun,A2,single,"An area of ground on which a town, building, or monument is constructed",,oxford3000,site,base
site,noun,A2,single,"An area of ground on which a town, building, or monument is constructed",,oxford3000,sites,plural
situation,noun,A1,single,A set of circumstances in which one finds oneself; a state of affairs,,oxford3000,situation,base
situation,noun,A1,single,A set of circumstances in which one finds oneself; a state of affairs,,oxford3000,situations,plural
six,number,A1,single,"Equivalent to the product of two and three; one more than five, or four less than ten",,oxford3000,six,base
sixteen,number,A1,single,"Equivalent to the product of four and four; one more than fifteen, or four more than twelve",,oxford3000,sixteen,base
sixty,number,A1,single,The number equivalent to the product of six and ten; ten more than fifty,,oxford3000,sixty,base
size,noun,A2,single,The relative extent of something; a thing's overall dimensions or magnitude; how big something is,,oxford3000,size,base
size,noun,A2,single,The relative extent of something; a thing's overall dimensions or magnitude; how big something is,,oxford3000,sizes,plural
ski,noun,A2,single,narrow wood or metal or plastic runners used in pairs for gliding over snow,,oxford3000,ski,base
ski,noun,A2,single,narrow wood or metal or plastic runners used in pairs for gliding over snow,,oxford3000,skis,plural
ski,noun,A2,single,narrow wood or metal or plastic runners used in pairs for gliding over snow,,oxford3000,skiis,plural
ski,verb,A2,single,move along on skis,,oxford3000,ski,base
ski,verb,A2,single,move along on skis,,oxford3000,skis,third_person
ski,verb,A2,single,move along on skis,,oxford3000,skied,past
ski,verb,A2,single,move along on skis,,oxford3000,ski'd,past
ski,verb,A2,single,move along on skis,,oxford3000,skiing,gerund
skiing,noun,A2,single,a sport in which participants must travel on skis,,oxford3000,skiing,base
skill,noun,A1,single,The ability to do something well; expertise,,oxford3000,skill,base
skill,noun,A1,single,The ability to do something well; expertise,,oxford3000,skills,plural
skin,noun,A2,single,The thin layer of tissue forming the natural outer covering of the body of a person or animal,,oxford3000,skin,base
skin,noun,A2,single,The thin layer of tissue forming the natural outer covering of the body of a person or animal,,oxford3000,skins,plural
skirt,noun,A1,single,A woman's outer garment fastened around the waist and hanging down around the legs,,oxford3000,skirt,base
skirt,noun,A1,single,A woman's outer garment fastened around the waist and hanging down around the legs,,oxford3000,skirts,plural
sky,noun,A2,single,The region of the atmosphere and outer space seen from the earth,,oxford3000,sky,base
sky,noun,A2,single,The region of the atmosphere and outer space seen from the earth,,oxford3000,skies,plural
slave,noun,B2,single,a person who is owned by someone,,oxford3000,slave,base
slave,noun,B2,single,a person who is owned by someone,,oxford3000,slaves,plural
sleep,noun,A2,single,"A condition of body and mind such as that which typically recurs for several hours every night, in which the nervous system is relatively inactive",,oxford3000,sleep,base
sleep,verb,A1,single,be asleep,,oxford3000,sleep,base
sleep,verb,A1,single,be asleep,,oxford3000,sleeps,third_person
sleep,verb,A1,single,be asleep,,oxford3000,slept,past
sleep,verb,A1,single,be asleep,,oxford3000,sleeping,gerund
slice,noun,B1,single,"A thin, broad piece of food, such as bread, meat, or cake, cut from a larger portion",,oxford3000,slice,base
slice,noun,B1,single,"A thin, broad piece of food, such as bread, meat, or cake, cut from a larger portion",,oxford3000,slices,plural
slice,verb,B1,single,make a clean cut through,,oxford3000,slice,base
slice,verb,B1,single,make a clean cut through,,oxford3000,slices,third_person
slice,verb,B1,single,make a clean cut through,,oxford3000,sliced,past
slice,verb,B1,single,make a clean cut through,,oxford3000,slicing,gerund
slide,noun,B2,single,a small flat rectangular piece of glass on which specimens can be mounted for microscopic study,,oxford3000,slide,base
slide,noun,B2,single,a small flat rectangular piece of glass on which specimens can be mounted for microscopic study,,oxford3000,slides,plural
slide,verb,B2,single,Move smoothly along a surface while maintaining continuous contact with it,,oxford3000,slide,base
slide,verb,B2,single,Move smoothly along a surface while maintaining continuous contact with it,,oxford3000,slides,third_person
slide,verb,B2,single,Move smoothly along a surface while maintaining continuous contact with it,,oxford3000,slid,past
slide,verb,B2,single,Move smoothly along a surface while maintaining continuous contact with it,,oxford3000,sliding,gerund
slight,adj,B2,single,Small in degree; not considerable,,oxford3000,slight,base
slight,adj,B2,single,Small in degree; not considerable,,oxford3000,slighter,comparative
slight,adj,B2,single,Small in degree; not considerable,,oxford3000,slightest,superlative
slightly,adv,B1,single,To a small degree; not considerably,,oxford3000,slightly,base
slip,verb,B2,single,Lose one's footing and slide unintentionally for a short distance,,oxford3000,slip,base
slip,verb,B2,single,Lose one's footing and slide unintentionally for a short distance,,oxford3000,slips,third_person
slip,verb,B2,single,Lose one's footing and slide unintentionally for a short distance,,oxford3000,slipped,past
slip,verb,B2,single,Lose one's footing and slide unintentionally for a short distance,,oxford3000,slipping,gerund
slope,noun,B2,single,A surface of which one end or side is at a higher level than another; a rising or falling surface,,oxford3000,slope,base
slope,noun,B2,single,A surface of which one end or side is at a higher level than another; a rising or falling surface,,oxford3000,slopes,plural
slope,verb,B2,single,be at an angle,,oxford3000,slope,base
slope,verb,B2,single,be at an angle,,oxford3000,slopes,third_person
slope,verb,B2,single,be at an angle,,oxford3000,sloped,past
slope,verb,B2,single,be at an angle,,oxford3000,sloping,gerund
slow,adj,A1,single,"Moving or operating, or designed to do so, only at a low speed; not quick or fast",,oxford3000,slow,base
slow,adj,A1,single,"Moving or operating, or designed to do so, only at a low speed; not quick or fast",,oxford3000,slower,comparative
slow,adj,A1,single,"Moving or operating, or designed to do so, only at a low speed; not quick or fast",,oxford3000,slowest,superlative
slow,verb,B1,single,lose velocity; move more slowly,,oxford3000,slow,base
slow,verb,B1,single,lose velocity; move more slowly,,oxford3000,slows,third_person
slow,verb,B1,single,lose velocity; move more slowly,,oxford3000,slowed,past
slow,verb,B1,single,lose velocity; move more slowly,,oxford3000,slowing,gerund
slowly,adv,A2,single,At a slow speed; not quickly,,oxford3000,slowly,base
small,adj,A1,single,Of a size that is less than normal or usual,,oxford3000,small,base
small,adj,A1,single,Of a size that is less than normal or usual,,oxford3000,smaller,comparative
small,adj,A1,single,Of a size that is less than normal or usual,,oxford3000,smallest,superlative
smart,adj,B1,single,Having or showing a quick-witted intelligence,,oxford3000,smart,base
smart,adj,B1,single,Having or showing a quick-witted intelligence,,oxford3000,smarter,comparative
smart,adj,B1,single,Having or showing a quick-witted intelligence,,oxford3000,smartest,superlative
smartphone,noun,A2,single,,,oxford3000,smartphone,base
smell,noun,A2,single,The faculty or power of perceiving odors or scents by means of the organs in the nose,,oxford3000,smell,base
smell,noun,A2,single,The faculty or power of perceiving odors or scents by means of the organs in the nose,,oxford3000,smells,plural
smell,verb,A2,single,inhale the odor of; perceive by the olfactory sense,,oxford3000,smell,base
smell,verb,A2,single,inhale the odor of; perceive by the olfactory sense,,oxford3000,smells,third_person
smell,verb,A2,single,inhale the odor of; perceive by the olfactory sense,,oxford3000,smelled,past
smell,verb,A2,single,inhale the odor of; perceive by the olfactory sense,,oxford3000,smelt,past
smell,verb,A2,single,inhale the odor of; perceive by the olfactory sense,,oxford3000,smelling,gerund
smile,noun,A2,single,a facial expression characterized by turning up the corners of the mouth; usually shows pleasure or amusement,,oxford3000,smile,base
smile,noun,A2,single,a facial expression characterized by turning up the corners of the mouth; usually shows pleasure or amusement,,oxford3000,smiles,plural
smile,verb,A2,single,"Form one's features into a pleased, kind, or amused expression, typically with the corners of the mouth turned up and the front teeth exposed",,oxford3000,smile,base
smile,verb,A2,single,"Form one's features into a pleased, kind, or amused expression, typically with the corners of the mouth turned up and the front teeth exposed",,oxford3000,smiles,third_person
smile,verb,A2,single,"Form one's features into a pleased, kind, or amused expression, typically with the corners of the mouth turned up and the front teeth exposed",,oxford3000,smiled,past
smile,verb,A2,single,"Form one's features into a pleased, kind, or amused expression, typically with the corners of the mouth turned up and the front teeth exposed",,oxford3000,smiling,gerund
smoke,noun,A2,single,"A visible suspension of carbon or other particles in air, typically one emitted from a burning substance",,oxford3000,smoke,base
smoke,noun,A2,single,"A visible suspension of carbon or other particles in air, typically one emitted from a burning substance",,oxford3000,smokes,plural
smoke,verb,A2,single,"inhale and exhale smoke from cigarettes, cigars, pipes",,oxford3000,smoke,base
smoke,verb,A2,single,"inhale and exhale smoke from cigarettes, cigars, pipes",,oxford3000,smokes,third_person
smoke,verb,A2,single,"inhale and exhale smoke from cigarettes, cigars, pipes",,oxford3000,smoked,past
smoke,verb,A2,single,"inhale and exhale smoke from cigarettes, cigars, pipes",,oxford3000,smoking,gerund
smoking,noun,A2,single,the act of smoking tobacco or other substances,,oxford3000,smoking,base
smooth,adj,B1,single,"Having an even and regular surface or consistency; free from perceptible projections, lumps, or indentations",,oxford3000,smooth,base
smooth,adj,B1,single,"Having an even and regular surface or consistency; free from perceptible projections, lumps, or indentations",,oxford3000,smoother,comparative
smooth,adj,B1,single,"Having an even and regular surface or consistency; free from perceptible projections, lumps, or indentations",,oxford3000,smoothest,superlative
snake,noun,A1,single,"A long limbless reptile which has no eyelids, a short tail, and jaws that are capable of considerable extension",,oxford3000,snake,base
snake,noun,A1,single,"A long limbless reptile which has no eyelids, a short tail, and jaws that are capable of considerable extension",,oxford3000,snakes,plural
snow,noun,A1,single,Atmospheric water vapor frozen into ice crystals and falling in light white flakes or lying on the ground as a white layer,,oxford3000,snow,base
snow,noun,A1,single,Atmospheric water vapor frozen into ice crystals and falling in light white flakes or lying on the ground as a white layer,,oxford3000,snows,plural
snow,verb,A1,single,fall as snow,,oxford3000,snow,base
snow,verb,A1,single,fall as snow,,oxford3000,snows,third_person
snow,verb,A1,single,fall as snow,,oxford3000,snowed,past
snow,verb,A1,single,fall as snow,,oxford3000,snowing,gerund
so,adv,A1,single,To such a great extent,,oxford3000,so,base
so,conj,A1,single,To such a great extent,,oxford3000,so,base
soap,noun,A2,single,"A substance used with water for washing and cleaning, made of a compound of natural oils or fats with sodium hydroxide or another strong alkali, and typically having perfume and coloring added",,oxford3000,soap,base
soap,noun,A2,single,"A substance used with water for washing and cleaning, made of a compound of natural oils or fats with sodium hydroxide or another strong alkali, and typically having perfume and coloring added",,oxford3000,soaps,plural
soccer,noun,A2,single,a football game in which two teams of 11 players try to kick or head a ball into the opponents' goal,,oxford3000,soccer,base
social,adj,A2,single,Relating to society or its organization,,oxford3000,social,base
society,noun,A2,single,The aggregate of people living together in a more or less ordered community,,oxford3000,society,base
society,noun,A2,single,The aggregate of people living together in a more or less ordered community,,oxford3000,societies,plural
sock,noun,A2,single,"A garment for the foot and lower part of the leg, typically knitted from wool, cotton, or nylon",,oxford3000,sock,base
sock,noun,A2,single,"A garment for the foot and lower part of the leg, typically knitted from wool, cotton, or nylon",,oxford3000,socks,plural
soft,adj,A2,single,"Easy to mold, cut, compress, or fold; not hard or firm to the touch",,oxford3000,soft,base
soft,adj,A2,single,"Easy to mold, cut, compress, or fold; not hard or firm to the touch",,oxford3000,softer,comparative
soft,adj,A2,single,"Easy to mold, cut, compress, or fold; not hard or firm to the touch",,oxford3000,softest,superlative
software,noun,B1,single,(computer science) written programs or procedures or rules and associated documentation pertaining to the operation of a computer system and that are stored in read/write memory,,oxford3000,software,base
software,noun,B1,single,(computer science) written programs or procedures or rules and associated documentation pertaining to the operation of a computer system and that are stored in read/write memory,,oxford3000,softwares,plural
soil,noun,B1,single,"The upper layer of earth in which plants grow, a black or dark brown material typically consisting of a mixture of organic remains, clay, and rock particles",,oxford3000,soil,base
soil,noun,B1,single,"The upper layer of earth in which plants grow, a black or dark brown material typically consisting of a mixture of organic remains, clay, and rock particles",,oxford3000,soils,plural
solar,adj,B2,single,relating to or derived from the sun or utilizing the energies of the sun,,oxford3000,solar,base
soldier,noun,A2,single,A person who serves in an army,,oxford3000,soldier,base
soldier,noun,A2,single,A person who serves in an army,,oxford3000,soldiers,plural
solid,adj,B1,single,characterized by good substantial quality,,oxford3000,solid,base
solid,noun,B1,single,matter that is solid at room temperature and pressure,,oxford3000,solid,base
solid,noun,B1,single,matter that is solid at room temperature and pressure,,oxford3000,solids,plural
solution,noun,A2,single,A means of solving a problem or dealing with a difficult situation,,oxford3000,solution,base
solution,noun,A2,single,A means of solving a problem or dealing with a difficult situation,,oxford3000,solutions,plural
solve,verb,A2,single,"Find an answer to, explanation for, or means of effectively dealing with (a problem or mystery)",,oxford3000,solve,base
solve,verb,A2,single,"Find an answer to, explanation for, or means of effectively dealing with (a problem or mystery)",,oxford3000,solves,third_person
solve,verb,A2,single,"Find an answer to, explanation for, or means of effectively dealing with (a problem or mystery)",,oxford3000,solved,past
solve,verb,A2,single,"Find an answer to, explanation for, or means of effectively dealing with (a problem or mystery)",,oxford3000,solving,gerund
some,det,A1,single,An unspecified amount or number of,,oxford3000,some,base
some,pron,A1,single,An unspecified amount or number of,,oxford3000,some,base
somebody,pron,A1,single,An unspecified person,,oxford3000,somebody,base
someone,pron,A1,single,An unknown or unspecified person,,oxford3000,someone,base
something,pron,A1,single,A thing that is unspecified or unknown,,oxford3000,something,base
sometimes,adv,A1,single,"Occasionally, rather than all of the time",,oxford3000,sometimes,base
somewhat,adv,B2,single,To a moderate extent or by a moderate amount,,oxford3000,somewhat,base
somewhere,adv,A2,single,In or at or to some place; some place,,oxford3000,somewhere,base
somewhere,pron,A2,single,In or at or to some place; some place,,oxford3000,somewhere,base
son,noun,A1,single,A boy or man in relation to either or both of his parents,,oxford3000,son,base
son,noun,A1,single,A boy or man in relation to either or both of his parents,,oxford3000,sons,plural
song,noun,A1,single,A short poem or other set of words set to music or meant to be sung,,oxford3000,song,base
song,noun,A1,single,A short poem or other set of words set to music or meant to be sung,,oxford3000,songs,plural
soon,adv,A1,single,In or after a short time,,oxford3000,soon,base
soon,adv,A1,single,In or after a short time,,oxford3000,sooner,comparative
soon,adv,A1,single,In or after a short time,,oxford3000,soonest,superlative
sorry,adj,A1,single,"Feeling distress, especially through sympathy with someone else's misfortune",,oxford3000,sorry,base
sorry,adj,A1,single,"Feeling distress, especially through sympathy with someone else's misfortune",,oxford3000,sorrier,comparative
sorry,adj,A1,single,"Feeling distress, especially through sympathy with someone else's misfortune",,oxford3000,sorriest,superlative
sorry,exclam,A1,single,"Feeling distress, especially through sympathy with someone else's misfortune",,oxford3000,sorry,base
sort,noun,A2,single,A category of things or people having some common feature; a type,,oxford3000,sort,base
sort,noun,A2,single,A category of things or people having some common feature; a type,,oxford3000,sorts,plural
sort,verb,B1,single,examine in order to test suitability,,oxford3000,sort,base
sort,verb,B1,single,examine in order to test suitability,,oxford3000,sorts,third_person
sort,verb,B1,single,examine in order to test suitability,,oxford3000,sorted,past
sort,verb,B1,single,examine in order to test suitability,,oxford3000,sorting,gerund
soul,noun,B2,single,"The spiritual or immaterial part of a human being or animal, regarded as immortal",,oxford3000,soul,base
soul,noun,B2,single,"The spiritual or immaterial part of a human being or animal, regarded as immortal",,oxford3000,souls,plural
sound,noun,A1,single,Vibrations that travel through the air or another medium and can be heard when they reach a person's or animal's ear,,oxford3000,sound,base
sound,noun,A1,single,Vibrations that travel through the air or another medium and can be heard when they reach a person's or animal's ear,,oxford3000,sounds,plural
sound,verb,A1,single,appear in a certain way,,oxford3000,sound,base
sound,verb,A1,single,appear in a certain way,,oxford3000,sounds,third_person
sound,verb,A1,single,appear in a certain way,,oxford3000,sounded,past
sound,verb,A1,single,appear in a certain way,,oxford3000,sounding,gerund
soup,noun,A1,single,"A liquid dish, typically made by boiling meat, fish, or vegetables, etc., in stock or water",,oxford3000,soup,base
soup,noun,A1,single,"A liquid dish, typically made by boiling meat, fish, or vegetables, etc., in stock or water",,oxford3000,soups,plural
source,noun,A2,single,"A place, person, or thing from which something comes or can be obtained",,oxford3000,source,base
source,noun,A2,single,"A place, person, or thing from which something comes or can be obtained",,oxford3000,sources,plural
south,adj,A1,single,situated in or facing or moving toward or coming from the south,,oxford3000,south,base
south,adv,A1,single,in a southern direction,,oxford3000,south,base
south,noun,A1,single,"The direction toward the point of the horizon 90° clockwise from east, or the point on the horizon itself",,oxford3000,south,base
southern,adj,B1,single,Situated in the south or directed toward or facing the south,,oxford3000,southern,base
space,noun,A1,single,"A continuous area or expanse which is free, available, or unoccupied",,oxford3000,space,base
space,noun,A1,single,"A continuous area or expanse which is free, available, or unoccupied",,oxford3000,spaces,plural
speak,verb,A1,single,"Say something in order to convey information, an opinion, or a feeling",,oxford3000,speak,base
speak,verb,A1,single,"Say something in order to convey information, an opinion, or a feeling",,oxford3000,speaks,third_person
speak,verb,A1,single,"Say something in order to convey information, an opinion, or a feeling",,oxford3000,spoke,past
speak,verb,A1,single,"Say something in order to convey information, an opinion, or a feeling",,oxford3000,spoken,past_participle
speak,verb,A1,single,"Say something in order to convey information, an opinion, or a feeling",,oxford3000,speaking,gerund
speaker,noun,A2,single,A person who speaks,,oxford3000,speaker,base
speaker,noun,A2,single,A person who speaks,,oxford3000,speakers,plural
special,adj,A1,single,"Better, greater, or otherwise different from what is usual",,oxford3000,special,base
specialist,adj,B2,single,,,oxford3000,specialist,base
specialist,noun,B2,single,an expert who is devoted to one occupation or branch of learning,,oxford3000,specialist,base
specialist,noun,B2,single,an expert who is devoted to one occupation or branch of learning,,oxford3000,specialists,plural
species,noun,B2,single,A group of living organisms consisting of similar individuals capable of exchanging genes or interbreeding,,oxford3000,species,base
specific,adj,A2,single,Clearly defined or identified,,oxford3000,specific,base
specifically,adv,B1,single,in distinction from others,,oxford3000,specifically,base
speech,noun,A2,single,The expression of or the ability to express thoughts and feelings by articulate sounds,,oxford3000,speech,base
speech,noun,A2,single,The expression of or the ability to express thoughts and feelings by articulate sounds,,oxford3000,speeches,plural
speed,noun,A2,single,The rate at which someone or something moves or operates,,oxford3000,speed,base
speed,noun,A2,single,The rate at which someone or something moves or operates,,oxford3000,speeds,plural
speed,verb,B2,single,move fast,,oxford3000,speed,base
speed,verb,B2,single,move fast,,oxford3000,speeds,third_person
speed,verb,B2,single,move fast,,oxford3000,sped,past
speed,verb,B2,single,move fast,,oxford3000,speeded,past
speed,verb,B2,single,move fast,,oxford3000,speeding,gerund
spell,verb,A1,single,Write or name the letters that form (a word) in correct sequence,,oxford3000,spell,base
spell,verb,A1,single,Write or name the letters that form (a word) in correct sequence,,oxford3000,spells,third_person
spell,verb,A1,single,Write or name the letters that form (a word) in correct sequence,,oxford3000,spelled,past
spell,verb,A1,single,Write or name the letters that form (a word) in correct sequence,,oxford3000,spelt,past
spell,verb,A1,single,Write or name the letters that form (a word) in correct sequence,,oxford3000,spelling,gerund
spelling,noun,A1,single,forming words with letters according to the principles underlying accepted usage,,oxford3000,spelling,base
spelling,noun,A1,single,forming words with letters according to the principles underlying accepted usage,,oxford3000,spellings,plural
spend,verb,A1,single,"Give (money) to pay for goods, services, or so as to benefit someone or something",,oxford3000,spend,base
spend,verb,A1,single,"Give (money) to pay for goods, services, or so as to benefit someone or something",,oxford3000,spends,third_person
spend,verb,A1,single,"Give (money) to pay for goods, services, or so as to benefit someone or something",,oxford3000,spent,past
spend,verb,A1,single,"Give (money) to pay for goods, services, or so as to benefit someone or something",,oxford3000,spending,gerund
spending,noun,B1,single,the act of spending or disbursing money,,oxford3000,spending,base
spicy,adj,B1,single,Flavored with or fragrant with spice,,oxford3000,spicy,base
spicy,adj,B1,single,Flavored with or fragrant with spice,,oxford3000,spicier,comparative
spicy,adj,B1,single,Flavored with or fragrant with spice,,oxford3000,spiciest,superlative
spider,noun,A2,single,An eight-legged predatory arachnid with an unsegmented body consisting of a fused thorax and abdomen,,oxford3000,spider,base
spider,noun,A2,single,An eight-legged predatory arachnid with an unsegmented body consisting of a fused thorax and abdomen,,oxford3000,spiders,plural
spirit,noun,B1,single,The non-physical part of a person which is the seat of emotions and character; the soul,,oxford3000,spirit,base
spirit,noun,B1,single,The non-physical part of a person which is the seat of emotions and character; the soul,,oxford3000,spirits,plural
spiritual,adj,B2,single,Relating to or affecting the human spirit or soul as opposed to material or physical things,,oxford3000,spiritual,base
split,noun,B2,single,extending the legs at right angles to the trunk (one in front and the other in back),,oxford3000,split,base
split,noun,B2,single,extending the legs at right angles to the trunk (one in front and the other in back),,oxford3000,splits,plural
split,verb,B2,single,"Break or cause to break forcibly into parts, especially into halves or along the grain",,oxford3000,split,base
split,verb,B2,single,"Break or cause to break forcibly into parts, especially into halves or along the grain",,oxford3000,splits,third_person
split,verb,B2,single,"Break or cause to break forcibly into parts, especially into halves or along the grain",,oxford3000,splitting,gerund
spoken,adj,B1,single,Past participle of speak,,oxford3000,spoken,base
sponsor,noun,B2,single,someone who supports or champions something,,oxford3000,sponsor,base
sponsor,noun,B2,single,someone who supports or champions something,,oxford3000,sponsors,plural
sponsor,verb,B2,single,assume sponsorship of,,oxford3000,sponsor,base
sponsor,verb,B2,single,assume sponsorship of,,oxford3000,sponsors,third_person
sponsor,verb,B2,single,assume sponsorship of,,oxford3000,sponsored,past
sponsor,verb,B2,single,assume sponsorship of,,oxford3000,sponsoring,gerund
spoon,noun,A2,single,An implement consisting of a small shallow bowl (as of wood or plastic) with a handle used especially in eating and cooking,,oxford3000,spoon,base
spoon,noun,A2,single,An implement consisting of a small shallow bowl (as of wood or plastic) with a handle used especially in eating and cooking,,oxford3000,spoons,plural
sport,noun,A1,single,An activity involving physical exertion and skill in which an individual or team competes against another or others for entertainment,,oxford3000,sport,base
sport,noun,A1,single,An activity involving physical exertion and skill in which an individual or team competes against another or others for entertainment,,oxford3000,sports,plural
spot,noun,B1,single,"A small round or roundish mark, differing in color or texture from the surface around it",,oxford3000,spot,base
spot,noun,B1,single,"A small round or roundish mark, differing in color or texture from the surface around it",,oxford3000,spots,plural
spot,verb,B2,single,catch sight of,,oxford3000,spot,base
spot,verb,B2,single,catch sight of,,oxford3000,spots,third_person
spot,verb,B2,single,catch sight of,,oxford3000,spotted,past
spot,verb,B2,single,catch sight of,,oxford3000,spotting,gerund
spread,noun,B2,single,process or result of distributing or extending over a wide expanse of space,,oxford3000,spread,base
spread,noun,B2,single,process or result of distributing or extending over a wide expanse of space,,oxford3000,spreads,plural
spread,verb,B1,single,"Open out (something) so as to extend its surface area, width, or length",,oxford3000,spread,base
spread,verb,B1,single,"Open out (something) so as to extend its surface area, width, or length",,oxford3000,spreads,third_person
spread,verb,B1,single,"Open out (something) so as to extend its surface area, width, or length",,oxford3000,spreading,gerund
spring,noun,A1,single,"The season after winter and before summer, in which vegetation begins to appear, in the northern hemisphere from March to May and in the southern hemisphere from September to November",,oxford3000,spring,base
spring,noun,A1,single,"The season after winter and before summer, in which vegetation begins to appear, in the northern hemisphere from March to May and in the southern hemisphere from September to November",,oxford3000,springs,plural
spring,verb,B1,single,move forward by leaps and bounds,,oxford3000,spring,base
spring,verb,B1,single,move forward by leaps and bounds,,oxford3000,springs,third_person
spring,verb,B1,single,move forward by leaps and bounds,,oxford3000,sprang,past
spring,verb,B1,single,move forward by leaps and bounds,,oxford3000,sprung,past
spring,verb,B1,single,move forward by leaps and bounds,,oxford3000,springing,gerund
square,adj,A2,single,having four equal sides and four right angles or forming a right angle,,oxford3000,square,base
square,adj,A2,single,having four equal sides and four right angles or forming a right angle,,oxford3000,squarer,comparative
square,adj,A2,single,having four equal sides and four right angles or forming a right angle,,oxford3000,squarest,superlative
square,noun,A2,single,A plane figure with four equal straight sides and four right angles,,oxford3000,square,base
square,noun,A2,single,A plane figure with four equal straight sides and four right angles,,oxford3000,squares,plural
stable,adj,B2,single,Not likely to change or fail; firmly established,,oxford3000,stable,base
stable,adj,B2,single,Not likely to change or fail; firmly established,,oxford3000,stabler,comparative
stable,adj,B2,single,Not likely to change or fail; firmly established,,oxford3000,stablest,superlative
stadium,noun,B1,single,a large structure for open-air sports or entertainments,,oxford3000,stadium,base
stadium,noun,B1,single,a large structure for open-air sports or entertainments,,oxford3000,stadiums,plural
stadium,noun,B1,single,a large structure for open-air sports or entertainments,,oxford3000,stadia,plural
staff,noun,B1,single,All the people employed by a particular organization,,oxford3000,staff,base
staff,noun,B1,single,All the people employed by a particular organization,,oxford3000,staffs,plural
staff,noun,B1,single,All the people employed by a particular organization,,oxford3000,staves,plural
stage,noun,A2,single,"A point, period, or step in a process or development",,oxford3000,stage,base
stage,noun,A2,single,"A point, period, or step in a process or development",,oxford3000,stages,plural
stage,verb,B2,single,"perform (a play), especially on a stage",,oxford3000,stage,base
stage,verb,B2,single,"perform (a play), especially on a stage",,oxford3000,stages,third_person
stage,verb,B2,single,"perform (a play), especially on a stage",,oxford3000,staged,past
stage,verb,B2,single,"perform (a play), especially on a stage",,oxford3000,staging,gerund
stair,noun,A2,single,A set of steps leading from one floor of a building to another,,oxford3000,stair,base
stair,noun,A2,single,A set of steps leading from one floor of a building to another,,oxford3000,stairs,plural
stamp,noun,A2,single,"A small adhesive piece of paper stuck to something to show that an amount of money has been paid, in particular a postage stamp",,oxford3000,stamp,base
stamp,noun,A2,single,"A small adhesive piece of paper stuck to something to show that an amount of money has been paid, in particular a postage stamp",,oxford3000,stamps,plural
stand,noun,B2,single,a support or foundation,,oxford3000,stand,base
stand,noun,B2,single,a support or foundation,,oxford3000,stands,plural
stand,verb,A1,single,"Have or maintain an upright position, supported by one's feet",,oxford3000,stand,base
stand,verb,A1,single,"Have or maintain an upright position, supported by one's feet",,oxford3000,stands,third_person
stand,verb,A1,single,"Have or maintain an upright position, supported by one's feet",,oxford3000,stood,past
stand,verb,A1,single,"Have or maintain an upright position, supported by one's feet",,oxford3000,standing,gerund
standard,adj,B1,single,conforming to or constituting a standard of measurement or value; or of the usual or regularized or accepted kind,,oxford3000,standard,base
standard,noun,B1,single,A level of quality or attainment,,oxford3000,standard,base
standard,noun,B1,single,A level of quality or attainment,,oxford3000,standards,plural
star,noun,A1,single,"A fixed luminous point in the night sky which is a large, remote incandescent body like the sun",,oxford3000,star,base
star,noun,A1,single,"A fixed luminous point in the night sky which is a large, remote incandescent body like the sun",,oxford3000,stars,plural
star,verb,A2,single,feature as the star,,oxford3000,star,base
star,verb,A2,single,feature as the star,,oxford3000,stars,third_person
star,verb,A2,single,feature as the star,,oxford3000,starred,past
star,verb,A2,single,feature as the star,,oxford3000,starring,gerund
stare,verb,B2,single,look at with fixed eyes,,oxford3000,stare,base
stare,verb,B2,single,look at with fixed eyes,,oxford3000,stares,third_person
stare,verb,B2,single,look at with fixed eyes,,oxford3000,stared,past
stare,verb,B2,single,look at with fixed eyes,,oxford3000,staring,gerund
start,noun,A2,single,the beginning of anything,,oxford3000,start,base
start,noun,A2,single,the beginning of anything,,oxford3000,starts,plural
start,verb,A1,single,Begin or set out on a journey or activity,,oxford3000,start,base
start,verb,A1,single,Begin or set out on a journey or activity,,oxford3000,starts,third_person
start,verb,A1,single,Begin or set out on a journey or activity,,oxford3000,started,past
start,verb,A1,single,Begin or set out on a journey or activity,,oxford3000,starting,gerund
state,adj,A2,single,The particular condition that someone or something is in at a specific time,,oxford3000,state,base
state,noun,A2,single,The particular condition that someone or something is in at a specific time,,oxford3000,state,base
state,noun,A2,single,The particular condition that someone or something is in at a specific time,,oxford3000,states,plural
state,verb,B1,single,express in words,,oxford3000,state,base
state,verb,B1,single,express in words,,oxford3000,states,third_person
state,verb,B1,single,express in words,,oxford3000,stated,past
state,verb,B1,single,express in words,,oxford3000,stating,gerund
statement,noun,A1,single,A definite or clear expression of something in speech or writing,,oxford3000,statement,base
statement,noun,A1,single,A definite or clear expression of something in speech or writing,,oxford3000,statements,plural
station,noun,A1,single,A regular stopping place on a public transportation route,,oxford3000,station,base
station,noun,A1,single,A regular stopping place on a public transportation route,,oxford3000,stations,plural
statistic,noun,B1,single,a datum that can be represented numerically,,oxford3000,statistic,base
statistic,noun,B1,single,a datum that can be represented numerically,,oxford3000,statistics,plural
statue,noun,B1,single,"A carved or cast figure of a person or animal, especially one that is life-size or larger",,oxford3000,statue,base
statue,noun,B1,single,"A carved or cast figure of a person or animal, especially one that is life-size or larger",,oxford3000,statues,plural
status,noun,B2,single,"The relative social, professional, or other standing of someone or something",,oxford3000,status,base
status,noun,B2,single,"The relative social, professional, or other standing of someone or something",,oxford3000,statuses,plural
stay,noun,A2,single,continuing or remaining in a place or state,,oxford3000,stay,base
stay,noun,A2,single,continuing or remaining in a place or state,,oxford3000,stays,plural
stay,verb,A1,single,Remain in the same place,,oxford3000,stay,base
stay,verb,A1,single,Remain in the same place,,oxford3000,stays,third_person
stay,verb,A1,single,Remain in the same place,,oxford3000,staves,third_person
stay,verb,A1,single,Remain in the same place,,oxford3000,stayed,past
stay,verb,A1,single,Remain in the same place,,oxford3000,staid,past
stay,verb,A1,single,Remain in the same place,,oxford3000,staying,gerund
steady,adj,B2,single,"Firmly fixed, supported, or balanced; not shaking or moving",,oxford3000,steady,base
steady,adj,B2,single,"Firmly fixed, supported, or balanced; not shaking or moving",,oxford3000,steadier,comparative
steady,adj,B2,single,"Firmly fixed, supported, or balanced; not shaking or moving",,oxford3000,steadiest,superlative
steal,verb,A2,single,Take (another person's property) without permission or legal right and without intending to return it,,oxford3000,steal,base
steal,verb,A2,single,Take (another person's property) without permission or legal right and without intending to return it,,oxford3000,steals,third_person
steal,verb,A2,single,Take (another person's property) without permission or legal right and without intending to return it,,oxford3000,stole,past
steal,verb,A2,single,Take (another person's property) without permission or legal right and without intending to return it,,oxford3000,stolen,past_participle
steal,verb,A2,single,Take (another person's property) without permission or legal right and without intending to return it,,oxford3000,stealing,gerund
steel,noun,B2,single,"A hard, strong gray or bluish-gray alloy of iron with carbon and usually other elements, used as a structural and fabricating material",,oxford3000,steel,base
steep,adj,B2,single,Rising or falling sharply; nearly perpendicular,,oxford3000,steep,base
steep,adj,B2,single,Rising or falling sharply; nearly perpendicular,,oxford3000,steeper,comparative
steep,adj,B2,single,Rising or falling sharply; nearly perpendicular,,oxford3000,steepest,superlative
step,noun,A2,single,"A flat surface, especially one in a series, on which to place one's foot when moving from one level to another",,oxford3000,step,base
step,noun,A2,single,"A flat surface, especially one in a series, on which to place one's foot when moving from one level to another",,oxford3000,steps,plural
step,verb,B2,single,shift or move by taking a step,,oxford3000,step,base
step,verb,B2,single,shift or move by taking a step,,oxford3000,steps,third_person
step,verb,B2,single,shift or move by taking a step,,oxford3000,stepped,past
step,verb,B2,single,shift or move by taking a step,,oxford3000,stepping,gerund
stick,noun,B1,single,A thin piece of wood that has fallen or been cut from a tree,,oxford3000,stick,base
stick,noun,B1,single,A thin piece of wood that has fallen or been cut from a tree,,oxford3000,sticks,plural
stick,verb,B1,single,"put, fix, force, or implant",,oxford3000,stick,base
stick,verb,B1,single,"put, fix, force, or implant",,oxford3000,sticks,third_person
stick,verb,B1,single,"put, fix, force, or implant",,oxford3000,stuck,past
stick,verb,B1,single,"put, fix, force, or implant",,oxford3000,sticking,gerund
sticky,adj,B2,single,having the sticky properties of an adhesive,,oxford3000,sticky,base
sticky,adj,B2,single,having the sticky properties of an adhesive,,oxford3000,stickier,comparative
sticky,adj,B2,single,having the sticky properties of an adhesive,,oxford3000,stickiest,superlative
stiff,adj,B2,single,Not easily bent or changed in shape; rigid,,oxford3000,stiff,base
stiff,adj,B2,single,Not easily bent or changed in shape; rigid,,oxford3000,stiffer,comparative
stiff,adj,B2,single,Not easily bent or changed in shape; rigid,,oxford3000,stiffest,superlative
still,adj,B1,single,Not moving or making a sound,,oxford3000,still,base
still,adj,B1,single,Not moving or making a sound,,oxford3000,stiller,comparative
still,adj,B1,single,Not moving or making a sound,,oxford3000,stillest,superlative
still,adv,A1,single,"with reference to action or condition; without change, interruption, or cessation",,oxford3000,still,base
stock,noun,B2,single,The goods or merchandise kept on the premises of a business or warehouse and available for sale or distribution,,oxford3000,stock,base
stock,noun,B2,single,The goods or merchandise kept on the premises of a business or warehouse and available for sale or distribution,,oxford3000,stocks,plural
stomach,noun,A2,single,The internal organ in which the major part of the digestion of food occurs,,oxford3000,stomach,base
stomach,noun,A2,single,The internal organ in which the major part of the digestion of food occurs,,oxford3000,stomachs,plural
stone,noun,A2,single,"A hard, solid nonmetallic mineral matter of which rock is made",,oxford3000,stone,base
stone,noun,A2,single,"A hard, solid nonmetallic mineral matter of which rock is made",,oxford3000,stones,plural
stop,noun,A1,single,the event of something ending,,oxford3000,stop,base
stop,noun,A1,single,the event of something ending,,oxford3000,stops,plural
stop,verb,A1,single,Cease movement or operation,,oxford3000,stop,base
stop,verb,A1,single,Cease movement or operation,,oxford3000,stops,third_person
stop,verb,A1,single,Cease movement or operation,,oxford3000,stopped,past
stop,verb,A1,single,Cease movement or operation,,oxford3000,stopping,gerund
store,noun,A2,single,A retail establishment selling items to the public,,oxford3000,store,base
store,noun,A2,single,A retail establishment selling items to the public,,oxford3000,stores,plural
store,verb,B1,single,keep or lay aside for future use,,oxford3000,store,base
store,verb,B1,single,keep or lay aside for future use,,oxford3000,stores,third_person
store,verb,B1,single,keep or lay aside for future use,,oxford3000,stored,past
store,verb,B1,single,keep or lay aside for future use,,oxford3000,storing,gerund
storm,noun,A2,single,"A violent disturbance of the atmosphere with strong winds and usually rain, thunder, lightning, or snow",,oxford3000,storm,base
storm,noun,A2,single,"A violent disturbance of the atmosphere with strong winds and usually rain, thunder, lightning, or snow",,oxford3000,storms,plural
story,noun,A1,single,An account of imaginary or real people and events told for entertainment,,oxford3000,story,base
story,noun,A1,single,An account of imaginary or real people and events told for entertainment,,oxford3000,stories,plural
straight,adj,A2,single,Extending or moving uniformly in one direction only; without a curve or bend,,oxford3000,straight,base
straight,adj,A2,single,Extending or moving uniformly in one direction only; without a curve or bend,,oxford3000,straighter,comparative
straight,adj,A2,single,Extending or moving uniformly in one direction only; without a curve or bend,,oxford3000,straightest,superlative
straight,adv,A2,single,without deviation,,oxford3000,straight,base
straight,adv,A2,single,without deviation,,oxford3000,straighter,comparative
straight,adv,A2,single,without deviation,,oxford3000,straightest,superlative
strange,adj,A2,single,Unusual or surprising in a way that is unsettling or hard to understand,,oxford3000,strange,base
strange,adj,A2,single,Unusual or surprising in a way that is unsettling or hard to understand,,oxford3000,stranger,comparative
strange,adj,A2,single,Unusual or surprising in a way that is unsettling or hard to understand,,oxford3000,strangest,superlative
stranger,noun,B1,single,A person whom one does not know or with whom one is not familiar,,oxford3000,stranger,base
stranger,noun,B1,single,A person whom one does not know or with whom one is not familiar,,oxford3000,strangers,plural
strategy,noun,A2,single,A plan of action designed to achieve a long-term or overall aim,,oxford3000,strategy,base
strategy,noun,A2,single,A plan of action designed to achieve a long-term or overall aim,,oxford3000,strategies,plural
stream,noun,B2,single,"A small, narrow river",,oxford3000,stream,base
stream,noun,B2,single,"A small, narrow river",,oxford3000,streams,plural
street,noun,A1,single,"A public road in a city or town, typically with houses and buildings on one or both sides",,oxford3000,street,base
street,noun,A1,single,"A public road in a city or town, typically with houses and buildings on one or both sides",,oxford3000,streets,plural
strength,noun,B1,single,The quality or state of being physically strong,,oxford3000,strength,base
strength,noun,B1,single,The quality or state of being physically strong,,oxford3000,strengths,plural
stress,noun,A2,single,A state of mental or emotional strain or tension resulting from adverse or demanding circumstances,,oxford3000,stress,base
stress,noun,A2,single,A state of mental or emotional strain or tension resulting from adverse or demanding circumstances,,oxford3000,stresses,plural
stress,verb,A2,single,"to stress, single out as important",,oxford3000,stress,base
stress,verb,A2,single,"to stress, single out as important",,oxford3000,stresses,third_person
stress,verb,A2,single,"to stress, single out as important",,oxford3000,stressed,past
stress,verb,A2,single,"to stress, single out as important",,oxford3000,stressing,gerund
stretch,noun,B2,single,a large and unbroken expanse or distance,,oxford3000,stretch,base
stretch,noun,B2,single,a large and unbroken expanse or distance,,oxford3000,stretches,plural
stretch,verb,B2,single,(of something soft or elastic) be made or be capable of being made longer or wider without tearing or breaking,,oxford3000,stretch,base
stretch,verb,B2,single,(of something soft or elastic) be made or be capable of being made longer or wider without tearing or breaking,,oxford3000,stretches,third_person
stretch,verb,B2,single,(of something soft or elastic) be made or be capable of being made longer or wider without tearing or breaking,,oxford3000,stretched,past
stretch,verb,B2,single,(of something soft or elastic) be made or be capable of being made longer or wider without tearing or breaking,,oxford3000,stretching,gerund
strict,adj,B2,single,Demanding that rules concerning behavior are obeyed and observed,,oxford3000,strict,base
strict,adj,B2,single,Demanding that rules concerning behavior are obeyed and observed,,oxford3000,stricter,comparative
strict,adj,B2,single,Demanding that rules concerning behavior are obeyed and observed,,oxford3000,strictest,superlative
strike,noun,B2,single,a group's refusal to work in protest against low pay or bad work conditions,,oxford3000,strike,base
strike,noun,B2,single,a group's refusal to work in protest against low pay or bad work conditions,,oxford3000,strikes,plural
strike,verb,B2,single,Hit forcibly and deliberately with one's hand or a weapon or other implement,,oxford3000,strike,base
strike,verb,B2,single,Hit forcibly and deliberately with one's hand or a weapon or other implement,,oxford3000,strikes,third_person
strike,verb,B2,single,Hit forcibly and deliberately with one's hand or a weapon or other implement,,oxford3000,struck,past
strike,verb,B2,single,Hit forcibly and deliberately with one's hand or a weapon or other implement,,oxford3000,stricken,past_participle
strike,verb,B2,single,Hit forcibly and deliberately with one's hand or a weapon or other implement,,oxford3000,striking,gerund
string,noun,B1,single,"Material consisting of threads of cotton, hemp, or other material twisted together to form a thin length",,oxford3000,string,base
string,noun,B1,single,"Material consisting of threads of cotton, hemp, or other material twisted together to form a thin length",,oxford3000,strings,plural
strong,adj,A1,single,Having the power to move heavy weights or perform other physically demanding tasks,,oxford3000,strong,base
strong,adj,A1,single,Having the power to move heavy weights or perform other physically demanding tasks,,oxford3000,stronger,comparative
strong,adj,A1,single,Having the power to move heavy weights or perform other physically demanding tasks,,oxford3000,strongest,superlative
strongly,adv,B1,single,In a way that shows determination or intensity,,oxford3000,strongly,base
structure,noun,A2,single,The arrangement of and relations between the parts or elements of something complex,,oxford3000,structure,base
structure,noun,A2,single,The arrangement of and relations between the parts or elements of something complex,,oxford3000,structures,plural
structure,verb,B2,single,give a structure to,,oxford3000,structure,base
structure,verb,B2,single,give a structure to,,oxford3000,structures,third_person
structure,verb,B2,single,give a structure to,,oxford3000,structured,past
structure,verb,B2,single,give a structure to,,oxford3000,structuring,gerund
struggle,noun,B2,single,an energetic attempt to achieve something,,oxford3000,struggle,base
struggle,noun,B2,single,an energetic attempt to achieve something,,oxford3000,struggles,plural
struggle,verb,B2,single,Make forceful or violent efforts to get free of restraint or constriction,,oxford3000,struggle,base
struggle,verb,B2,single,Make forceful or violent efforts to get free of restraint or constriction,,oxford3000,struggles,third_person
struggle,verb,B2,single,Make forceful or violent efforts to get free of restraint or constriction,,oxford3000,struggled,past
struggle,verb,B2,single,Make forceful or violent efforts to get free of restraint or constriction,,oxford3000,struggling,gerund
student,noun,A1,single,A person who is studying at a school or college,,oxford3000,student,base
student,noun,A1,single,A person who is studying at a school or college,,oxford3000,students,plural
studio,noun,B1,single,"A room where an artist, photographer, sculptor, etc., works",,oxford3000,studio,base
studio,noun,B1,single,"A room where an artist, photographer, sculptor, etc., works",,oxford3000,studios,plural
study,noun,A1,single,The devotion of time and attention to acquiring knowledge on an academic subject,,oxford3000,study,base
study,noun,A1,single,The devotion of time and attention to acquiring knowledge on an academic subject,,oxford3000,studies,plural
study,verb,A1,single,consider in detail and subject to an analysis in order to discover essential features or meaning,,oxford3000,study,base
study,verb,A1,single,consider in detail and subject to an analysis in order to discover essential features or meaning,,oxford3000,studies,third_person
study,verb,A1,single,consider in detail and subject to an analysis in order to discover essential features or meaning,,oxford3000,studied,past
study,verb,A1,single,consider in detail and subject to an analysis in order to discover essential features or meaning,,oxford3000,studying,gerund
stuff,noun,B1,single,"Matter, material, articles, or activities of a specified or indeterminate kind that are being referred to, indicated, or implied",,oxford3000,stuff,base
stuff,verb,B2,single,cram into a cavity,,oxford3000,stuff,base
stuff,verb,B2,single,cram into a cavity,,oxford3000,stuffs,third_person
stuff,verb,B2,single,cram into a cavity,,oxford3000,stuffed,past
stuff,verb,B2,single,cram into a cavity,,oxford3000,stuffing,gerund
stupid,adj,A2,single,Lacking intelligence or common sense,,oxford3000,stupid,base
stupid,adj,A2,single,Lacking intelligence or common sense,,oxford3000,stupider,comparative
stupid,adj,A2,single,Lacking intelligence or common sense,,oxford3000,stupidest,superlative
style,noun,A1,single,A manner of doing something,,oxford3000,style,base
style,noun,A1,single,A manner of doing something,,oxford3000,styles,plural
subject,adj,B2,single,possibly accepting or permitting,,oxford3000,subject,base
subject,noun,A1,single,"A person or thing that is being discussed, described, or dealt with",,oxford3000,subject,base
subject,noun,A1,single,"A person or thing that is being discussed, described, or dealt with",,oxford3000,subjects,plural
submit,verb,B2,single,Accept or yield to a superior force or to the authority or will of another person,,oxford3000,submit,base
submit,verb,B2,single,Accept or yield to a superior force or to the authority or will of another person,,oxford3000,submits,third_person
submit,verb,B2,single,Accept or yield to a superior force or to the authority or will of another person,,oxford3000,submitted,past
submit,verb,B2,single,Accept or yield to a superior force or to the authority or will of another person,,oxford3000,submitting,gerund
substance,noun,B1,single,A particular kind of matter with uniform properties,,oxford3000,substance,base
substance,noun,B1,single,A particular kind of matter with uniform properties,,oxford3000,substances,plural
succeed,verb,A2,single,attain success or reach a desired goal,,oxford3000,succeed,base
succeed,verb,A2,single,attain success or reach a desired goal,,oxford3000,succeeds,third_person
succeed,verb,A2,single,attain success or reach a desired goal,,oxford3000,succeeded,past
succeed,verb,A2,single,attain success or reach a desired goal,,oxford3000,succeeding,gerund
success,noun,A1,single,The accomplishment of an aim or purpose,,oxford3000,success,base
success,noun,A1,single,The accomplishment of an aim or purpose,,oxford3000,successes,plural
successful,adj,A2,single,Accomplishing an aim or purpose,,oxford3000,successful,base
successfully,adv,B1,single,In a way that accomplishes the desired aim or result,,oxford3000,successfully,base
such,det,A2,single,Of the type previously mentioned,,oxford3000,such,base
such,pron,A2,single,Of the type previously mentioned,,oxford3000,such,base
sudden,adj,B1,single,Occurring or done quickly and unexpectedly or without warning,,oxford3000,sudden,base
suddenly,adv,A2,single,Quickly and unexpectedly,,oxford3000,suddenly,base
suffer,verb,B1,single,Experience or be subjected to (something bad or unpleasant),,oxford3000,suffer,base
suffer,verb,B1,single,Experience or be subjected to (something bad or unpleasant),,oxford3000,suffers,third_person
suffer,verb,B1,single,Experience or be subjected to (something bad or unpleasant),,oxford3000,suffered,past
suffer,verb,B1,single,Experience or be subjected to (something bad or unpleasant),,oxford3000,suffering,gerund
sugar,noun,A1,single,A sweet crystalline substance obtained from various plants,,oxford3000,sugar,base
sugar,noun,A1,single,A sweet crystalline substance obtained from various plants,,oxford3000,sugars,plural
suggest,verb,A2,single,Put forward for consideration,,oxford3000,suggest,base
suggest,verb,A2,single,Put forward for consideration,,oxford3000,suggests,third_person
suggest,verb,A2,single,Put forward for consideration,,oxford3000,suggested,past
suggest,verb,A2,single,Put forward for consideration,,oxford3000,suggesting,gerund
suggestion,noun,A2,single,An idea or plan put forward for consideration,,oxford3000,suggestion,base
suggestion,noun,A2,single,An idea or plan put forward for consideration,,oxford3000,suggestions,plural
suit,noun,A2,single,"A set of clothes made of the same fabric and designed to be worn together, typically consisting of a jacket and trousers or a jacket and skirt",,oxford3000,suit,base
suit,noun,A2,single,"A set of clothes made of the same fabric and designed to be worn together, typically consisting of a jacket and trousers or a jacket and skirt",,oxford3000,suits,plural
suit,verb,B1,single,be agreeable or acceptable to,,oxford3000,suit,base
suit,verb,B1,single,be agreeable or acceptable to,,oxford3000,suits,third_person
suit,verb,B1,single,be agreeable or acceptable to,,oxford3000,suited,past
suit,verb,B1,single,be agreeable or acceptable to,,oxford3000,suiting,gerund
suitable,adj,B1,single,"Right or appropriate for a particular person, purpose, or situation",,oxford3000,suitable,base
sum,noun,B2,single,"The total amount resulting from the addition of two or more numbers, amounts, or items",,oxford3000,sum,base
sum,noun,B2,single,"The total amount resulting from the addition of two or more numbers, amounts, or items",,oxford3000,sums,plural
sum,verb,B2,single,be a summary of,,oxford3000,sum,base
sum,verb,B2,single,be a summary of,,oxford3000,sums,third_person
sum,verb,B2,single,be a summary of,,oxford3000,summed,past
sum,verb,B2,single,be a summary of,,oxford3000,summing,gerund
summarize,verb,B1,single,give a summary (of),,oxford3000,summarize,base
summarize,verb,B1,single,give a summary (of),,oxford3000,summarizes,third_person
summarize,verb,B1,single,give a summary (of),,oxford3000,summarized,past
summarize,verb,B1,single,give a summary (of),,oxford3000,summarizing,gerund
summary,noun,B1,single,A brief statement or account of the main points of something,,oxford3000,summary,base
summary,noun,B1,single,A brief statement or account of the main points of something,,oxford3000,summaries,plural
summer,noun,A1,single,"The warmest season of the year, in the northern hemisphere from June to August and in the southern hemisphere from December to February",,oxford3000,summer,base
summer,noun,A1,single,"The warmest season of the year, in the northern hemisphere from June to August and in the southern hemisphere from December to February",,oxford3000,summers,plural
sun,noun,A1,single,The star around which the earth orbits,,oxford3000,sun,base
sun,noun,A1,single,The star around which the earth orbits,,oxford3000,suns,plural
sunday,noun,A1,single,The day of the week before Monday and following Saturday,,oxford3000,sunday,base
supermarket,noun,A1,single,a large self-service grocery store selling groceries and dairy products and household goods,,oxford3000,supermarket,base
supermarket,noun,A1,single,a large self-service grocery store selling groceries and dairy products and household goods,,oxford3000,supermarkets,plural
supply,noun,B1,single,an amount of something available for use,,oxford3000,supply,base
supply,noun,B1,single,an amount of something available for use,,oxford3000,supplies,plural
supply,verb,B1,single,Make (something needed or wanted) available to someone; provide,,oxford3000,supply,base
supply,verb,B1,single,Make (something needed or wanted) available to someone; provide,,oxford3000,supplies,third_person
supply,verb,B1,single,Make (something needed or wanted) available to someone; provide,,oxford3000,supplied,past
supply,verb,B1,single,Make (something needed or wanted) available to someone; provide,,oxford3000,supplying,gerund
support,noun,A2,single,the activity of providing for or maintaining by supplying with money or necessities,,oxford3000,support,base
support,noun,A2,single,the activity of providing for or maintaining by supplying with money or necessities,,oxford3000,supports,plural
support,verb,A2,single,Bear all or part of the weight of; hold up,,oxford3000,support,base
support,verb,A2,single,Bear all or part of the weight of; hold up,,oxford3000,supports,third_person
support,verb,A2,single,Bear all or part of the weight of; hold up,,oxford3000,supported,past
support,verb,A2,single,Bear all or part of the weight of; hold up,,oxford3000,supporting,gerund
supporter,noun,B1,single,"A person who approves of and encourages a public figure, political party, policy, etc.",,oxford3000,supporter,base
supporter,noun,B1,single,"A person who approves of and encourages a public figure, political party, policy, etc.",,oxford3000,supporters,plural
suppose,verb,A2,single,Assume that something is the case on the basis of evidence or probability but without proof or certain knowledge,,oxford3000,suppose,base
suppose,verb,A2,single,Assume that something is the case on the basis of evidence or probability but without proof or certain knowledge,,oxford3000,supposes,third_person
suppose,verb,A2,single,Assume that something is the case on the basis of evidence or probability but without proof or certain knowledge,,oxford3000,supposed,past
suppose,verb,A2,single,Assume that something is the case on the basis of evidence or probability but without proof or certain knowledge,,oxford3000,supposing,gerund
sure,adj,A1,single,Confident in what one thinks or knows; having no doubt that one is right,,oxford3000,sure,base
sure,adj,A1,single,Confident in what one thinks or knows; having no doubt that one is right,,oxford3000,surer,comparative
sure,adj,A1,single,Confident in what one thinks or knows; having no doubt that one is right,,oxford3000,surest,superlative
sure,adv,A2,single,definitely or positively (`sure' is sometimes used informally for `surely'),,oxford3000,sure,base
surely,adv,B1,single,Used to emphasize the speaker's firm belief that what they are saying is true and often their surprise that there is any doubt of this,,oxford3000,surely,base
surface,noun,B1,single,The outside part or uppermost layer of something,,oxford3000,surface,base
surface,noun,B1,single,The outside part or uppermost layer of something,,oxford3000,surfaces,plural
surgery,noun,B2,single,the branch of medical science that treats disease or injury by operative procedures,,oxford3000,surgery,base
surgery,noun,B2,single,the branch of medical science that treats disease or injury by operative procedures,,oxford3000,surgeries,plural
surprise,noun,A2,single,the astonishment you feel when something totally unexpected happens to you,,oxford3000,surprise,base
surprise,noun,A2,single,the astonishment you feel when something totally unexpected happens to you,,oxford3000,surprises,plural
surprise,verb,A2,single,cause to be surprised,,oxford3000,surprise,base
surprise,verb,A2,single,cause to be surprised,,oxford3000,surprises,third_person
surprise,verb,A2,single,cause to be surprised,,oxford3000,surprised,past
surprise,verb,A2,single,cause to be surprised,,oxford3000,surprising,gerund
surprised,adj,A2,single,taken unawares or suddenly and feeling wonder or astonishment,,oxford3000,surprised,base
surprising,adj,A2,single,causing surprise or wonder or amazement,,oxford3000,surprising,base
surround,verb,B2,single,Be all around (someone or something),,oxford3000,surround,base
surround,verb,B2,single,Be all around (someone or something),,oxford3000,surrounds,third_person
surround,verb,B2,single,Be all around (someone or something),,oxford3000,surrounded,past
surround,verb,B2,single,Be all around (someone or something),,oxford3000,surrounding,gerund
surrounding,adj,B2,single,All around a particular place or thing,,oxford3000,surrounding,base
survey,noun,A2,single,Investigate the opinions or experience of (a group of people) by asking them questions,,oxford3000,survey,base
survey,noun,A2,single,Investigate the opinions or experience of (a group of people) by asking them questions,,oxford3000,surveys,plural
survey,verb,B2,single,consider in a comprehensive way,,oxford3000,survey,base
survey,verb,B2,single,consider in a comprehensive way,,oxford3000,surveys,third_person
survey,verb,B2,single,consider in a comprehensive way,,oxford3000,surveyed,past
survey,verb,B2,single,consider in a comprehensive way,,oxford3000,surveying,gerund
survive,verb,B1,single,"Continue to live or exist, especially in spite of danger or hardship",,oxford3000,survive,base
survive,verb,B1,single,"Continue to live or exist, especially in spite of danger or hardship",,oxford3000,survives,third_person
survive,verb,B1,single,"Continue to live or exist, especially in spite of danger or hardship",,oxford3000,survived,past
survive,verb,B1,single,"Continue to live or exist, especially in spite of danger or hardship",,oxford3000,surviving,gerund
suspect,noun,B2,single,someone who is under suspicion,,oxford3000,suspect,base
suspect,noun,B2,single,someone who is under suspicion,,oxford3000,suspects,plural
suspect,verb,B2,single,"Have an idea or impression of the existence, presence, or truth of (something) without certain proof",,oxford3000,suspect,base
suspect,verb,B2,single,"Have an idea or impression of the existence, presence, or truth of (something) without certain proof",,oxford3000,suspects,third_person
suspect,verb,B2,single,"Have an idea or impression of the existence, presence, or truth of (something) without certain proof",,oxford3000,suspected,past
suspect,verb,B2,single,"Have an idea or impression of the existence, presence, or truth of (something) without certain proof",,oxford3000,suspecting,gerund
swear,verb,B2,single,Make a solemn statement or promise undertaking to do something or affirming that something is the case,,oxford3000,swear,base
swear,verb,B2,single,Make a solemn statement or promise undertaking to do something or affirming that something is the case,,oxford3000,swears,third_person
swear,verb,B2,single,Make a solemn statement or promise undertaking to do something or affirming that something is the case,,oxford3000,swore,past
swear,verb,B2,single,Make a solemn statement or promise undertaking to do something or affirming that something is the case,,oxford3000,sworn,past_participle
swear,verb,B2,single,Make a solemn statement or promise undertaking to do something or affirming that something is the case,,oxford3000,swearing,gerund
sweater,noun,A1,single,a crocheted or knitted garment covering the upper part of the body,,oxford3000,sweater,base
sweater,noun,A1,single,a crocheted or knitted garment covering the upper part of the body,,oxford3000,sweaters,plural
sweep,verb,B2,single,Clean (an area) by brushing away dirt or litter,,oxford3000,sweep,base
sweep,verb,B2,single,Clean (an area) by brushing away dirt or litter,,oxford3000,sweeps,third_person
sweep,verb,B2,single,Clean (an area) by brushing away dirt or litter,,oxford3000,swept,past
sweep,verb,B2,single,Clean (an area) by brushing away dirt or litter,,oxford3000,sweeping,gerund
sweet,adj,A2,single,"Having the pleasant taste characteristic of sugar or honey; not salty, sour, or bitter",,oxford3000,sweet,base
sweet,adj,A2,single,"Having the pleasant taste characteristic of sugar or honey; not salty, sour, or bitter",,oxford3000,sweeter,comparative
sweet,adj,A2,single,"Having the pleasant taste characteristic of sugar or honey; not salty, sour, or bitter",,oxford3000,sweetest,superlative
sweet,noun,A2,single,English phonetician; one of the founders of modern phonetics (1845-1912),,oxford3000,sweet,base
sweet,noun,A2,single,English phonetician; one of the founders of modern phonetics (1845-1912),,oxford3000,sweets,plural
swim,noun,B1,single,the act of swimming; :,,oxford3000,swim,base
swim,noun,B1,single,the act of swimming; :,,oxford3000,swims,plural
swim,verb,A1,single,Propel the body through water by using the limbs,,oxford3000,swim,base
swim,verb,A1,single,Propel the body through water by using the limbs,,oxford3000,swims,third_person
swim,verb,A1,single,Propel the body through water by using the limbs,,oxford3000,swam,past
swim,verb,A1,single,Propel the body through water by using the limbs,,oxford3000,swum,past_participle
swim,verb,A1,single,Propel the body through water by using the limbs,,oxford3000,swimming,gerund
swimming,noun,A1,single,the act of swimming; :,,oxford3000,swimming,base
switch,noun,B2,single,control consisting of a mechanical or electrical or electronic device for making or breaking or changing the connections in a circuit,,oxford3000,switch,base
switch,noun,B2,single,control consisting of a mechanical or electrical or electronic device for making or breaking or changing the connections in a circuit,,oxford3000,switches,plural
switch,verb,B1,single,"Change the position, direction, or focus of",,oxford3000,switch,base
switch,verb,B1,single,"Change the position, direction, or focus of",,oxford3000,switches,third_person
switch,verb,B1,single,"Change the position, direction, or focus of",,oxford3000,switched,past
switch,verb,B1,single,"Change the position, direction, or focus of",,oxford3000,switching,gerund
symbol,noun,A2,single,"A thing that represents or stands for something else, especially a material object representing something abstract",,oxford3000,symbol,base
symbol,noun,A2,single,"A thing that represents or stands for something else, especially a material object representing something abstract",,oxford3000,symbols,plural
sympathy,noun,B2,single,Feelings of pity and sorrow for someone else's misfortune,,oxford3000,sympathy,base
sympathy,noun,B2,single,Feelings of pity and sorrow for someone else's misfortune,,oxford3000,sympathies,plural
symptom,noun,B1,single,(medicine) any sensation or change in bodily function that is experienced by a patient and is associated with a particular disease,,oxford3000,symptom,base
symptom,noun,B1,single,(medicine) any sensation or change in bodily function that is experienced by a patient and is associated with a particular disease,,oxford3000,symptoms,plural
system,noun,A2,single,A set of connected things or parts forming a complex whole,,oxford3000,system,base
system,noun,A2,single,A set of connected things or parts forming a complex whole,,oxford3000,systems,plural
t-shirt,noun,A1,single,a close-fitting pullover shirt,,oxford3000,t-shirt,base
table,noun,A1,single,"A piece of furniture with a flat top and one or more legs, providing a level surface on which objects may be placed",,oxford3000,table,base
table,noun,A1,single,"A piece of furniture with a flat top and one or more legs, providing a level surface on which objects may be placed",,oxford3000,tables,plural
tablet,noun,A2,single,"A small, flat, rectangular computer that is controlled by touching the screen",,oxford3000,tablet,base
tablet,noun,A2,single,"A small, flat, rectangular computer that is controlled by touching the screen",,oxford3000,tablets,plural
tail,noun,B1,single,"The hindmost part of an animal, especially when prolonged beyond the rest of the body",,oxford3000,tail,base
tail,noun,B1,single,"The hindmost part of an animal, especially when prolonged beyond the rest of the body",,oxford3000,tails,plural
take,verb,A1,single,Lay hold of (something) with one's hands; reach for and hold,,oxford3000,take,base
take,verb,A1,single,Lay hold of (something) with one's hands; reach for and hold,,oxford3000,takes,third_person
take,verb,A1,single,Lay hold of (something) with one's hands; reach for and hold,,oxford3000,took,past
take,verb,A1,single,Lay hold of (something) with one's hands; reach for and hold,,oxford3000,taken,past_participle
take,verb,A1,single,Lay hold of (something) with one's hands; reach for and hold,,oxford3000,taking,gerund
tale,noun,B2,single,a message that tells the particulars of an act or occurrence or course of events; presented in writing or drama or cinema or as a radio or television program,,oxford3000,tale,base
tale,noun,B2,single,a message that tells the particulars of an act or occurrence or course of events; presented in writing or drama or cinema or as a radio or television program,,oxford3000,tales,plural
talent,noun,B1,single,Natural aptitude or skill,,oxford3000,talent,base
talent,noun,B1,single,Natural aptitude or skill,,oxford3000,talents,plural
talented,adj,B1,single,endowed with talent or talents,,oxford3000,talented,base
talk,noun,A2,single,an exchange of ideas via conversation,,oxford3000,talk,base
talk,noun,A2,single,an exchange of ideas via conversation,,oxford3000,talks,plural
talk,verb,A1,single,Speak in order to give information or express ideas or feelings; conversation,,oxford3000,talk,base
talk,verb,A1,single,Speak in order to give information or express ideas or feelings; conversation,,oxford3000,talks,third_person
talk,verb,A1,single,Speak in order to give information or express ideas or feelings; conversation,,oxford3000,talked,past
talk,verb,A1,single,Speak in order to give information or express ideas or feelings; conversation,,oxford3000,talking,gerund
tall,adj,A1,single,Of great or more than average height,,oxford3000,tall,base
tall,adj,A1,single,Of great or more than average height,,oxford3000,taller,comparative
tall,adj,A1,single,Of great or more than average height,,oxford3000,tallest,superlative
tank,noun,B2,single,"A large receptacle or storage chamber, especially for liquid or gas",,oxford3000,tank,base
tank,noun,B2,single,"A large receptacle or storage chamber, especially for liquid or gas",,oxford3000,tanks,plural
tape,noun,B1,single,a long thin piece of cloth or paper as used for binding or fastening,,oxford3000,tape,base
tape,noun,B1,single,a long thin piece of cloth or paper as used for binding or fastening,,oxford3000,tapes,plural
target,noun,A2,single,An object of a person's ambition or effort; a goal,,oxford3000,target,base
target,noun,A2,single,An object of a person's ambition or effort; a goal,,oxford3000,targets,plural
target,verb,B2,single,intend (something) to move towards a certain goal,,oxford3000,target,base
target,verb,B2,single,intend (something) to move towards a certain goal,,oxford3000,targets,third_person
target,verb,B2,single,intend (something) to move towards a certain goal,,oxford3000,targeted,past
target,verb,B2,single,intend (something) to move towards a certain goal,,oxford3000,targetted,past
target,verb,B2,single,intend (something) to move towards a certain goal,,oxford3000,targeting,gerund
target,verb,B2,single,intend (something) to move towards a certain goal,,oxford3000,targetting,gerund
task,noun,A2,single,A piece of work to be done or undertaken,,oxford3000,task,base
task,noun,A2,single,A piece of work to be done or undertaken,,oxford3000,tasks,plural
taste,noun,A2,single,The sensation of flavor perceived in the mouth and throat on contact with a substance,,oxford3000,taste,base
taste,noun,A2,single,The sensation of flavor perceived in the mouth and throat on contact with a substance,,oxford3000,tastes,plural
taste,verb,A2,single,have flavor; taste of something,,oxford3000,taste,base
taste,verb,A2,single,have flavor; taste of something,,oxford3000,tastes,third_person
taste,verb,A2,single,have flavor; taste of something,,oxford3000,tasted,past
taste,verb,A2,single,have flavor; taste of something,,oxford3000,tasting,gerund
tax,noun,B1,single,A compulsory contribution to state revenue,,oxford3000,tax,base
tax,noun,B1,single,A compulsory contribution to state revenue,,oxford3000,taxes,plural
tax,verb,B1,single,levy a tax on,,oxford3000,tax,base
tax,verb,B1,single,levy a tax on,,oxford3000,taxes,third_person
tax,verb,B1,single,levy a tax on,,oxford3000,taxed,past
tax,verb,B1,single,levy a tax on,,oxford3000,taxing,gerund
taxi,noun,A1,single,a car driven by a person whose job is to take passengers where they want to go in exchange for money,,oxford3000,taxi,base
taxi,noun,A1,single,a car driven by a person whose job is to take passengers where they want to go in exchange for money,,oxford3000,taxis,plural
taxi,noun,A1,single,a car driven by a person whose job is to take passengers where they want to go in exchange for money,,oxford3000,taxies,plural
tea,noun,A1,single,"A hot drink made by infusing the dried, crushed leaves of the tea plant in boiling water",,oxford3000,tea,base
tea,noun,A1,single,"A hot drink made by infusing the dried, crushed leaves of the tea plant in boiling water",,oxford3000,teas,plural
teach,verb,A1,single,Show or explain to (someone) how to do something,,oxford3000,teach,base
teach,verb,A1,single,Show or explain to (someone) how to do something,,oxford3000,teaches,third_person
teach,verb,A1,single,Show or explain to (someone) how to do something,,oxford3000,taught,past
teach,verb,A1,single,Show or explain to (someone) how to do something,,oxford3000,teaching,gerund
teacher,noun,A1,single,"A person who teaches, especially in a school",,oxford3000,teacher,base
teacher,noun,A1,single,"A person who teaches, especially in a school",,oxford3000,teachers,plural
teaching,noun,A2,single,"The occupation, profession, or work of a teacher",,oxford3000,teaching,base
teaching,noun,A2,single,"The occupation, profession, or work of a teacher",,oxford3000,teachings,plural
team,noun,A1,single,A group of players forming one side in a competitive game or sport,,oxford3000,team,base
team,noun,A1,single,A group of players forming one side in a competitive game or sport,,oxford3000,teams,plural
tear,noun,B2,single,a drop of the clear salty saline solution secreted by the lacrimal glands,,oxford3000,tear,base
tear,noun,B2,single,a drop of the clear salty saline solution secreted by the lacrimal glands,,oxford3000,tears,plural
tear,verb,B2,single,Pull or rip (something) apart or to pieces with force,,oxford3000,tear,base
tear,verb,B2,single,Pull or rip (something) apart or to pieces with force,,oxford3000,tears,third_person
tear,verb,B2,single,Pull or rip (something) apart or to pieces with force,,oxford3000,tore,past
tear,verb,B2,single,Pull or rip (something) apart or to pieces with force,,oxford3000,teared,past
tear,verb,B2,single,Pull or rip (something) apart or to pieces with force,,oxford3000,torn,past_participle
tear,verb,B2,single,Pull or rip (something) apart or to pieces with force,,oxford3000,tearing,gerund
technical,adj,B1,single,"Relating to a particular subject, art, or craft, or its techniques",,oxford3000,technical,base
technique,noun,B1,single,"A way of carrying out a particular task, especially the execution or performance of an artistic work or a scientific procedure",,oxford3000,technique,base
technique,noun,B1,single,"A way of carrying out a particular task, especially the execution or performance of an artistic work or a scientific procedure",,oxford3000,techniques,plural
technology,noun,A2,single,"The application of scientific knowledge for practical purposes, especially in industry",,oxford3000,technology,base
technology,noun,A2,single,"The application of scientific knowledge for practical purposes, especially in industry",,oxford3000,technologies,plural
teenage,adj,A2,single,being of the age 13 through 19,,oxford3000,teenage,base
teenager,noun,A1,single,a juvenile between the onset of puberty and maturity,,oxford3000,teenager,base
teenager,noun,A1,single,a juvenile between the onset of puberty and maturity,,oxford3000,teenagers,plural
telephone,noun,A1,single,"A system for transmitting voices over a distance using wire or radio, by converting acoustic vibrations to electrical signals",,oxford3000,telephone,base
telephone,noun,A1,single,"A system for transmitting voices over a distance using wire or radio, by converting acoustic vibrations to electrical signals",,oxford3000,telephones,plural
telephone,verb,A1,single,get or try to get into communication (with someone) by telephone,,oxford3000,telephone,base
telephone,verb,A1,single,get or try to get into communication (with someone) by telephone,,oxford3000,telephones,third_person
telephone,verb,A1,single,get or try to get into communication (with someone) by telephone,,oxford3000,telephoned,past
telephone,verb,A1,single,get or try to get into communication (with someone) by telephone,,oxford3000,telephoning,gerund
television,noun,A1,single,"A system for transmitting visual images and sound that are reproduced on screens, chiefly used to broadcast programs for entertainment, information, and education",,oxford3000,television,base
television,noun,A1,single,"A system for transmitting visual images and sound that are reproduced on screens, chiefly used to broadcast programs for entertainment, information, and education",,oxford3000,televisions,plural
tell,verb,A1,single,Communicate information to someone in spoken or written words,,oxford3000,tell,base
tell,verb,A1,single,Communicate information to someone in spoken or written words,,oxford3000,tells,third_person
tell,verb,A1,single,Communicate information to someone in spoken or written words,,oxford3000,told,past
tell,verb,A1,single,Communicate information to someone in spoken or written words,,oxford3000,telling,gerund
temperature,noun,A2,single,The degree or intensity of heat present in a substance or object,,oxford3000,temperature,base
temperature,noun,A2,single,The degree or intensity of heat present in a substance or object,,oxford3000,temperatures,plural
temporary,adj,B2,single,Lasting for only a limited period of time; not permanent,,oxford3000,temporary,base
ten,number,A1,single,,,oxford3000,ten,base
tend,verb,B1,single,Regularly or frequently behave in a particular way or have a certain characteristic,,oxford3000,tend,base
tend,verb,B1,single,Regularly or frequently behave in a particular way or have a certain characteristic,,oxford3000,tends,third_person
tend,verb,B1,single,Regularly or frequently behave in a particular way or have a certain characteristic,,oxford3000,tended,past
tend,verb,B1,single,Regularly or frequently behave in a particular way or have a certain characteristic,,oxford3000,tending,gerund
tennis,noun,A1,single,a game played with rackets by two or four players who hit a ball back and forth over a net that divides the court,,oxford3000,tennis,base
tent,noun,B1,single,"A portable shelter made of cloth, supported by one or more poles and stretched tight by cords attached to pegs driven into the ground",,oxford3000,tent,base
tent,noun,B1,single,"A portable shelter made of cloth, supported by one or more poles and stretched tight by cords attached to pegs driven into the ground",,oxford3000,tents,plural
term,noun,A2,single,"A word or phrase used to describe a thing or to express a concept, especially in a particular kind of language or branch of study",,oxford3000,term,base
term,noun,A2,single,"A word or phrase used to describe a thing or to express a concept, especially in a particular kind of language or branch of study",,oxford3000,terms,plural
term,verb,B2,single,name formally or designate with a term,,oxford3000,term,base
term,verb,B2,single,name formally or designate with a term,,oxford3000,terms,third_person
term,verb,B2,single,name formally or designate with a term,,oxford3000,termed,past
term,verb,B2,single,name formally or designate with a term,,oxford3000,terming,gerund
terrible,adj,A1,single,Extremely bad or serious,,oxford3000,terrible,base
test,noun,A1,single,"A procedure intended to establish the quality, performance, or reliability of something, especially before it is taken into widespread use",,oxford3000,test,base
test,noun,A1,single,"A procedure intended to establish the quality, performance, or reliability of something, especially before it is taken into widespread use",,oxford3000,tests,plural
test,verb,A1,single,"put to the test, as for its quality, or give experimental use to",,oxford3000,test,base
test,verb,A1,single,"put to the test, as for its quality, or give experimental use to",,oxford3000,tests,third_person
test,verb,A1,single,"put to the test, as for its quality, or give experimental use to",,oxford3000,tested,past
test,verb,A1,single,"put to the test, as for its quality, or give experimental use to",,oxford3000,testing,gerund
text,noun,A1,single,"A book or other written or printed work, regarded in terms of its content rather than its physical form",,oxford3000,text,base
text,noun,A1,single,"A book or other written or printed work, regarded in terms of its content rather than its physical form",,oxford3000,texts,plural
text,verb,A2,single,"A book or other written or printed work, regarded in terms of its content rather than its physical form",,oxford3000,text,base
than,conj,A1,single,Used to introduce the second element in a comparison,,oxford3000,than,base
thank,verb,A1,single,Express gratitude to (someone),,oxford3000,thank,base
thank,verb,A1,single,Express gratitude to (someone),,oxford3000,thanks,third_person
thank,verb,A1,single,Express gratitude to (someone),,oxford3000,thanked,past
thank,verb,A1,single,Express gratitude to (someone),,oxford3000,thanking,gerund
thanks,exclam,A1,single,An expression of gratitude,,oxford3000,thanks,base
thanks,noun,A1,single,An expression of gratitude,,oxford3000,thanks,base
that,adv,B1,single,Used to identify a specific person or thing observed by the speaker,,oxford3000,that,base
that,conj,A1,single,Used to identify a specific person or thing observed by the speaker,,oxford3000,that,base
that,det,A1,single,Used to identify a specific person or thing observed by the speaker,,oxford3000,that,base
that,pron,A1,single,Used to identify a specific person or thing observed by the speaker,,oxford3000,that,base
the,det,A1,single,Denoting one or more people or things already mentioned or assumed to be common knowledge,,oxford3000,the,base
theatre,noun,A1,single,A building or outdoor area in which plays and other dramatic performances are given,,oxford3000,theatre,base
theatre,noun,A1,single,A building or outdoor area in which plays and other dramatic performances are given,,oxford3000,theatres,plural
their,det,A1,single,Belonging to or associated with the people or things previously mentioned or easily identified,,oxford3000,their,base
theirs,pron,B1,single,Used to refer to a thing or things belonging to or associated with a person or persons previously mentioned,,oxford3000,theirs,base
them,pron,A1,single,Used as the object of a verb or preposition to refer to two or more people or things previously mentioned or easily identified,,oxford3000,them,base
theme,noun,B1,single,"The subject of a talk, piece of writing, exhibition, etc.; a topic",,oxford3000,theme,base
theme,noun,B1,single,"The subject of a talk, piece of writing, exhibition, etc.; a topic",,oxford3000,themes,plural
themselves,pron,A2,single,Used to emphasize that the subject and object of a verb are the same people,,oxford3000,themselves,base
then,adv,A1,single,At that time; at the time in question,,oxford3000,then,base
theory,noun,B1,single,A supposition or a system of ideas intended to explain something,,oxford3000,theory,base
theory,noun,B1,single,A supposition or a system of ideas intended to explain something,,oxford3000,theories,plural
therapy,noun,B2,single,(medicine) the act of caring for someone (as by medication or remedial training etc.),,oxford3000,therapy,base
therapy,noun,B2,single,(medicine) the act of caring for someone (as by medication or remedial training etc.),,oxford3000,therapies,plural
there,adv,A1,single,"In, at, or to that place or position",,oxford3000,there,base
therefore,adv,B1,single,For that reason; consequently,,oxford3000,therefore,base
they,pron,A1,single,Used to refer to two or more people or things previously mentioned or easily identified,,oxford3000,they,base
thick,adj,A2,single,With opposite sides or surfaces that are a great or relatively great distance apart,,oxford3000,thick,base
thick,adj,A2,single,With opposite sides or surfaces that are a great or relatively great distance apart,,oxford3000,thicker,comparative
thick,adj,A2,single,With opposite sides or surfaces that are a great or relatively great distance apart,,oxford3000,thickest,superlative
thief,noun,A2,single,A person who steals another person's property,,oxford3000,thief,base
thief,noun,A2,single,A person who steals another person's property,,oxford3000,thieves,plural
thin,adj,A2,single,With opposite sides or surfaces that are close together,,oxford3000,thin,base
thin,adj,A2,single,With opposite sides or surfaces that are close together,,oxford3000,thinner,comparative
thin,adj,A2,single,With opposite sides or surfaces that are close together,,oxford3000,thinnest,superlative
thing,noun,A1,single,"An object that one need not, cannot, or does not wish to give a specific name to",,oxford3000,thing,base
thing,noun,A1,single,"An object that one need not, cannot, or does not wish to give a specific name to",,oxford3000,things,plural
think,verb,A1,single,"Have a particular opinion, belief, or idea about someone or something",,oxford3000,think,base
think,verb,A1,single,"Have a particular opinion, belief, or idea about someone or something",,oxford3000,thinks,third_person
think,verb,A1,single,"Have a particular opinion, belief, or idea about someone or something",,oxford3000,thought,past
think,verb,A1,single,"Have a particular opinion, belief, or idea about someone or something",,oxford3000,thinking,gerund
thinking,noun,A2,single,The process of considering or reasoning about something,,oxford3000,thinking,base
third,noun,A2,single,one of three equal parts of a divisible whole,,oxford3000,third,base
third,number,A1,single,Constituting number three in a sequence; 3rd,,oxford3000,third,base
thirsty,adj,A1,single,Feeling a need to drink something,,oxford3000,thirsty,base
thirsty,adj,A1,single,Feeling a need to drink something,,oxford3000,thirstier,comparative
thirsty,adj,A1,single,Feeling a need to drink something,,oxford3000,thirstiest,superlative
thirteen,number,A1,single,"The number equivalent to the sum of ten and three; one more than twelve, or seven less than twenty",,oxford3000,thirteen,base
thirty,number,A1,single,The number equivalent to the product of three and ten; ten less than forty,,oxford3000,thirty,base
this,adv,B1,single,Used to identify a specific person or thing close at hand or being indicated or experienced,,oxford3000,this,base
this,det,A1,single,Used to identify a specific person or thing close at hand or being indicated or experienced,,oxford3000,this,base
this,pron,A1,single,Used to identify a specific person or thing close at hand or being indicated or experienced,,oxford3000,this,base
though,adv,B1,single,(postpositive) however,,oxford3000,though,base
though,conj,B1,single,Despite the fact that; although,,oxford3000,though,base
thought,noun,A2,single,An idea or opinion produced by thinking or occurring suddenly in the mind,,oxford3000,thought,base
thought,noun,A2,single,An idea or opinion produced by thinking or occurring suddenly in the mind,,oxford3000,thoughts,plural
thousand,number,A1,single,The number equivalent to the product of a hundred and ten; 10 × 100,,oxford3000,thousand,base
threat,noun,B2,single,"A statement of an intention to inflict pain, injury, damage, or other hostile action on someone in retribution for something done or not done",,oxford3000,threat,base
threat,noun,B2,single,"A statement of an intention to inflict pain, injury, damage, or other hostile action on someone in retribution for something done or not done",,oxford3000,threats,plural
threaten,verb,B2,single,State one's intention to take hostile action against someone in retribution for something done or not done,,oxford3000,threaten,base
threaten,verb,B2,single,State one's intention to take hostile action against someone in retribution for something done or not done,,oxford3000,threatens,third_person
threaten,verb,B2,single,State one's intention to take hostile action against someone in retribution for something done or not done,,oxford3000,threatened,past
threaten,verb,B2,single,State one's intention to take hostile action against someone in retribution for something done or not done,,oxford3000,threatening,gerund
three,number,A1,single,"The number equivalent to the sum of one and two; one more than two, or seven less than ten; 3",,oxford3000,three,base
throat,noun,B1,single,The passage which leads from the back of the mouth of a person or animal,,oxford3000,throat,base
throat,noun,B1,single,The passage which leads from the back of the mouth of a person or animal,,oxford3000,throats,plural
through,adv,A1,single,from beginning to end,,oxford3000,through,base
through,prep,A1,single,"Moving in one side and out of the other side of (an opening, channel, or location)",,oxford3000,through,base
throughout,adv,B1,single,from first to last,,oxford3000,throughout,base
throughout,prep,B1,single,In every part of (a place or object),,oxford3000,throughout,base
throw,verb,A2,single,Propel (something) with force through the air by a movement of the arm and hand,,oxford3000,throw,base
throw,verb,A2,single,Propel (something) with force through the air by a movement of the arm and hand,,oxford3000,throws,third_person
throw,verb,A2,single,Propel (something) with force through the air by a movement of the arm and hand,,oxford3000,threw,past
throw,verb,A2,single,Propel (something) with force through the air by a movement of the arm and hand,,oxford3000,thrown,past_participle
throw,verb,A2,single,Propel (something) with force through the air by a movement of the arm and hand,,oxford3000,throwing,gerund
thursday,noun,A1,single,The day of the week before Friday and following Wednesday,,oxford3000,thursday,base
thus,adv,B2,single,As a result or consequence of this; therefore,,oxford3000,thus,base
ticket,noun,A1,single,"A slip or piece of paper, cardboard, or plastic, serving as evidence that the holder has paid a fare or admission or is entitled to some service, right, or the like",,oxford3000,ticket,base
ticket,noun,A1,single,"A slip or piece of paper, cardboard, or plastic, serving as evidence that the holder has paid a fare or admission or is entitled to some service, right, or the like",,oxford3000,tickets,plural
tidy,adj,A2,single,Arranged neatly and in order,,oxford3000,tidy,base
tidy,adj,A2,single,Arranged neatly and in order,,oxford3000,tidier,comparative
tidy,adj,A2,single,Arranged neatly and in order,,oxford3000,tidiest,superlative
tidy,verb,A2,single,put (things or places) in order,,oxford3000,tidy,base
tidy,verb,A2,single,put (things or places) in order,,oxford3000,tidies,third_person
tidy,verb,A2,single,put (things or places) in order,,oxford3000,tidied,past
tidy,verb,A2,single,put (things or places) in order,,oxford3000,tidying,gerund
tie,noun,A2,single,neckwear consisting of a long narrow piece of material worn (mostly by men) under a collar and tied in knot at the front,,oxford3000,tie,base
tie,noun,A2,single,neckwear consisting of a long narrow piece of material worn (mostly by men) under a collar and tied in knot at the front,,oxford3000,ties,plural
tie,verb,A2,single,Attach or fasten with string or similar cord,,oxford3000,tie,base
tie,verb,A2,single,Attach or fasten with string or similar cord,,oxford3000,ties,third_person
tie,verb,A2,single,Attach or fasten with string or similar cord,,oxford3000,tied,past
tie,verb,A2,single,Attach or fasten with string or similar cord,,oxford3000,tying,gerund
tie,verb,A2,single,Attach or fasten with string or similar cord,,oxford3000,tieing,gerund
tight,adj,B1,single,"Fixed, fastened, or closed firmly; hard to move, undo, or open",,oxford3000,tight,base
tight,adj,B1,single,"Fixed, fastened, or closed firmly; hard to move, undo, or open",,oxford3000,tighter,comparative
tight,adj,B1,single,"Fixed, fastened, or closed firmly; hard to move, undo, or open",,oxford3000,tightest,superlative
till,conj,B1,single,Up to (the point in time or the event mentioned); until,,oxford3000,till,base
till,prep,B1,single,Up to (the point in time or the event mentioned); until,,oxford3000,till,base
time,noun,A1,single,"The indefinite continued progress of existence and events in the past, present, and future regarded as a whole",,oxford3000,time,base
time,noun,A1,single,"The indefinite continued progress of existence and events in the past, present, and future regarded as a whole",,oxford3000,times,plural
time,verb,B2,single,measure the time or duration of an event or action or the person who performs an action in a certain period of time,,oxford3000,time,base
time,verb,B2,single,measure the time or duration of an event or action or the person who performs an action in a certain period of time,,oxford3000,times,third_person
time,verb,B2,single,measure the time or duration of an event or action or the person who performs an action in a certain period of time,,oxford3000,timed,past
time,verb,B2,single,measure the time or duration of an event or action or the person who performs an action in a certain period of time,,oxford3000,timing,gerund
tin,noun,B1,single,"A silvery-white metal, the chemical element of atomic number 50",,oxford3000,tin,base
tiny,adj,B1,single,Very small,,oxford3000,tiny,base
tiny,adj,B1,single,Very small,,oxford3000,tinier,comparative
tiny,adj,B1,single,Very small,,oxford3000,tiniest,superlative
tip,noun,A2,single,The pointed or rounded end or extremity of something slender or tapering,,oxford3000,tip,base
tip,noun,A2,single,The pointed or rounded end or extremity of something slender or tapering,,oxford3000,tips,plural
tip,verb,B1,single,cause to tilt,,oxford3000,tip,base
tip,verb,B1,single,cause to tilt,,oxford3000,tips,third_person
tip,verb,B1,single,cause to tilt,,oxford3000,tipped,past
tip,verb,B1,single,cause to tilt,,oxford3000,tipping,gerund
tired,adj,A1,single,In need of sleep or rest; weary,,oxford3000,tired,base
title,noun,A1,single,"The name of a book, composition, or other artistic work",,oxford3000,title,base
title,noun,A1,single,"The name of a book, composition, or other artistic work",,oxford3000,titles,plural
title,verb,B2,single,give a title to,,oxford3000,title,base
title,verb,B2,single,give a title to,,oxford3000,titles,third_person
title,verb,B2,single,give a title to,,oxford3000,titled,past
title,verb,B2,single,give a title to,,oxford3000,titling,gerund
to,other,A1,single,Expressing motion in the direction of (a particular location),,oxford3000,to,base
to,prep,A1,single,Expressing motion in the direction of (a particular location),,oxford3000,to,base
today,adv,A1,single,On or in the course of this present day,,oxford3000,today,base
today,noun,A1,single,the present time or age,,oxford3000,today,base
today,noun,A1,single,the present time or age,,oxford3000,todays,plural
toe,noun,B1,single,Any of the five digits at the end of the human foot,,oxford3000,toe,base
toe,noun,B1,single,Any of the five digits at the end of the human foot,,oxford3000,toes,plural
together,adv,A1,single,With or in proximity to another person or people,,oxford3000,together,base
toilet,noun,A1,single,"A fixed receptacle into which a person may urinate or defecate, typically consisting of a large bowl with a seat, connected to a system for flushing away the waste into a sewer",,oxford3000,toilet,base
toilet,noun,A1,single,"A fixed receptacle into which a person may urinate or defecate, typically consisting of a large bowl with a seat, connected to a system for flushing away the waste into a sewer",,oxford3000,toilets,plural
tomato,noun,A1,single,"A glossy red, or occasionally yellow, pulpy edible fruit that is typically eaten as a vegetable or in salad",,oxford3000,tomato,base
tomato,noun,A1,single,"A glossy red, or occasionally yellow, pulpy edible fruit that is typically eaten as a vegetable or in salad",,oxford3000,tomatoes,plural
tomorrow,adv,A1,single,"the next day, the day after, following the present day",,oxford3000,tomorrow,base
tomorrow,noun,A1,single,On the day after today,,oxford3000,tomorrow,base
tomorrow,noun,A1,single,On the day after today,,oxford3000,tomorrows,plural
tone,noun,B2,single,"The general character or attitude of a place, piece of writing, situation, etc.",,oxford3000,tone,base
tone,noun,B2,single,"The general character or attitude of a place, piece of writing, situation, etc.",,oxford3000,tones,plural
tongue,noun,B1,single,"The fleshy muscular organ in the mouth used for tasting, licking, swallowing, and (in humans) articulating speech",,oxford3000,tongue,base
tongue,noun,B1,single,"The fleshy muscular organ in the mouth used for tasting, licking, swallowing, and (in humans) articulating speech",,oxford3000,tongues,plural
tonight,adv,A1,single,during the night of the present day,,oxford3000,tonight,base
tonight,noun,A1,single,On the present or approaching evening or night,,oxford3000,tonight,base
too,adv,A1,single,"To a higher degree than is desirable, permissible, or possible; excessively",,oxford3000,too,base
tool,noun,A2,single,"A device or implement, especially one held in the hand, used to carry out a particular function",,oxford3000,tool,base
tool,noun,A2,single,"A device or implement, especially one held in the hand, used to carry out a particular function",,oxford3000,tools,plural
tooth,noun,A1,single,"Each of a set of hard, bony enamel-coated structures in the jaws of most vertebrates, used for biting and chewing",,oxford3000,tooth,base
tooth,noun,A1,single,"Each of a set of hard, bony enamel-coated structures in the jaws of most vertebrates, used for biting and chewing",,oxford3000,teeth,plural
top,adj,A2,single,situated at the top or highest position,,oxford3000,top,base
top,noun,A2,single,"The highest or uppermost point, part, or surface of something",,oxford3000,top,base
topic,noun,A1,single,"A matter dealt with in a text, discourse, or conversation; a subject",,oxford3000,topic,base
topic,noun,A1,single,"A matter dealt with in a text, discourse, or conversation; a subject",,oxford3000,topics,plural
total,adj,B1,single,Comprising the whole number or amount,,oxford3000,total,base
total,noun,B1,single,the whole amount,,oxford3000,total,base
total,noun,B1,single,the whole amount,,oxford3000,totals,plural
totally,adv,B1,single,Completely; absolutely,,oxford3000,totally,base
touch,noun,B1,single,the event of something coming in contact with the body,,oxford3000,touch,base
touch,noun,B1,single,the event of something coming in contact with the body,,oxford3000,touches,plural
touch,verb,A2,single,Come into or be in contact with,,oxford3000,touch,base
touch,verb,A2,single,Come into or be in contact with,,oxford3000,touches,third_person
touch,verb,A2,single,Come into or be in contact with,,oxford3000,touched,past
touch,verb,A2,single,Come into or be in contact with,,oxford3000,touching,gerund
tough,adj,B2,single,Strong enough to withstand adverse conditions or rough handling,,oxford3000,tough,base
tough,adj,B2,single,Strong enough to withstand adverse conditions or rough handling,,oxford3000,tougher,comparative
tough,adj,B2,single,Strong enough to withstand adverse conditions or rough handling,,oxford3000,toughest,superlative
tour,noun,A2,single,A journey for pleasure in which several different places are visited,,oxford3000,tour,base
tour,noun,A2,single,A journey for pleasure in which several different places are visited,,oxford3000,tours,plural
tour,verb,B1,single,make a tour of a certain place,,oxford3000,tour,base
tour,verb,B1,single,make a tour of a certain place,,oxford3000,tours,third_person
tour,verb,B1,single,make a tour of a certain place,,oxford3000,toured,past
tour,verb,B1,single,make a tour of a certain place,,oxford3000,touring,gerund
tourism,noun,A2,single,the business of providing services to tourists,,oxford3000,tourism,base
tourist,noun,A1,single,A person who is traveling or visiting a place for pleasure,,oxford3000,tourist,base
tourist,noun,A1,single,A person who is traveling or visiting a place for pleasure,,oxford3000,tourists,plural
towards,prep,A2,single,In the direction of,,oxford3000,towards,base
towel,noun,A2,single,A piece of thick absorbent cloth or paper used for drying oneself or wiping things dry,,oxford3000,towel,base
towel,noun,A2,single,A piece of thick absorbent cloth or paper used for drying oneself or wiping things dry,,oxford3000,towels,plural
tower,noun,A2,single,"A tall, narrow building, either free-standing or forming part of a building such as a church or castle",,oxford3000,tower,base
tower,noun,A2,single,"A tall, narrow building, either free-standing or forming part of a building such as a church or castle",,oxford3000,towers,plural
town,noun,A1,single,"A large urban area that has a name, defined boundaries, and local government",,oxford3000,town,base
town,noun,A1,single,"A large urban area that has a name, defined boundaries, and local government",,oxford3000,towns,plural
toy,adj,A2,single,"An object for a child to play with, typically a model or miniature replica of something",,oxford3000,toy,base
toy,noun,A2,single,"An object for a child to play with, typically a model or miniature replica of something",,oxford3000,toy,base
toy,noun,A2,single,"An object for a child to play with, typically a model or miniature replica of something",,oxford3000,toys,plural
track,noun,A2,single,"A rough path or minor road, typically one beaten by use rather than constructed",,oxford3000,track,base
track,noun,A2,single,"A rough path or minor road, typically one beaten by use rather than constructed",,oxford3000,tracks,plural
track,verb,B2,single,carry on the feet and deposit,,oxford3000,track,base
track,verb,B2,single,carry on the feet and deposit,,oxford3000,tracks,third_person
track,verb,B2,single,carry on the feet and deposit,,oxford3000,tracked,past
track,verb,B2,single,carry on the feet and deposit,,oxford3000,tracking,gerund
trade,noun,B1,single,The action of buying and selling goods and services,,oxford3000,trade,base
trade,noun,B1,single,The action of buying and selling goods and services,,oxford3000,trades,plural
trade,verb,B1,single,engage in the trade of,,oxford3000,trade,base
trade,verb,B1,single,engage in the trade of,,oxford3000,trades,third_person
trade,verb,B1,single,engage in the trade of,,oxford3000,traded,past
trade,verb,B1,single,engage in the trade of,,oxford3000,trading,gerund
tradition,noun,A2,single,an inherited pattern of thought or action,,oxford3000,tradition,base
tradition,noun,A2,single,an inherited pattern of thought or action,,oxford3000,traditions,plural
traditional,adj,A2,single,Existing in or as part of a tradition; long-established,,oxford3000,traditional,base
traffic,noun,A1,single,Vehicles moving on a road or public highway,,oxford3000,traffic,base
train,noun,A1,single,A series of railroad cars moved as a unit by a locomotive or by integral motors,,oxford3000,train,base
train,noun,A1,single,A series of railroad cars moved as a unit by a locomotive or by integral motors,,oxford3000,trains,plural
train,verb,A2,single,create by training and teaching,,oxford3000,train,base
train,verb,A2,single,create by training and teaching,,oxford3000,trains,third_person
train,verb,A2,single,create by training and teaching,,oxford3000,trained,past
train,verb,A2,single,create by training and teaching,,oxford3000,training,gerund
trainer,noun,A2,single,one who trains other persons or animals,,oxford3000,trainer,base
trainer,noun,A2,single,one who trains other persons or animals,,oxford3000,trainers,plural
training,noun,A2,single,The action of teaching a person or animal a particular skill or type of behavior,,oxford3000,training,base
training,noun,A2,single,The action of teaching a person or animal a particular skill or type of behavior,,oxford3000,trainings,plural
transfer,noun,B2,single,the act of moving something from one location to another,,oxford3000,transfer,base
transfer,noun,B2,single,the act of moving something from one location to another,,oxford3000,transfers,plural
transfer,verb,B2,single,Move from one place to another,,oxford3000,transfer,base
transfer,verb,B2,single,Move from one place to another,,oxford3000,transfers,third_person
transfer,verb,B2,single,Move from one place to another,,oxford3000,transferred,past
transfer,verb,B2,single,Move from one place to another,,oxford3000,transferring,gerund
transform,verb,B2,single,"Make a thorough or dramatic change in the form, appearance, or character of",,oxford3000,transform,base
transform,verb,B2,single,"Make a thorough or dramatic change in the form, appearance, or character of",,oxford3000,transforms,third_person
transform,verb,B2,single,"Make a thorough or dramatic change in the form, appearance, or character of",,oxford3000,transformed,past
transform,verb,B2,single,"Make a thorough or dramatic change in the form, appearance, or character of",,oxford3000,transforming,gerund
transition,noun,B2,single,the act of passing from one state or place to the next,,oxford3000,transition,base
transition,noun,B2,single,the act of passing from one state or place to the next,,oxford3000,transitions,plural
translate,verb,B1,single,Express the sense of (words or text) in another language,,oxford3000,translate,base
translate,verb,B1,single,Express the sense of (words or text) in another language,,oxford3000,translates,third_person
translate,verb,B1,single,Express the sense of (words or text) in another language,,oxford3000,translated,past
translate,verb,B1,single,Express the sense of (words or text) in another language,,oxford3000,translating,gerund
translation,noun,B1,single,The process of translating words or text from one language into another,,oxford3000,translation,base
translation,noun,B1,single,The process of translating words or text from one language into another,,oxford3000,translations,plural
transport,noun,A2,single,something that serves as a means of transportation,,oxford3000,transport,base
transport,verb,B1,single,"Take or carry (people or goods) from one place to another by means of a vehicle, aircraft, or ship",,oxford3000,transport,base
transport,verb,B1,single,"Take or carry (people or goods) from one place to another by means of a vehicle, aircraft, or ship",,oxford3000,transports,third_person
transport,verb,B1,single,"Take or carry (people or goods) from one place to another by means of a vehicle, aircraft, or ship",,oxford3000,transported,past
transport,verb,B1,single,"Take or carry (people or goods) from one place to another by means of a vehicle, aircraft, or ship",,oxford3000,transporting,gerund
travel,noun,A1,single,the act of going from one place to another,,oxford3000,travel,base
travel,verb,A1,single,"Make a journey, typically of some length or abroad",,oxford3000,travel,base
travel,verb,A1,single,"Make a journey, typically of some length or abroad",,oxford3000,travels,third_person
travel,verb,A1,single,"Make a journey, typically of some length or abroad",,oxford3000,traveled,past
travel,verb,A1,single,"Make a journey, typically of some length or abroad",,oxford3000,travelled,past
travel,verb,A1,single,"Make a journey, typically of some length or abroad",,oxford3000,traveling,gerund
travel,verb,A1,single,"Make a journey, typically of some length or abroad",,oxford3000,travelling,gerund
traveller,noun,A2,single,A person who is traveling or who often travels,,oxford3000,traveller,base
traveller,noun,A2,single,A person who is traveling or who often travels,,oxford3000,travellers,plural
treat,verb,B1,single,Behave toward or deal with in a certain way,,oxford3000,treat,base
treat,verb,B1,single,Behave toward or deal with in a certain way,,oxford3000,treats,third_person
treat,verb,B1,single,Behave toward or deal with in a certain way,,oxford3000,treated,past
treat,verb,B1,single,Behave toward or deal with in a certain way,,oxford3000,treating,gerund
treatment,noun,B1,single,The manner in which someone behaves toward or deals with someone or something,,oxford3000,treatment,base
treatment,noun,B1,single,The manner in which someone behaves toward or deals with someone or something,,oxford3000,treatments,plural
tree,noun,A1,single,"A woody perennial plant, typically having a single stem or trunk growing to a considerable height and bearing lateral branches at some distance from the ground",,oxford3000,tree,base
tree,noun,A1,single,"A woody perennial plant, typically having a single stem or trunk growing to a considerable height and bearing lateral branches at some distance from the ground",,oxford3000,trees,plural
trend,noun,B1,single,A general direction in which something is developing or changing,,oxford3000,trend,base
trend,noun,B1,single,A general direction in which something is developing or changing,,oxford3000,trends,plural
trial,noun,B2,single,"A formal examination of evidence before a judge, and typically before a jury, in order to decide guilt in a case of criminal or civil proceedings",,oxford3000,trial,base
trial,noun,B2,single,"A formal examination of evidence before a judge, and typically before a jury, in order to decide guilt in a case of criminal or civil proceedings",,oxford3000,trials,plural
trick,noun,B1,single,A cunning or skillful act or scheme intended to deceive or outwit someone,,oxford3000,trick,base
trick,noun,B1,single,A cunning or skillful act or scheme intended to deceive or outwit someone,,oxford3000,tricks,plural
trick,verb,B1,single,deceive somebody,,oxford3000,trick,base
trick,verb,B1,single,deceive somebody,,oxford3000,tricks,third_person
trick,verb,B1,single,deceive somebody,,oxford3000,tricked,past
trick,verb,B1,single,deceive somebody,,oxford3000,tricking,gerund
trip,noun,A1,single,"A journey or excursion, especially for pleasure",,oxford3000,trip,base
trip,noun,A1,single,"A journey or excursion, especially for pleasure",,oxford3000,trips,plural
trip,verb,B2,single,miss a step and fall or nearly fall,,oxford3000,trip,base
trip,verb,B2,single,miss a step and fall or nearly fall,,oxford3000,trips,third_person
trip,verb,B2,single,miss a step and fall or nearly fall,,oxford3000,tripped,past
trip,verb,B2,single,miss a step and fall or nearly fall,,oxford3000,tripping,gerund
tropical,adj,B2,single,"Of, typical of, or peculiar to the tropics",,oxford3000,tropical,base
trouble,noun,A2,single,Difficulty or problems that cause distress or worry,,oxford3000,trouble,base
trouble,noun,A2,single,Difficulty or problems that cause distress or worry,,oxford3000,troubles,plural
trouble,verb,B2,single,move deeply,,oxford3000,trouble,base
trouble,verb,B2,single,move deeply,,oxford3000,troubles,third_person
trouble,verb,B2,single,move deeply,,oxford3000,troubled,past
trouble,verb,B2,single,move deeply,,oxford3000,troubling,gerund
trousers,noun,A1,single,"An outer garment covering the body from the waist to the ankles, with a separate part for each leg",,oxford3000,trousers,base
truck,noun,A2,single,"A large, heavy motor vehicle for transporting goods or troops",,oxford3000,truck,base
truck,noun,A2,single,"A large, heavy motor vehicle for transporting goods or troops",,oxford3000,trucks,plural
true,adj,A1,single,In accordance with fact or reality,,oxford3000,true,base
true,adj,A1,single,In accordance with fact or reality,,oxford3000,trueer,comparative
true,adj,A1,single,In accordance with fact or reality,,oxford3000,truest,superlative
truly,adv,B2,single,in accordance with truth or fact or reality,,oxford3000,truly,base
trust,noun,B2,single,"Firm belief in the reliability, truth, or ability of someone or something",,oxford3000,trust,base
trust,noun,B2,single,"Firm belief in the reliability, truth, or ability of someone or something",,oxford3000,trusts,plural
trust,verb,B2,single,have confidence or faith in,,oxford3000,trust,base
trust,verb,B2,single,have confidence or faith in,,oxford3000,trusts,third_person
trust,verb,B2,single,have confidence or faith in,,oxford3000,trusted,past
trust,verb,B2,single,have confidence or faith in,,oxford3000,trusting,gerund
truth,noun,B1,single,The quality or state of being true,,oxford3000,truth,base
truth,noun,B1,single,The quality or state of being true,,oxford3000,truths,plural
try,noun,B2,single,earnest and conscientious activity intended to do or accomplish something,,oxford3000,try,base
try,noun,B2,single,earnest and conscientious activity intended to do or accomplish something,,oxford3000,tries,plural
try,verb,A1,single,Make an attempt or effort to do something,,oxford3000,try,base
try,verb,A1,single,Make an attempt or effort to do something,,oxford3000,tries,third_person
try,verb,A1,single,Make an attempt or effort to do something,,oxford3000,tried,past
try,verb,A1,single,Make an attempt or effort to do something,,oxford3000,trying,gerund
tube,noun,B1,single,"A long, hollow cylinder used to convey fluids or gases",,oxford3000,tube,base
tube,noun,B1,single,"A long, hollow cylinder used to convey fluids or gases",,oxford3000,tubes,plural
tuesday,noun,A1,single,The day of the week before Wednesday and following Monday,,oxford3000,tuesday,base
tune,noun,B2,single,"A melody, especially one which characterizes a certain piece of music",,oxford3000,tune,base
tune,noun,B2,single,"A melody, especially one which characterizes a certain piece of music",,oxford3000,tunes,plural
tunnel,noun,B2,single,"An artificial underground passage, especially one built through a hill or under a building, road, or river",,oxford3000,tunnel,base
tunnel,noun,B2,single,"An artificial underground passage, especially one built through a hill or under a building, road, or river",,oxford3000,tunnels,plural
turn,noun,A1,single,a circular segment of a curve,,oxford3000,turn,base
turn,noun,A1,single,a circular segment of a curve,,oxford3000,turns,plural
turn,verb,A1,single,Move in a circular direction wholly or partly around an axis or point,,oxford3000,turn,base
turn,verb,A1,single,Move in a circular direction wholly or partly around an axis or point,,oxford3000,turns,third_person
turn,verb,A1,single,Move in a circular direction wholly or partly around an axis or point,,oxford3000,turned,past
turn,verb,A1,single,Move in a circular direction wholly or partly around an axis or point,,oxford3000,turning,gerund
tv,noun,A1,single,A device that receives television signals and displays them on a screen,,oxford3000,tv,base
twelve,number,A1,single,The number equivalent to the product of three and four; two more than ten; 12,,oxford3000,twelve,base
twenty,number,A1,single,The number equivalent to the product of four and five; ten more than ten; 20,,oxford3000,twenty,base
twice,adv,A1,single,Two times; on two occasions,,oxford3000,twice,base
twin,adj,A2,single,being two identical,,oxford3000,twin,base
twin,noun,A2,single,One of two children or animals born at the same birth,,oxford3000,twin,base
twin,noun,A2,single,One of two children or animals born at the same birth,,oxford3000,twins,plural
two,number,A1,single,The number equivalent to the sum of one and one; one less than three; 2,,oxford3000,two,base
type,noun,A1,single,A category of people or things having common characteristics,,oxford3000,type,base
type,noun,A1,single,A category of people or things having common characteristics,,oxford3000,types,plural
type,verb,B1,single,write by means of a keyboard with types,,oxford3000,type,base
type,verb,B1,single,write by means of a keyboard with types,,oxford3000,types,third_person
type,verb,B1,single,write by means of a keyboard with types,,oxford3000,typed,past
type,verb,B1,single,write by means of a keyboard with types,,oxford3000,typing,gerund
typical,adj,A2,single,Having the distinctive qualities of a particular type of person or thing,,oxford3000,typical,base
typically,adv,B1,single,In most cases; usually,,oxford3000,typically,base
tyre,noun,B1,single,"A rubber covering, typically inflated or surrounding an inflated inner tube, placed around a wheel to form a flexible contact with the road",,oxford3000,tyre,base
tyre,noun,B1,single,"A rubber covering, typically inflated or surrounding an inflated inner tube, placed around a wheel to form a flexible contact with the road",,oxford3000,tyres,plural
ugly,adj,B1,single,"Unpleasant or repulsive, especially in appearance",,oxford3000,ugly,base
ugly,adj,B1,single,"Unpleasant or repulsive, especially in appearance",,oxford3000,uglier,comparative
ugly,adj,B1,single,"Unpleasant or repulsive, especially in appearance",,oxford3000,ugliest,superlative
ultimately,adv,B2,single,Finally; in the end,,oxford3000,ultimately,base
umbrella,noun,A1,single,"A device consisting of a circular canopy of cloth on a folding metal frame supported by a central rod, used as protection against rain or sometimes sun",,oxford3000,umbrella,base
umbrella,noun,A1,single,"A device consisting of a circular canopy of cloth on a folding metal frame supported by a central rod, used as protection against rain or sometimes sun",,oxford3000,umbrellas,plural
unable,adj,B1,single,"Lacking the skill, means, or opportunity to do something",,oxford3000,unable,base
uncle,noun,A1,single,The brother of one's father or mother or the husband of one's aunt,,oxford3000,uncle,base
uncle,noun,A1,single,The brother of one's father or mother or the husband of one's aunt,,oxford3000,uncles,plural
uncomfortable,adj,B1,single,Causing or feeling slight pain or physical discomfort,,oxford3000,uncomfortable,base
unconscious,adj,B2,single,Not awake and aware of and responding to one's environment,,oxford3000,unconscious,base
under,adv,A1,single,"down to defeat, death, or ruin",,oxford3000,under,base
under,prep,A1,single,Extending or directly below,,oxford3000,under,base
underground,adj,A2,single,Situated beneath the surface of the ground,,oxford3000,underground,base
underground,adv,A2,single,in or into hiding or secret operation,,oxford3000,underground,base
understand,verb,A1,single,"Perceive the intended meaning of (words, a language, or a speaker)",,oxford3000,understand,base
understand,verb,A1,single,"Perceive the intended meaning of (words, a language, or a speaker)",,oxford3000,understands,third_person
understand,verb,A1,single,"Perceive the intended meaning of (words, a language, or a speaker)",,oxford3000,understood,past
understand,verb,A1,single,"Perceive the intended meaning of (words, a language, or a speaker)",,oxford3000,understanding,gerund
understanding,noun,A2,single,The ability to understand something; comprehension,,oxford3000,understanding,base
understanding,noun,A2,single,The ability to understand something; comprehension,,oxford3000,understandings,plural
underwear,noun,B1,single,"Clothes worn under other clothes, typically next to the skin",,oxford3000,underwear,base
unemployed,adj,B1,single,Without a paid job but available to work,,oxford3000,unemployed,base
unemployment,noun,B1,single,The state of being unemployed,,oxford3000,unemployment,base
unexpected,adj,B2,single,Not expected or regarded as likely to happen,,oxford3000,unexpected,base
unfair,adj,B1,single,Not based on or behaving according to the principles of equality and justice,,oxford3000,unfair,base
unfortunately,adv,A2,single,It is unfortunate that,,oxford3000,unfortunately,base
unhappy,adj,A2,single,Not happy,,oxford3000,unhappy,base
unhappy,adj,A2,single,Not happy,,oxford3000,unhappier,comparative
unhappy,adj,A2,single,Not happy,,oxford3000,unhappiest,superlative
uniform,noun,A2,single,The distinctive clothing worn by members of the same organization or body or by children attending certain schools,,oxford3000,uniform,base
uniform,noun,A2,single,The distinctive clothing worn by members of the same organization or body or by children attending certain schools,,oxford3000,uniforms,plural
union,noun,B1,single,An organized association of workers formed to protect and further their rights and interests; a labor union,,oxford3000,union,base
union,noun,B1,single,An organized association of workers formed to protect and further their rights and interests; a labor union,,oxford3000,unions,plural
unique,adj,B2,single,Being the only one of its kind; unlike anything else,,oxford3000,unique,base
unit,noun,A2,single,An individual thing or person regarded as single and complete but which can also form an individual component of a larger or more complex whole,,oxford3000,unit,base
unit,noun,A2,single,An individual thing or person regarded as single and complete but which can also form an individual component of a larger or more complex whole,,oxford3000,units,plural
united,adj,A2,single,"Joined together politically, for a common purpose, or by common feelings",,oxford3000,united,base
universe,noun,B2,single,All existing matter and space considered as a whole; the cosmos,,oxford3000,universe,base
universe,noun,B2,single,All existing matter and space considered as a whole; the cosmos,,oxford3000,universes,plural
university,noun,A1,single,"An educational institution designed for instruction, examination, or both, of students in many branches of advanced learning, conferring degrees in various faculties, and often embodying colleges and similar institutions",,oxford3000,university,base
university,noun,A1,single,"An educational institution designed for instruction, examination, or both, of students in many branches of advanced learning, conferring degrees in various faculties, and often embodying colleges and similar institutions",,oxford3000,universities,plural
unknown,adj,B2,single,Not known or familiar,,oxford3000,unknown,base
unless,conj,B1,single,Except if (used to introduce the case in which a statement being made is not true or valid),,oxford3000,unless,base
unlike,prep,B1,single,Different from; not similar to,,oxford3000,unlike,base
unlikely,adj,B1,single,"Not likely to happen, be done, or be true; improbable",,oxford3000,unlikely,base
unlikely,adj,B1,single,"Not likely to happen, be done, or be true; improbable",,oxford3000,unlikelier,comparative
unlikely,adj,B1,single,"Not likely to happen, be done, or be true; improbable",,oxford3000,unlikeliest,superlative
unnecessary,adj,B1,single,Not needed,,oxford3000,unnecessary,base
unpleasant,adj,B1,single,"Causing discomfort, unhappiness, or revulsion; disagreeable",,oxford3000,unpleasant,base
until,conj,A1,single,Up to (the point in time or the event mentioned),,oxford3000,until,base
until,prep,A1,single,Up to (the point in time or the event mentioned),,oxford3000,until,base
unusual,adj,A2,single,Not habitually or commonly occurring or done,,oxford3000,unusual,base
up,adv,A1,single,Towards a higher place or position,,oxford3000,up,base
up,prep,A1,single,Towards a higher place or position,,oxford3000,up,base
update,noun,B1,single,news that updates your information,,oxford3000,update,base
update,noun,B1,single,news that updates your information,,oxford3000,updates,plural
update,verb,B1,single,modernize or bring up to date,,oxford3000,update,base
update,verb,B1,single,modernize or bring up to date,,oxford3000,updates,third_person
update,verb,B1,single,modernize or bring up to date,,oxford3000,updated,past
update,verb,B1,single,modernize or bring up to date,,oxford3000,updating,gerund
upon,prep,B1,single,"More formal term for on, especially in abstract senses",,oxford3000,upon,base
upper,adj,B2,single,Situated above another part,,oxford3000,upper,base
upset,adj,B1,single,afflicted with or marked by anxious uneasiness or trouble or grief,,oxford3000,upset,base
upset,verb,B1,single,"Make (someone) unhappy, disappointed, or worried",,oxford3000,upset,base
upset,verb,B1,single,"Make (someone) unhappy, disappointed, or worried",,oxford3000,upsets,third_person
upset,verb,B1,single,"Make (someone) unhappy, disappointed, or worried",,oxford3000,upsetting,gerund
upstairs,adj,A2,single,on or of upper floors of a building,,oxford3000,upstairs,base
upstairs,adv,A1,single,On or to an upper floor of a building,,oxford3000,upstairs,base
upwards,adv,B2,single,Towards a higher place or position,,oxford3000,upwards,base
urban,adj,B2,single,"In, relating to, or characteristic of a city or town",,oxford3000,urban,base
urge,verb,B2,single,Try earnestly or persistently to persuade (someone) to do something,,oxford3000,urge,base
urge,verb,B2,single,Try earnestly or persistently to persuade (someone) to do something,,oxford3000,urges,third_person
urge,verb,B2,single,Try earnestly or persistently to persuade (someone) to do something,,oxford3000,urged,past
urge,verb,B2,single,Try earnestly or persistently to persuade (someone) to do something,,oxford3000,urging,gerund
us,pron,A1,single,Referring to the speaker and one or more other people as the object of a verb or preposition,,oxford3000,us,base
use,noun,A2,single,the act of using,,oxford3000,use,base
use,noun,A2,single,the act of using,,oxford3000,uses,plural
use,verb,A1,single,"Take, hold, or deploy (something) as a means of accomplishing a purpose or achieving a result",,oxford3000,use,base
use,verb,A1,single,"Take, hold, or deploy (something) as a means of accomplishing a purpose or achieving a result",,oxford3000,uses,third_person
use,verb,A1,single,"Take, hold, or deploy (something) as a means of accomplishing a purpose or achieving a result",,oxford3000,used,past
use,verb,A1,single,"Take, hold, or deploy (something) as a means of accomplishing a purpose or achieving a result",,oxford3000,using,gerund
used,adj,B1,single,Accustomed to or in the habit of,,oxford3000,used,base
used to,verb,A2,phrase,"Accustomed, habituated",,oxford3000,used to,base
useful,adj,A1,single,Able to be used for a practical purpose or in several ways,,oxford3000,useful,base
user,noun,A2,single,A person who uses or operates something,,oxford3000,user,base
user,noun,A2,single,A person who uses or operates something,,oxford3000,users,plural
usual,adj,A2,single,Habitually or typically occurring or done; customary,,oxford3000,usual,base
usually,adv,A1,single,Under normal conditions; generally,,oxford3000,usually,base
vacation,noun,A1,single,"An extended period of leisure and recreation, especially one spent away from home or traveling",,oxford3000,vacation,base
vacation,noun,A1,single,"An extended period of leisure and recreation, especially one spent away from home or traveling",,oxford3000,vacations,plural
valley,noun,A2,single,"A low area of land between hills or mountains, typically with a river or stream flowing through it",,oxford3000,valley,base
valley,noun,A2,single,"A low area of land between hills or mountains, typically with a river or stream flowing through it",,oxford3000,valleys,plural
valuable,adj,B1,single,Worth a great deal of money or highly important,,oxford3000,valuable,base
value,noun,B1,single,"The regard that something is held to deserve; the importance, worth, or usefulness of something",,oxford3000,value,base
value,noun,B1,single,"The regard that something is held to deserve; the importance, worth, or usefulness of something",,oxford3000,values,plural
value,verb,B2,single,fix or determine the value of; assign a value to,,oxford3000,value,base
value,verb,B2,single,fix or determine the value of; assign a value to,,oxford3000,values,third_person
value,verb,B2,single,fix or determine the value of; assign a value to,,oxford3000,valued,past
value,verb,B2,single,fix or determine the value of; assign a value to,,oxford3000,valuing,gerund
van,noun,A2,single,"A medium-sized motor vehicle with a boxy shape, typically used for transporting goods or people",,oxford3000,van,base
van,noun,A2,single,"A medium-sized motor vehicle with a boxy shape, typically used for transporting goods or people",,oxford3000,vans,plural
variety,noun,A2,single,A number or range of things of the same general class that are distinct in character or quality,,oxford3000,variety,base
variety,noun,A2,single,A number or range of things of the same general class that are distinct in character or quality,,oxford3000,varieties,plural
various,adj,B1,single,Different from one another; of different kinds or sorts,,oxford3000,various,base
vary,verb,B2,single,"Differ in size, amount, degree, or nature from something else of the same general class",,oxford3000,vary,base
vary,verb,B2,single,"Differ in size, amount, degree, or nature from something else of the same general class",,oxford3000,varies,third_person
vary,verb,B2,single,"Differ in size, amount, degree, or nature from something else of the same general class",,oxford3000,varied,past
vary,verb,B2,single,"Differ in size, amount, degree, or nature from something else of the same general class",,oxford3000,varying,gerund
vast,adj,B2,single,Of very great extent or quantity; immense,,oxford3000,vast,base
vast,adj,B2,single,Of very great extent or quantity; immense,,oxford3000,vaster,comparative
vast,adj,B2,single,Of very great extent or quantity; immense,,oxford3000,vastest,superlative
vegetable,noun,A1,single,"A plant or part of a plant used as food, typically as accompaniment to meat or fish",,oxford3000,vegetable,base
vegetable,noun,A1,single,"A plant or part of a plant used as food, typically as accompaniment to meat or fish",,oxford3000,vegetables,plural
vehicle,noun,A2,single,"A thing used for transporting people or goods, especially on land, such as a car, truck, or cart",,oxford3000,vehicle,base
vehicle,noun,A2,single,"A thing used for transporting people or goods, especially on land, such as a car, truck, or cart",,oxford3000,vehicles,plural
venue,noun,B2,single,the scene of any event or action (especially the place of a meeting),,oxford3000,venue,base
venue,noun,B2,single,the scene of any event or action (especially the place of a meeting),,oxford3000,venues,plural
version,noun,B1,single,A particular form of something differing in certain respects from an earlier form or other forms of the same type of thing,,oxford3000,version,base
version,noun,B1,single,A particular form of something differing in certain respects from an earlier form or other forms of the same type of thing,,oxford3000,versions,plural
very,adj,B2,single,precisely as stated,,oxford3000,very,base
very,adv,A1,single,To a high degree,,oxford3000,very,base
via,prep,B2,single,Traveling through (a place) en route to a destination,,oxford3000,via,base
victim,noun,B1,single,"A person harmed, injured, or killed as a result of a crime, accident, or other event or action",,oxford3000,victim,base
victim,noun,B1,single,"A person harmed, injured, or killed as a result of a crime, accident, or other event or action",,oxford3000,victims,plural
victory,noun,B2,single,"An act of defeating an enemy or opponent in a battle, game, or other competition",,oxford3000,victory,base
victory,noun,B2,single,"An act of defeating an enemy or opponent in a battle, game, or other competition",,oxford3000,victories,plural
video,noun,A1,single,A recording of moving visual images made digitally or on videotape,,oxford3000,video,base
video,noun,A1,single,A recording of moving visual images made digitally or on videotape,,oxford3000,videos,plural
view,noun,A2,single,The ability to see something or to be seen from a particular place,,oxford3000,view,base
view,noun,A2,single,The ability to see something or to be seen from a particular place,,oxford3000,views,plural
view,verb,B1,single,deem to be,,oxford3000,view,base
view,verb,B1,single,deem to be,,oxford3000,views,third_person
view,verb,B1,single,deem to be,,oxford3000,viewed,past
view,verb,B1,single,deem to be,,oxford3000,viewing,gerund
viewer,noun,B1,single,a close observer; someone who looks at something (such as an exhibition of some kind),,oxford3000,viewer,base
viewer,noun,B1,single,a close observer; someone who looks at something (such as an exhibition of some kind),,oxford3000,viewers,plural
village,noun,A1,single,"A group of houses and associated buildings, larger than a hamlet and smaller than a town, situated in a rural area",,oxford3000,village,base
village,noun,A1,single,"A group of houses and associated buildings, larger than a hamlet and smaller than a town, situated in a rural area",,oxford3000,villages,plural
violence,noun,B2,single,"Behavior involving physical force intended to hurt, damage, or kill someone or something",,oxford3000,violence,base
violent,adj,B1,single,"Using or involving physical force intended to hurt, damage, or kill someone or something",,oxford3000,violent,base
virtual,adj,B2,single,being actually such in almost every respect,,oxford3000,virtual,base
virus,noun,A2,single,"An infective agent that typically consists of a nucleic acid molecule in a protein coat, is too small to be seen by light microscopy, and is able to multiply only within the living cells of a host",,oxford3000,virus,base
virus,noun,A2,single,"An infective agent that typically consists of a nucleic acid molecule in a protein coat, is too small to be seen by light microscopy, and is able to multiply only within the living cells of a host",,oxford3000,viruses,plural
vision,noun,B2,single,The faculty or state of being able to see,,oxford3000,vision,base
vision,noun,B2,single,The faculty or state of being able to see,,oxford3000,visions,plural
visit,noun,A1,single,the act of going to see some person or place or thing for a short time,,oxford3000,visit,base
visit,noun,A1,single,the act of going to see some person or place or thing for a short time,,oxford3000,visits,plural
visit,verb,A1,single,Go to see and spend time with (someone) socially,,oxford3000,visit,base
visit,verb,A1,single,Go to see and spend time with (someone) socially,,oxford3000,visits,third_person
visit,verb,A1,single,Go to see and spend time with (someone) socially,,oxford3000,visited,past
visit,verb,A1,single,Go to see and spend time with (someone) socially,,oxford3000,visiting,gerund
visitor,noun,A1,single,"A person visiting a person or place, especially socially or as a tourist",,oxford3000,visitor,base
visitor,noun,A1,single,"A person visiting a person or place, especially socially or as a tourist",,oxford3000,visitors,plural
visual,adj,B2,single,relating to or using sight,,oxford3000,visual,base
vital,adj,B2,single,Absolutely necessary or important; essential,,oxford3000,vital,base
vitamin,noun,B2,single,any of a group of organic substances essential in small quantities to normal metabolism,,oxford3000,vitamin,base
vitamin,noun,B2,single,any of a group of organic substances essential in small quantities to normal metabolism,,oxford3000,vitamins,plural
voice,noun,A2,single,"The sound produced in a person's larynx and uttered through the mouth, as speech or song",,oxford3000,voice,base
voice,noun,A2,single,"The sound produced in a person's larynx and uttered through the mouth, as speech or song",,oxford3000,voices,plural
volume,noun,B2,single,A book forming part of a work or series,,oxford3000,volume,base
volume,noun,B2,single,A book forming part of a work or series,,oxford3000,volumes,plural
volunteer,noun,B1,single,(military) a person who freely enlists for service,,oxford3000,volunteer,base
volunteer,noun,B1,single,(military) a person who freely enlists for service,,oxford3000,volunteers,plural
volunteer,verb,B1,single,tell voluntarily,,oxford3000,volunteer,base
volunteer,verb,B1,single,tell voluntarily,,oxford3000,volunteers,third_person
volunteer,verb,B1,single,tell voluntarily,,oxford3000,volunteered,past
volunteer,verb,B1,single,tell voluntarily,,oxford3000,volunteering,gerund
vote,noun,B1,single,"A formal indication of a choice between two or more candidates or courses of action, expressed typically through a ballot or a show of hands",,oxford3000,vote,base
vote,noun,B1,single,"A formal indication of a choice between two or more candidates or courses of action, expressed typically through a ballot or a show of hands",,oxford3000,votes,plural
vote,verb,B1,single,express one's preference for a candidate or for a measure or resolution; cast a vote,,oxford3000,vote,base
vote,verb,B1,single,express one's preference for a candidate or for a measure or resolution; cast a vote,,oxford3000,votes,third_person
vote,verb,B1,single,express one's preference for a candidate or for a measure or resolution; cast a vote,,oxford3000,voted,past
vote,verb,B1,single,express one's preference for a candidate or for a measure or resolution; cast a vote,,oxford3000,voting,gerund
wage,noun,B2,single,"A fixed regular payment earned for work or services, typically paid on a daily or weekly basis",,oxford3000,wage,base
wage,noun,B2,single,"A fixed regular payment earned for work or services, typically paid on a daily or weekly basis",,oxford3000,wages,plural
wait,noun,A2,single,time during which some action is awaited,,oxford3000,wait,base
wait,noun,A2,single,time during which some action is awaited,,oxford3000,waits,plural
wait,verb,A1,single,Stay where one is or delay action until a particular time or event,,oxford3000,wait,base
wait,verb,A1,single,Stay where one is or delay action until a particular time or event,,oxford3000,waits,third_person
wait,verb,A1,single,Stay where one is or delay action until a particular time or event,,oxford3000,waited,past
wait,verb,A1,single,Stay where one is or delay action until a particular time or event,,oxford3000,waiting,gerund
waiter,noun,A1,single,A man whose job is to serve customers at their tables in a restaurant,,oxford3000,waiter,base
waiter,noun,A1,single,A man whose job is to serve customers at their tables in a restaurant,,oxford3000,waiters,plural
wake,verb,A1,single,Emerge or cause to emerge from a state of sleep,,oxford3000,wake,base
wake,verb,A1,single,Emerge or cause to emerge from a state of sleep,,oxford3000,wakes,third_person
wake,verb,A1,single,Emerge or cause to emerge from a state of sleep,,oxford3000,woke,past
wake,verb,A1,single,Emerge or cause to emerge from a state of sleep,,oxford3000,waked,past
wake,verb,A1,single,Emerge or cause to emerge from a state of sleep,,oxford3000,woken,past_participle
wake,verb,A1,single,Emerge or cause to emerge from a state of sleep,,oxford3000,waking,gerund
walk,noun,A1,single,the act of traveling by foot,,oxford3000,walk,base
walk,noun,A1,single,the act of traveling by foot,,oxford3000,walks,plural
walk,verb,A1,single,Move at a regular pace by lifting and setting down each foot in turn,,oxford3000,walk,base
walk,verb,A1,single,Move at a regular pace by lifting and setting down each foot in turn,,oxford3000,walks,third_person
walk,verb,A1,single,Move at a regular pace by lifting and setting down each foot in turn,,oxford3000,walked,past
walk,verb,A1,single,Move at a regular pace by lifting and setting down each foot in turn,,oxford3000,walking,gerund
wall,noun,A1,single,A continuous vertical brick or stone structure that encloses or divides an area of land,,oxford3000,wall,base
wall,noun,A1,single,A continuous vertical brick or stone structure that encloses or divides an area of land,,oxford3000,walls,plural
want,verb,A1,single,Have a desire to possess or do (something); wish for,,oxford3000,want,base
want,verb,A1,single,Have a desire to possess or do (something); wish for,,oxford3000,wants,third_person
want,verb,A1,single,Have a desire to possess or do (something); wish for,,oxford3000,wanted,past
want,verb,A1,single,Have a desire to possess or do (something); wish for,,oxford3000,wanting,gerund
war,noun,A2,single,A state of armed conflict between different countries or different groups within a country,,oxford3000,war,base
war,noun,A2,single,A state of armed conflict between different countries or different groups within a country,,oxford3000,wars,plural
warm,adj,A1,single,Of or at a fairly or comfortably high temperature,,oxford3000,warm,base
warm,adj,A1,single,Of or at a fairly or comfortably high temperature,,oxford3000,warmer,comparative
warm,adj,A1,single,Of or at a fairly or comfortably high temperature,,oxford3000,warmest,superlative
warm,verb,B1,single,get warm or warmer,,oxford3000,warm,base
warm,verb,B1,single,get warm or warmer,,oxford3000,warms,third_person
warm,verb,B1,single,get warm or warmer,,oxford3000,warmed,past
warm,verb,B1,single,get warm or warmer,,oxford3000,warming,gerund
warn,verb,B1,single,"Inform someone in advance of an impending or possible danger, problem, or other unpleasant situation",,oxford3000,warn,base
warn,verb,B1,single,"Inform someone in advance of an impending or possible danger, problem, or other unpleasant situation",,oxford3000,warns,third_person
warn,verb,B1,single,"Inform someone in advance of an impending or possible danger, problem, or other unpleasant situation",,oxford3000,warned,past
warn,verb,B1,single,"Inform someone in advance of an impending or possible danger, problem, or other unpleasant situation",,oxford3000,warning,gerund
warning,noun,B1,single,"A statement or event that indicates a possible or impending danger, problem, or other unpleasant situation",,oxford3000,warning,base
warning,noun,B1,single,"A statement or event that indicates a possible or impending danger, problem, or other unpleasant situation",,oxford3000,warnings,plural
wash,noun,A2,single,a thin coat of water-base paint,,oxford3000,wash,base
wash,noun,A2,single,a thin coat of water-base paint,,oxford3000,washes,plural
wash,verb,A1,single,"Clean with water and, typically, soap or detergent",,oxford3000,wash,base
wash,verb,A1,single,"Clean with water and, typically, soap or detergent",,oxford3000,washes,third_person
wash,verb,A1,single,"Clean with water and, typically, soap or detergent",,oxford3000,washed,past
wash,verb,A1,single,"Clean with water and, typically, soap or detergent",,oxford3000,washing,gerund
washing,noun,A2,single,the work of cleansing (usually with soap and water),,oxford3000,washing,base
washing,noun,A2,single,the work of cleansing (usually with soap and water),,oxford3000,washings,plural
waste,adj,B1,single,located in a dismal or remote area; desolate,,oxford3000,waste,base
waste,noun,B1,single,any materials unused and rejected as worthless or unwanted,,oxford3000,waste,base
waste,noun,B1,single,any materials unused and rejected as worthless or unwanted,,oxford3000,wastes,plural
waste,verb,B1,single,"Use or expend carelessly, extravagantly, or to no purpose",,oxford3000,waste,base
waste,verb,B1,single,"Use or expend carelessly, extravagantly, or to no purpose",,oxford3000,wastes,third_person
waste,verb,B1,single,"Use or expend carelessly, extravagantly, or to no purpose",,oxford3000,wasted,past
waste,verb,B1,single,"Use or expend carelessly, extravagantly, or to no purpose",,oxford3000,wasting,gerund
watch,noun,A1,single,a small portable timepiece,,oxford3000,watch,base
watch,noun,A1,single,a small portable timepiece,,oxford3000,watches,plural
watch,verb,A1,single,Look at or observe attentively over a period of time,,oxford3000,watch,base
watch,verb,A1,single,Look at or observe attentively over a period of time,,oxford3000,watches,third_person
watch,verb,A1,single,Look at or observe attentively over a period of time,,oxford3000,watched,past
watch,verb,A1,single,Look at or observe attentively over a period of time,,oxford3000,watching,gerund
water,noun,A1,single,"A clear, colorless, odorless, and tasteless liquid, essential for most plant and animal life and the most widely used solvent",,oxford3000,water,base
water,noun,A1,single,"A clear, colorless, odorless, and tasteless liquid, essential for most plant and animal life and the most widely used solvent",,oxford3000,waters,plural
water,verb,B1,single,"supply with water, as with channels or ditches or streams",,oxford3000,water,base
water,verb,B1,single,"supply with water, as with channels or ditches or streams",,oxford3000,waters,third_person
water,verb,B1,single,"supply with water, as with channels or ditches or streams",,oxford3000,watered,past
water,verb,B1,single,"supply with water, as with channels or ditches or streams",,oxford3000,watering,gerund
wave,noun,A2,single,one of a series of ridges that moves across the surface of a liquid (especially across a large body of water),,oxford3000,wave,base
wave,noun,A2,single,one of a series of ridges that moves across the surface of a liquid (especially across a large body of water),,oxford3000,waves,plural
wave,verb,B1,single,Move one's hand to and fro in greeting or as a signal,,oxford3000,wave,base
wave,verb,B1,single,Move one's hand to and fro in greeting or as a signal,,oxford3000,waves,third_person
wave,verb,B1,single,Move one's hand to and fro in greeting or as a signal,,oxford3000,waved,past
wave,verb,B1,single,Move one's hand to and fro in greeting or as a signal,,oxford3000,waving,gerund
way,adv,B2,single,to a great degree or by a great distance; very much (`right smart' is regional in the United States),,oxford3000,way,base
way,noun,A1,single,"A method, style, or manner of doing something; an approach to something",,oxford3000,way,base
way,noun,A1,single,"A method, style, or manner of doing something; an approach to something",,oxford3000,ways,plural
we,pron,A1,single,Used by a speaker to refer to himself or herself and one or more other people considered together,,oxford3000,we,base
weak,adj,A2,single,Lacking the power to perform physically demanding tasks; having little physical strength or energy,,oxford3000,weak,base
weak,adj,A2,single,Lacking the power to perform physically demanding tasks; having little physical strength or energy,,oxford3000,weaker,comparative
weak,adj,A2,single,Lacking the power to perform physically demanding tasks; having little physical strength or energy,,oxford3000,weakest,superlative
weakness,noun,B2,single,The state or condition of lacking strength,,oxford3000,weakness,base
weakness,noun,B2,single,The state or condition of lacking strength,,oxford3000,weaknesses,plural
wealth,noun,B2,single,An abundance of valuable possessions or money,,oxford3000,wealth,base
wealthy,adj,B2,single,having an abundant supply of money or possessions of value,,oxford3000,wealthy,base
wealthy,adj,B2,single,having an abundant supply of money or possessions of value,,oxford3000,wealthier,comparative
wealthy,adj,B2,single,having an abundant supply of money or possessions of value,,oxford3000,wealthiest,superlative
weapon,noun,B1,single,A thing designed or used for inflicting bodily harm or physical damage,,oxford3000,weapon,base
weapon,noun,B1,single,A thing designed or used for inflicting bodily harm or physical damage,,oxford3000,weapons,plural
wear,verb,A1,single,"Have on one's body or a part of one's body as clothing, decoration, protection, or for some other purpose",,oxford3000,wear,base
wear,verb,A1,single,"Have on one's body or a part of one's body as clothing, decoration, protection, or for some other purpose",,oxford3000,wears,third_person
wear,verb,A1,single,"Have on one's body or a part of one's body as clothing, decoration, protection, or for some other purpose",,oxford3000,wore,past
wear,verb,A1,single,"Have on one's body or a part of one's body as clothing, decoration, protection, or for some other purpose",,oxford3000,worn,past_participle
wear,verb,A1,single,"Have on one's body or a part of one's body as clothing, decoration, protection, or for some other purpose",,oxford3000,wearing,gerund
weather,noun,A1,single,"The state of the atmosphere at a place and time as regards heat, dryness, sunshine, wind, rain, etc.",,oxford3000,weather,base
web,noun,A2,single,"A network of fine threads constructed by a spider from fluid secreted by its spinnerets, used to catch its prey",,oxford3000,web,base
web,noun,A2,single,"A network of fine threads constructed by a spider from fluid secreted by its spinnerets, used to catch its prey",,oxford3000,webs,plural
website,noun,A1,single,A location connected to the Internet that maintains one or more pages on the World Wide Web,,oxford3000,website,base
wedding,noun,A2,single,"A marriage ceremony, especially considered as including the associated celebrations",,oxford3000,wedding,base
wedding,noun,A2,single,"A marriage ceremony, especially considered as including the associated celebrations",,oxford3000,weddings,plural
wednesday,noun,A1,single,the fourth day of the week; the third working day,,oxford3000,wednesday,base
week,noun,A1,single,A period of seven days,,oxford3000,week,base
week,noun,A1,single,A period of seven days,,oxford3000,weeks,plural
weekend,noun,A1,single,"The period from Friday evening through Sunday evening, especially regarded as a time for leisure",,oxford3000,weekend,base
weekend,noun,A1,single,"The period from Friday evening through Sunday evening, especially regarded as a time for leisure",,oxford3000,weekends,plural
weigh,verb,B1,single,"Find out how heavy (someone or something) is, typically using scales",,oxford3000,weigh,base
weigh,verb,B1,single,"Find out how heavy (someone or something) is, typically using scales",,oxford3000,weighs,third_person
weigh,verb,B1,single,"Find out how heavy (someone or something) is, typically using scales",,oxford3000,weighed,past
weigh,verb,B1,single,"Find out how heavy (someone or something) is, typically using scales",,oxford3000,weighing,gerund
weight,noun,A2,single,"A body's relative mass or the quantity of matter contained by it, giving rise to a downward force; the heaviness of a person or thing",,oxford3000,weight,base
weight,noun,A2,single,"A body's relative mass or the quantity of matter contained by it, giving rise to a downward force; the heaviness of a person or thing",,oxford3000,weights,plural
welcome,adj,A1,single,giving pleasure or satisfaction or received with pleasure or freely granted,,oxford3000,welcome,base
welcome,exclam,A1,single,"Greet (someone) in a glad, polite, or friendly way",,oxford3000,welcome,base
welcome,noun,A2,single,the state of being welcome,,oxford3000,welcome,base
welcome,noun,A2,single,the state of being welcome,,oxford3000,welcomes,plural
welcome,verb,A1,single,"Greet (someone) in a glad, polite, or friendly way",,oxford3000,welcome,base
welcome,verb,A1,single,"Greet (someone) in a glad, polite, or friendly way",,oxford3000,welcomes,third_person
welcome,verb,A1,single,"Greet (someone) in a glad, polite, or friendly way",,oxford3000,welcomed,past
welcome,verb,A1,single,"Greet (someone) in a glad, polite, or friendly way",,oxford3000,welcoming,gerund
well,adj,A1,single,in good health especially after having suffered illness or injury,,oxford3000,well,base
well,adj,A1,single,in good health especially after having suffered illness or injury,,oxford3000,better,comparative
well,adj,A1,single,in good health especially after having suffered illness or injury,,oxford3000,best,superlative
well,adv,A1,single,In a good or satisfactory way,,oxford3000,well,base
well,adv,A1,single,In a good or satisfactory way,,oxford3000,better,comparative
well,adv,A1,single,In a good or satisfactory way,,oxford3000,best,superlative
well,exclam,A1,single,In a good or satisfactory way,,oxford3000,well,base
west,adj,A1,single,situated in or facing or moving toward the west,,oxford3000,west,base
west,adv,A1,single,"to, toward, or in the west",,oxford3000,west,base
west,noun,A1,single,"The direction toward the point of the horizon where the sun sets at the equinoxes, on the left-hand side of a person facing north, or the part of the horizon lying in this direction",,oxford3000,west,base
western,adj,B1,single,"Living in or originating from the West, in particular Europe or the United States",,oxford3000,western,base
wet,adj,A2,single,Covered or saturated with water or another liquid,,oxford3000,wet,base
wet,adj,A2,single,Covered or saturated with water or another liquid,,oxford3000,wetter,comparative
wet,adj,A2,single,Covered or saturated with water or another liquid,,oxford3000,wettest,superlative
what,det,A1,single,Asking for information specifying something,,oxford3000,what,base
what,pron,A1,single,Asking for information specifying something,,oxford3000,what,base
whatever,det,B1,single,Used to emphasize a lack of restriction in referring to anything or amount,,oxford3000,whatever,base
whatever,pron,B1,single,Used to emphasize a lack of restriction in referring to anything or amount,,oxford3000,whatever,base
wheel,noun,A2,single,A circular object that revolves on an axle and forms part of a machine,,oxford3000,wheel,base
wheel,noun,A2,single,A circular object that revolves on an axle and forms part of a machine,,oxford3000,wheels,plural
when,adv,A1,single,At what time,,oxford3000,when,base
when,conj,A1,single,At what time,,oxford3000,when,base
when,pron,A1,single,At what time,,oxford3000,when,base
whenever,conj,B1,single,At whatever time; on whatever occasion,,oxford3000,whenever,base
where,adv,A1,single,In or to what place or position,,oxford3000,where,base
where,conj,A1,single,In or to what place or position,,oxford3000,where,base
whereas,conj,B2,single,In contrast or comparison with the fact that,,oxford3000,whereas,base
wherever,conj,B2,single,In or to any place or every place,,oxford3000,wherever,base
whether,conj,B1,single,Expressing a doubt or choice between alternatives,,oxford3000,whether,base
which,det,A1,single,Asking for information specifying one or more people or things from a definite set,,oxford3000,which,base
which,pron,A1,single,Asking for information specifying one or more people or things from a definite set,,oxford3000,which,base
while,conj,A2,single,A period of time,,oxford3000,while,base
while,noun,B1,single,A period of time,,oxford3000,while,base
whisper,noun,B2,single,speaking softly without vibration of the vocal cords,,oxford3000,whisper,base
whisper,noun,B2,single,speaking softly without vibration of the vocal cords,,oxford3000,whispers,plural
whisper,verb,B2,single,Speak very softly using one's breath without vocal cords,,oxford3000,whisper,base
whisper,verb,B2,single,Speak very softly using one's breath without vocal cords,,oxford3000,whispers,third_person
whisper,verb,B2,single,Speak very softly using one's breath without vocal cords,,oxford3000,whispered,past
whisper,verb,B2,single,Speak very softly using one's breath without vocal cords,,oxford3000,whispering,gerund
white,adj,A1,single,"Of the color of milk or fresh snow, due to the reflection of most wavelengths of visible light; the opposite of black",,oxford3000,white,base
white,adj,A1,single,"Of the color of milk or fresh snow, due to the reflection of most wavelengths of visible light; the opposite of black",,oxford3000,whiter,comparative
white,adj,A1,single,"Of the color of milk or fresh snow, due to the reflection of most wavelengths of visible light; the opposite of black",,oxford3000,whitest,superlative
white,noun,A1,single,a member of the Caucasoid race,,oxford3000,white,base
white,noun,A1,single,a member of the Caucasoid race,,oxford3000,whites,plural
who,pron,A1,single,What or which person or people,,oxford3000,who,base
whole,adj,A2,single,All of; entire,,oxford3000,whole,base
whole,noun,B1,single,all of something including all its component elements or parts,,oxford3000,whole,base
whole,noun,B1,single,all of something including all its component elements or parts,,oxford3000,wholes,plural
whom,pron,B2,single,Used instead of 'who' as the object of a verb or preposition,,oxford3000,whom,base
whose,det,A2,single,Belonging to or associated with which person,,oxford3000,whose,base
whose,pron,A2,single,Belonging to or associated with which person,,oxford3000,whose,base
why,adv,A1,single,For what reason or purpose,,oxford3000,why,base
wide,adj,A2,single,Of great or more than average width,,oxford3000,wide,base
wide,adj,A2,single,Of great or more than average width,,oxford3000,wider,comparative
wide,adj,A2,single,Of great or more than average width,,oxford3000,widest,superlative
widely,adv,B2,single,Over a large area or range; extensively,,oxford3000,widely,base
wife,noun,A1,single,A married woman considered in relation to her spouse,,oxford3000,wife,base
wife,noun,A1,single,A married woman considered in relation to her spouse,,oxford3000,wives,plural
wild,adj,A2,single,Living or growing in the natural environment; not domesticated or cultivated,,oxford3000,wild,base
wild,adj,A2,single,Living or growing in the natural environment; not domesticated or cultivated,,oxford3000,wilder,comparative
wild,adj,A2,single,Living or growing in the natural environment; not domesticated or cultivated,,oxford3000,wildest,superlative
wildlife,noun,B2,single,all living things (except people) that are undomesticated,,oxford3000,wildlife,base
will,noun,B1,single,the capability of conscious choice and decision and intention; - George Meredith,,oxford3000,will,base
will,verb,A1,single,Expressing the future tense,,oxford3000,will,base
will,verb,A1,single,Expressing the future tense,,oxford3000,would,past
willing,adj,B2,single,"Ready, eager, or prepared to do something",,oxford3000,willing,base
win,noun,B1,single,a victory (as in a race or other competition),,oxford3000,win,base
win,noun,B1,single,a victory (as in a race or other competition),,oxford3000,wins,plural
win,verb,A1,single,Be successful or victorious in (a contest or conflict),,oxford3000,win,base
win,verb,A1,single,Be successful or victorious in (a contest or conflict),,oxford3000,wins,third_person
win,verb,A1,single,Be successful or victorious in (a contest or conflict),,oxford3000,won,past
win,verb,A1,single,Be successful or victorious in (a contest or conflict),,oxford3000,winning,gerund
wind,noun,A2,single,air moving (sometimes with considerable force) from an area of high pressure to an area of low pressure,,oxford3000,wind,base
wind,noun,A2,single,air moving (sometimes with considerable force) from an area of high pressure to an area of low pressure,,oxford3000,winds,plural
wind,verb,B2,single,"to move or cause to move in a sinuous, spiral, or circular course",,oxford3000,wind,base
wind,verb,B2,single,"to move or cause to move in a sinuous, spiral, or circular course",,oxford3000,winds,third_person
wind,verb,B2,single,"to move or cause to move in a sinuous, spiral, or circular course",,oxford3000,wound,past
wind,verb,B2,single,"to move or cause to move in a sinuous, spiral, or circular course",,oxford3000,winded,past
wind,verb,B2,single,"to move or cause to move in a sinuous, spiral, or circular course",,oxford3000,winding,gerund
window,noun,A1,single,An opening in the wall or roof of a building or vehicle that is fitted with glass in a frame to admit light or air and allow people to see out,,oxford3000,window,base
window,noun,A1,single,An opening in the wall or roof of a building or vehicle that is fitted with glass in a frame to admit light or air and allow people to see out,,oxford3000,windows,plural
wine,noun,A1,single,An alcoholic drink made from fermented grape juice,,oxford3000,wine,base
wine,noun,A1,single,An alcoholic drink made from fermented grape juice,,oxford3000,wines,plural
wing,noun,B1,single,A part of a bird's or insect's body that is used for flying or gliding,,oxford3000,wing,base
wing,noun,B1,single,A part of a bird's or insect's body that is used for flying or gliding,,oxford3000,wings,plural
winner,noun,A2,single,"A person who has won something, especially through skill or effort",,oxford3000,winner,base
winner,noun,A2,single,"A person who has won something, especially through skill or effort",,oxford3000,winners,plural
winter,noun,A1,single,"The coldest season of the year, between autumn and spring",,oxford3000,winter,base
winter,noun,A1,single,"The coldest season of the year, between autumn and spring",,oxford3000,winters,plural
wire,noun,B2,single,ligament made of metal and used to fasten things or make cages or fences etc,,oxford3000,wire,base
wire,noun,B2,single,ligament made of metal and used to fasten things or make cages or fences etc,,oxford3000,wires,plural
wise,adj,B2,single,"Having or showing experience, knowledge, and good judgment",,oxford3000,wise,base
wise,adj,B2,single,"Having or showing experience, knowledge, and good judgment",,oxford3000,wiser,comparative
wise,adj,B2,single,"Having or showing experience, knowledge, and good judgment",,oxford3000,wisest,superlative
wish,noun,A2,single,a specific feeling of desire,,oxford3000,wish,base
wish,noun,A2,single,a specific feeling of desire,,oxford3000,wishes,plural
wish,verb,A2,single,Feel or express a strong desire or hope for something that is not easily attainable,,oxford3000,wish,base
wish,verb,A2,single,Feel or express a strong desire or hope for something that is not easily attainable,,oxford3000,wishes,third_person
wish,verb,A2,single,Feel or express a strong desire or hope for something that is not easily attainable,,oxford3000,wished,past
wish,verb,A2,single,Feel or express a strong desire or hope for something that is not easily attainable,,oxford3000,wishing,gerund
with,prep,A1,single,Accompanied by (another person or thing),,oxford3000,with,base
within,prep,B1,single,Inside (something),,oxford3000,within,base
without,prep,A1,single,In the absence of,,oxford3000,without,base
witness,noun,B2,single,"A person who sees an event, typically a crime or accident, take place",,oxford3000,witness,base
witness,noun,B2,single,"A person who sees an event, typically a crime or accident, take place",,oxford3000,witnesses,plural
witness,verb,B2,single,be a witness to,,oxford3000,witness,base
witness,verb,B2,single,be a witness to,,oxford3000,witnesses,third_person
witness,verb,B2,single,be a witness to,,oxford3000,witnessed,past
witness,verb,B2,single,be a witness to,,oxford3000,witnessing,gerund
woman,noun,A1,single,An adult human female,,oxford3000,woman,base
woman,noun,A1,single,An adult human female,,oxford3000,women,plural
wonder,noun,B1,single,the feeling aroused by something strange and surprising,,oxford3000,wonder,base
wonder,noun,B1,single,the feeling aroused by something strange and surprising,,oxford3000,wonders,plural
wonder,verb,B1,single,Desire or be curious to know something,,oxford3000,wonder,base
wonder,verb,B1,single,Desire or be curious to know something,,oxford3000,wonders,third_person
wonder,verb,B1,single,Desire or be curious to know something,,oxford3000,wondered,past
wonder,verb,B1,single,Desire or be curious to know something,,oxford3000,wondering,gerund
wonderful,adj,A1,single,"Inspiring delight, pleasure, or admiration; extremely good; marvelous",,oxford3000,wonderful,base
wood,noun,A2,single,"The hard fibrous material that forms the main substance of the trunk or branches of a tree or shrub, used for fuel or timber",,oxford3000,wood,base
wood,noun,A2,single,"The hard fibrous material that forms the main substance of the trunk or branches of a tree or shrub, used for fuel or timber",,oxford3000,woods,plural
wooden,adj,A2,single,Made of wood,,oxford3000,wooden,base
wool,noun,B1,single,The fine soft curly or wavy hair forming the coat of a sheep or other animal,,oxford3000,wool,base
wool,noun,B1,single,The fine soft curly or wavy hair forming the coat of a sheep or other animal,,oxford3000,wools,plural
word,noun,A1,single,"A single distinct meaningful element of speech or writing, used with others (or sometimes alone) to form a sentence and typically shown with a space on either side when written or printed",,oxford3000,word,base
word,noun,A1,single,"A single distinct meaningful element of speech or writing, used with others (or sometimes alone) to form a sentence and typically shown with a space on either side when written or printed",,oxford3000,words,plural
work,noun,A1,single,activity directed toward making or doing something,,oxford3000,work,base
work,noun,A1,single,activity directed toward making or doing something,,oxford3000,works,plural
work,verb,A1,single,Activity involving mental or physical effort done in order to achieve a purpose or result,,oxford3000,work,base
work,verb,A1,single,Activity involving mental or physical effort done in order to achieve a purpose or result,,oxford3000,works,third_person
work,verb,A1,single,Activity involving mental or physical effort done in order to achieve a purpose or result,,oxford3000,worked,past
work,verb,A1,single,Activity involving mental or physical effort done in order to achieve a purpose or result,,oxford3000,working,gerund
worker,noun,A1,single,A person who does a specified type of work or who works in a specified way,,oxford3000,worker,base
worker,noun,A1,single,A person who does a specified type of work or who works in a specified way,,oxford3000,workers,plural
working,adj,A2,single,"Engaged in physical or mental activity in order to achieve a purpose or result, especially in one's job; doing work",,oxford3000,working,base
world,noun,A1,single,"The earth, together with all of its countries and peoples",,oxford3000,world,base
world,noun,A1,single,"The earth, together with all of its countries and peoples",,oxford3000,worlds,plural
worldwide,adj,B1,single,spanning or extending throughout the entire world,,oxford3000,worldwide,base
worldwide,adv,B1,single,,,oxford3000,worldwide,base
worried,adj,A2,single,Anxious or troubled about actual or potential problems,,oxford3000,worried,base
worry,noun,B1,single,something or someone that causes anxiety; a source of unhappiness,,oxford3000,worry,base
worry,noun,B1,single,something or someone that causes anxiety; a source of unhappiness,,oxford3000,worries,plural
worry,verb,A2,single,Give way to anxiety or unease; allow one's mind to dwell on difficulty or troubles,,oxford3000,worry,base
worry,verb,A2,single,Give way to anxiety or unease; allow one's mind to dwell on difficulty or troubles,,oxford3000,worries,third_person
worry,verb,A2,single,Give way to anxiety or unease; allow one's mind to dwell on difficulty or troubles,,oxford3000,worried,past
worry,verb,A2,single,Give way to anxiety or unease; allow one's mind to dwell on difficulty or troubles,,oxford3000,worrying,gerund
worse,adj,A2,single,Of poorer quality or lower standard; less good or desirable,,oxford3000,worse,base
worse,adv,B1,single,(comparative of `ill') in a less effective or successful or desirable manner,,oxford3000,worse,base
worse,noun,B2,single,something inferior in quality or condition or effect,,oxford3000,worse,base
worst,adj,A2,single,Of the poorest quality or the lowest standard; worse than all others,,oxford3000,worst,base
worst,adv,B1,single,to the highest degree of inferiority or badness,,oxford3000,worst,base
worst,noun,B2,single,the least favorable outcome,,oxford3000,worst,base
worth,adj,B1,single,worthy of being treated in a particular way; ;  (often used ironically),,oxford3000,worth,base
worth,noun,B2,single,The value equivalent to that of someone or something under consideration; the level at which someone or something deserves to be valued or rated,,oxford3000,worth,base
would,verb,A1,single,"Expressing the conditional mood, indicating the consequence of an imagined event or situation",,oxford3000,would,base
wound,noun,B2,single,an injury to living tissue (especially an injury involving a cut or break in the skin),,oxford3000,wound,base
wound,noun,B2,single,an injury to living tissue (especially an injury involving a cut or break in the skin),,oxford3000,wounds,plural
wound,verb,B2,single,cause injuries or bodily harm to,,oxford3000,wound,base
wound,verb,B2,single,cause injuries or bodily harm to,,oxford3000,wounds,third_person
wound,verb,B2,single,cause injuries or bodily harm to,,oxford3000,wounded,past
wound,verb,B2,single,cause injuries or bodily harm to,,oxford3000,wounding,gerund
wow,exclam,A2,single,,,oxford3000,wow,base
wrap,verb,B2,single,Cover or enclose (someone or something) in paper or soft material,,oxford3000,wrap,base
wrap,verb,B2,single,Cover or enclose (someone or something) in paper or soft material,,oxford3000,wraps,third_person
wrap,verb,B2,single,Cover or enclose (someone or something) in paper or soft material,,oxford3000,wrapped,past
wrap,verb,B2,single,Cover or enclose (someone or something) in paper or soft material,,oxford3000,wrapping,gerund
write,verb,A1,single,"Mark (letters, words, or other symbols) on a surface, typically paper, with a pen, pencil, or similar implement",,oxford3000,write,base
write,verb,A1,single,"Mark (letters, words, or other symbols) on a surface, typically paper, with a pen, pencil, or similar implement",,oxford3000,writes,third_person
write,verb,A1,single,"Mark (letters, words, or other symbols) on a surface, typically paper, with a pen, pencil, or similar implement",,oxford3000,wrote,past
write,verb,A1,single,"Mark (letters, words, or other symbols) on a surface, typically paper, with a pen, pencil, or similar implement",,oxford3000,written,past_participle
write,verb,A1,single,"Mark (letters, words, or other symbols) on a surface, typically paper, with a pen, pencil, or similar implement",,oxford3000,writing,gerund
writer,noun,A1,single,A person who has written something or who writes in a particular way,,oxford3000,writer,base
writer,noun,A1,single,A person who has written something or who writes in a particular way,,oxford3000,writers,plural
writing,noun,A1,single,The activity or skill of marking coherent words on paper and composing text,,oxford3000,writing,base
written,adj,B1,single,Past participle of write,,oxford3000,written,base
wrong,adj,A1,single,Not correct or true; incorrect,,oxford3000,wrong,base
wrong,adj,A1,single,Not correct or true; incorrect,,oxford3000,worse,comparative
wrong,adj,A1,single,Not correct or true; incorrect,,oxford3000,worst,superlative
wrong,adv,B1,single,in an inaccurate manner,,oxford3000,wrong,base
wrong,noun,B2,single,that which is contrary to the principles of justice or law,,oxford3000,wrong,base
wrong,noun,B2,single,that which is contrary to the principles of justice or law,,oxford3000,wrongs,plural
yard,noun,B1,single,A unit of linear measure equal to 3 feet (0.9144 meter),,oxford3000,yard,base
yard,noun,B1,single,A unit of linear measure equal to 3 feet (0.9144 meter),,oxford3000,yards,plural
yeah,exclam,A1,single,Informal way of saying yes,,oxford3000,yeah,base
year,noun,A1,single,The time taken by the earth to make one revolution around the sun,,oxford3000,year,base
year,noun,A1,single,The time taken by the earth to make one revolution around the sun,,oxford3000,years,plural
yellow,adj,A1,single,"Of the color between green and orange in the spectrum, a primary subtractive color complementary to blue",,oxford3000,yellow,base
yellow,adj,A1,single,"Of the color between green and orange in the spectrum, a primary subtractive color complementary to blue",,oxford3000,yellower,comparative
yellow,adj,A1,single,"Of the color between green and orange in the spectrum, a primary subtractive color complementary to blue",,oxford3000,yellowest,superlative
yellow,noun,A1,single,yellow color or pigment; the chromatic color resembling the hue of sunflowers or ripe lemons,,oxford3000,yellow,base
yellow,noun,A1,single,yellow color or pigment; the chromatic color resembling the hue of sunflowers or ripe lemons,,oxford3000,yellows,plural
yes,exclam,A1,single,Used to give an affirmative response,,oxford3000,yes,base
yesterday,adv,A1,single,The day before today,,oxford3000,yesterday,base
yesterday,noun,A1,single,the day immediately before today,,oxford3000,yesterday,base
yesterday,noun,A1,single,the day immediately before today,,oxford3000,yesterdays,plural
yet,adv,A2,single,Up until the present or a specified or implied time; by now or then,,oxford3000,yet,base
yet,conj,B2,single,Up until the present or a specified or implied time; by now or then,,oxford3000,yet,base
you,pron,A1,single,Used to refer to the person or people that the speaker is addressing,,oxford3000,you,base
young,adj,A1,single,Having lived or existed for only a short time; not fully developed,,oxford3000,young,base
young,adj,A1,single,Having lived or existed for only a short time; not fully developed,,oxford3000,younger,comparative
young,adj,A1,single,Having lived or existed for only a short time; not fully developed,,oxford3000,youngest,superlative
young,noun,B1,single,any immature animal,,oxford3000,young,base
your,det,A1,single,Belonging to or associated with the person or people that the speaker is addressing,,oxford3000,your,base
yours,pron,A2,single,Used to refer to a thing or things belonging to or associated with the person or people that the speaker is addressing,,oxford3000,yours,base
yourself,pron,A1,single,Used to refer to the person being addressed as the object of a verb or preposition when they are also the subject of the clause,,oxford3000,yourself,base
youth,noun,B1,single,The period between childhood and adult age,,oxford3000,youth,base
youth,noun,B1,single,The period between childhood and adult age,,oxford3000,youths,plural
zero,number,A2,single,No quantity or number; naught; the figure 0,,oxford3000,zero,base
zone,noun,B2,single,"An area or stretch of land having a particular characteristic, purpose, or use, or subject to particular restrictions",,oxford3000,zone,base
zone,noun,B2,single,"An area or stretch of land having a particular characteristic, purpose, or use, or subject to particular restrictions",,oxford3000,zones,plural
